año;provincia;sector;subsector;tipo_de_gas;valor_toneladas_gas;valor_toneladas_co2e
2010;Buenos Aires;Agricultura y Ganaderia;3A. Fermentación entérica;CH4;72924.1;2041874.89
2010;Catamarca;Agricultura y Ganaderia;3A. Fermentación entérica;CH4;163.48;4577.37
2010;Córdoba;Agricultura y Ganaderia;3A. Fermentación entérica;CH4;95862.58;2684152.14
2010;Corrientes;Agricultura y Ganaderia;3A. Fermentación entérica;CH4;9.73;272.42
2010;Chaco;Agricultura y Ganaderia;3A. Fermentación entérica;CH4;17.96;502.92
2010;Chubut;Agricultura y Ganaderia;3A. Fermentación entérica;CH4;16.27;455.61
2010;Entre Ríos;Agricultura y Ganaderia;3A. Fermentación entérica;CH4;9545.84;267283.51
2010;Formosa;Agricultura y Ganaderia;3A. Fermentación entérica;CH4;2.06;57.58
2010;Jujuy;Agricultura y Ganaderia;3A. Fermentación entérica;CH4;11.01;308.38
2010;La Pampa;Agricultura y Ganaderia;3A. Fermentación entérica;CH4;3483.8;97546.44
2010;La Rioja;Agricultura y Ganaderia;3A. Fermentación entérica;CH4;0.93;26.15
2010;Mendoza;Agricultura y Ganaderia;3A. Fermentación entérica;CH4;35.44;992.36
2010;Misiones;Agricultura y Ganaderia;3A. Fermentación entérica;CH4;23.55;659.41
2010;Neuquén;Agricultura y Ganaderia;3A. Fermentación entérica;CH4;20.91;585.48
2010;Río Negro;Agricultura y Ganaderia;3A. Fermentación entérica;CH4;90.24;2526.81
2010;Salta;Agricultura y Ganaderia;3A. Fermentación entérica;CH4;834.49;23365.68
2010;San Juan;Agricultura y Ganaderia;3A. Fermentación entérica;CH4;0.53;14.91
2010;San Luis;Agricultura y Ganaderia;3A. Fermentación entérica;CH4;341.51;9562.42
2010;Santa Cruz;Agricultura y Ganaderia;3A. Fermentación entérica;CH4;50.98;1427.43
2010;Santa Fe;Agricultura y Ganaderia;3A. Fermentación entérica;CH4;79860.64;2236097.99
2010;Santiago del Estero;Agricultura y Ganaderia;3A. Fermentación entérica;CH4;3433.05;96125.31
2010;Tucumán;Agricultura y Ganaderia;3A. Fermentación entérica;CH4;688.41;19275.52
2010;Tierra del Fuego, Antártida e Islas del Atlántico Sur;Agricultura y Ganaderia;3A. Fermentación entérica;CH4;14.11;394.95
2010;Buenos Aires;Agricultura y Ganaderia;3B. Gestión del estiércol;CH4;8087.26;226443.32
2010;Catamarca;Agricultura y Ganaderia;3B. Gestión del estiércol;CH4;18.51;518.3
2010;Córdoba;Agricultura y Ganaderia;3B. Gestión del estiércol;CH4;13494.89;377856.79
2010;Corrientes;Agricultura y Ganaderia;3B. Gestión del estiércol;CH4;1.35;37.71
2010;Chaco;Agricultura y Ganaderia;3B. Gestión del estiércol;CH4;2.11;59.21
2010;Chubut;Agricultura y Ganaderia;3B. Gestión del estiércol;CH4;1.58;44.29
2010;Entre Ríos;Agricultura y Ganaderia;3B. Gestión del estiércol;CH4;1307.38;36606.56
2010;Formosa;Agricultura y Ganaderia;3B. Gestión del estiércol;CH4;0.25;7.09
2010;Jujuy;Agricultura y Ganaderia;3B. Gestión del estiércol;CH4;1.26;35.18
2010;La Pampa;Agricultura y Ganaderia;3B. Gestión del estiércol;CH4;400.47;11213.23
2010;La Rioja;Agricultura y Ganaderia;3B. Gestión del estiércol;CH4;0.1;2.83
2010;Mendoza;Agricultura y Ganaderia;3B. Gestión del estiércol;CH4;4.05;113.43
2010;Misiones;Agricultura y Ganaderia;3B. Gestión del estiércol;CH4;2.46;68.84
2010;Neuquén;Agricultura y Ganaderia;3B. Gestión del estiércol;CH4;2.08;58.23
2010;Río Negro;Agricultura y Ganaderia;3B. Gestión del estiércol;CH4;8.6;240.82
2010;Salta;Agricultura y Ganaderia;3B. Gestión del estiércol;CH4;100.55;2815.38
2010;San Juan;Agricultura y Ganaderia;3B. Gestión del estiércol;CH4;0.07;2.08
2010;San Luis;Agricultura y Ganaderia;3B. Gestión del estiércol;CH4;35.22;986.2
2010;Santa Cruz;Agricultura y Ganaderia;3B. Gestión del estiércol;CH4;5.41;151.5
2010;Santa Fe;Agricultura y Ganaderia;3B. Gestión del estiércol;CH4;10592.03;296576.73
2010;Santiago del Estero;Agricultura y Ganaderia;3B. Gestión del estiércol;CH4;442.64;12393.93
2010;Tucumán;Agricultura y Ganaderia;3B. Gestión del estiércol;CH4;88.66;2482.55
2010;Tierra del Fuego, Antártida e Islas del Atlántico Sur;Agricultura y Ganaderia;3B. Gestión del estiércol;CH4;0.72;20.26
2010;Buenos Aires;Agricultura y Ganaderia;3D. Suelos agrícolas;N2O;429.43;113800.22
2010;Catamarca;Agricultura y Ganaderia;3D. Suelos agrícolas;N2O;0.98;258.98
2010;Córdoba;Agricultura y Ganaderia;3D. Suelos agrícolas;N2O;564.28;149533.96
2010;Corrientes;Agricultura y Ganaderia;3D. Suelos agrícolas;N2O;0.06;15.08
2010;Chaco;Agricultura y Ganaderia;3D. Suelos agrícolas;N2O;0.11;28.51
2010;Chubut;Agricultura y Ganaderia;3D. Suelos agrícolas;N2O;0.1;25.59
2010;Entre Ríos;Agricultura y Ganaderia;3D. Suelos agrícolas;N2O;56.39;14943.41
2010;Formosa;Agricultura y Ganaderia;3D. Suelos agrícolas;N2O;0.01;3.24
2010;Jujuy;Agricultura y Ganaderia;3D. Suelos agrícolas;N2O;0.07;17.43
2010;La Pampa;Agricultura y Ganaderia;3D. Suelos agrícolas;N2O;20.53;5441.22
2010;La Rioja;Agricultura y Ganaderia;3D. Suelos agrícolas;N2O;0.01;1.5
2010;Mendoza;Agricultura y Ganaderia;3D. Suelos agrícolas;N2O;0.21;56.29
2010;Misiones;Agricultura y Ganaderia;3D. Suelos agrícolas;N2O;0.14;37.92
2010;Neuquén;Agricultura y Ganaderia;3D. Suelos agrícolas;N2O;0.12;32.83
2010;Río Negro;Agricultura y Ganaderia;3D. Suelos agrícolas;N2O;0.54;142.1
2010;Salta;Agricultura y Ganaderia;3D. Suelos agrícolas;N2O;4.93;1307.1
2010;San Juan;Agricultura y Ganaderia;3D. Suelos agrícolas;N2O;0.0;0.82
2010;San Luis;Agricultura y Ganaderia;3D. Suelos agrícolas;N2O;2.03;536.98
2010;Santa Cruz;Agricultura y Ganaderia;3D. Suelos agrícolas;N2O;0.3;79.13
2010;Santa Fe;Agricultura y Ganaderia;3D. Suelos agrícolas;N2O;472.1;125105.97
2010;Santiago del Estero;Agricultura y Ganaderia;3D. Suelos agrícolas;N2O;20.26;5367.97
2010;Tucumán;Agricultura y Ganaderia;3D. Suelos agrícolas;N2O;4.02;1065.87
2010;Tierra del Fuego, Antártida e Islas del Atlántico Sur;Agricultura y Ganaderia;3D. Suelos agrícolas;N2O;0.09;23.67
2010;Buenos Aires;Agricultura y Ganaderia;3B. Gestión del estiércol;N2O;31.06;8231.2
2010;Catamarca;Agricultura y Ganaderia;3B. Gestión del estiércol;N2O;0.06;16.34
2010;Córdoba;Agricultura y Ganaderia;3B. Gestión del estiércol;N2O;41.02;10871.38
2010;Corrientes;Agricultura y Ganaderia;3B. Gestión del estiércol;N2O;0.0;1.16
2010;Chaco;Agricultura y Ganaderia;3B. Gestión del estiércol;N2O;0.01;1.8
2010;Chubut;Agricultura y Ganaderia;3B. Gestión del estiércol;N2O;0.01;1.76
2010;Entre Ríos;Agricultura y Ganaderia;3B. Gestión del estiércol;N2O;3.97;1053.01
2010;Formosa;Agricultura y Ganaderia;3B. Gestión del estiércol;N2O;0.0;0.22
2010;Jujuy;Agricultura y Ganaderia;3B. Gestión del estiércol;N2O;0.0;1.14
2010;La Pampa;Agricultura y Ganaderia;3B. Gestión del estiércol;N2O;1.47;390.21
2010;La Rioja;Agricultura y Ganaderia;3B. Gestión del estiércol;N2O;0.0;0.09
2010;Mendoza;Agricultura y Ganaderia;3B. Gestión del estiércol;N2O;0.01;3.58
2010;Misiones;Agricultura y Ganaderia;3B. Gestión del estiércol;N2O;0.01;2.06
2010;Neuquén;Agricultura y Ganaderia;3B. Gestión del estiércol;N2O;0.01;2.32
2010;Río Negro;Agricultura y Ganaderia;3B. Gestión del estiércol;N2O;0.04;9.54
2010;Salta;Agricultura y Ganaderia;3B. Gestión del estiércol;N2O;0.35;91.79
2010;San Juan;Agricultura y Ganaderia;3B. Gestión del estiércol;N2O;0.0;0.07
2010;San Luis;Agricultura y Ganaderia;3B. Gestión del estiércol;N2O;0.14;36.32
2010;Santa Cruz;Agricultura y Ganaderia;3B. Gestión del estiércol;N2O;0.02;6.08
2010;Santa Fe;Agricultura y Ganaderia;3B. Gestión del estiércol;N2O;33.06;8760.35
2010;Santiago del Estero;Agricultura y Ganaderia;3B. Gestión del estiércol;N2O;1.45;383.9
2010;Tucumán;Agricultura y Ganaderia;3B. Gestión del estiércol;N2O;0.31;82.58
2010;Tierra del Fuego, Antártida e Islas del Atlántico Sur;Agricultura y Ganaderia;3B. Gestión del estiércol;N2O;0.0;0.72
2011;Buenos Aires;Agricultura y Ganaderia;3A. Fermentación entérica;CH4;76881.46;2152680.89
2011;Catamarca;Agricultura y Ganaderia;3A. Fermentación entérica;CH4;187.08;5238.38
2011;Córdoba;Agricultura y Ganaderia;3A. Fermentación entérica;CH4;96060.1;2689682.68
2011;Corrientes;Agricultura y Ganaderia;3A. Fermentación entérica;CH4;12.65;354.3
2011;Chaco;Agricultura y Ganaderia;3A. Fermentación entérica;CH4;1.13;31.77
2011;Chubut;Agricultura y Ganaderia;3A. Fermentación entérica;CH4;23.9;669.27
2011;Entre Ríos;Agricultura y Ganaderia;3A. Fermentación entérica;CH4;9907.49;277409.76
2011;Formosa;Agricultura y Ganaderia;3A. Fermentación entérica;CH4;2.02;56.54
2011;Jujuy;Agricultura y Ganaderia;3A. Fermentación entérica;CH4;16.54;463.24
2011;La Pampa;Agricultura y Ganaderia;3A. Fermentación entérica;CH4;4274.68;119690.98
2011;La Rioja;Agricultura y Ganaderia;3A. Fermentación entérica;CH4;0.96;26.87
2011;Mendoza;Agricultura y Ganaderia;3A. Fermentación entérica;CH4;37.98;1063.37
2011;Misiones;Agricultura y Ganaderia;3A. Fermentación entérica;CH4;15.72;440.16
2011;Neuquén;Agricultura y Ganaderia;3A. Fermentación entérica;CH4;41.26;1155.4
2011;Río Negro;Agricultura y Ganaderia;3A. Fermentación entérica;CH4;97.68;2735.11
2011;Salta;Agricultura y Ganaderia;3A. Fermentación entérica;CH4;878.53;24598.71
2011;San Juan;Agricultura y Ganaderia;3A. Fermentación entérica;CH4;0.55;15.45
2011;San Luis;Agricultura y Ganaderia;3A. Fermentación entérica;CH4;247.69;6935.37
2011;Santa Cruz;Agricultura y Ganaderia;3A. Fermentación entérica;CH4;71.9;2013.22
2011;Santa Fe;Agricultura y Ganaderia;3A. Fermentación entérica;CH4;79798.05;2234345.41
2011;Santiago del Estero;Agricultura y Ganaderia;3A. Fermentación entérica;CH4;3680.38;103050.73
2011;Tucumán;Agricultura y Ganaderia;3A. Fermentación entérica;CH4;819.58;22948.13
2011;Tierra del Fuego, Antártida e Islas del Atlántico Sur;Agricultura y Ganaderia;3A. Fermentación entérica;CH4;7.36;206.05
2011;Buenos Aires;Agricultura y Ganaderia;3B. Gestión del estiércol;CH4;8618.31;241312.67
2011;Catamarca;Agricultura y Ganaderia;3B. Gestión del estiércol;CH4;21.33;597.1
2011;Córdoba;Agricultura y Ganaderia;3B. Gestión del estiércol;CH4;13571.05;379989.33
2011;Corrientes;Agricultura y Ganaderia;3B. Gestión del estiércol;CH4;1.54;43.2
2011;Chaco;Agricultura y Ganaderia;3B. Gestión del estiércol;CH4;0.16;4.41
2011;Chubut;Agricultura y Ganaderia;3B. Gestión del estiércol;CH4;2.4;67.31
2011;Entre Ríos;Agricultura y Ganaderia;3B. Gestión del estiércol;CH4;1384.98;38779.42
2011;Formosa;Agricultura y Ganaderia;3B. Gestión del estiércol;CH4;0.25;6.98
2011;Jujuy;Agricultura y Ganaderia;3B. Gestión del estiércol;CH4;1.99;55.63
2011;La Pampa;Agricultura y Ganaderia;3B. Gestión del estiércol;CH4;483.82;13547.03
2011;La Rioja;Agricultura y Ganaderia;3B. Gestión del estiércol;CH4;0.11;2.95
2011;Mendoza;Agricultura y Ganaderia;3B. Gestión del estiércol;CH4;4.53;126.86
2011;Misiones;Agricultura y Ganaderia;3B. Gestión del estiércol;CH4;1.98;55.51
2011;Neuquén;Agricultura y Ganaderia;3B. Gestión del estiércol;CH4;4.06;113.75
2011;Río Negro;Agricultura y Ganaderia;3B. Gestión del estiércol;CH4;9.55;267.29
2011;Salta;Agricultura y Ganaderia;3B. Gestión del estiércol;CH4;107.85;3019.83
2011;San Juan;Agricultura y Ganaderia;3B. Gestión del estiércol;CH4;0.08;2.16
2011;San Luis;Agricultura y Ganaderia;3B. Gestión del estiércol;CH4;26.63;745.72
2011;Santa Cruz;Agricultura y Ganaderia;3B. Gestión del estiércol;CH4;6.19;173.19
2011;Santa Fe;Agricultura y Ganaderia;3B. Gestión del estiércol;CH4;10718.88;300128.69
2011;Santiago del Estero;Agricultura y Ganaderia;3B. Gestión del estiércol;CH4;483.17;13528.83
2011;Tucumán;Agricultura y Ganaderia;3B. Gestión del estiércol;CH4;104.15;2916.14
2011;Tierra del Fuego, Antártida e Islas del Atlántico Sur;Agricultura y Ganaderia;3B. Gestión del estiércol;CH4;0.4;11.29
2011;Buenos Aires;Agricultura y Ganaderia;3D. Suelos agrícolas;N2O;451.86;119743.91
2011;Catamarca;Agricultura y Ganaderia;3D. Suelos agrícolas;N2O;1.12;296.24
2011;Córdoba;Agricultura y Ganaderia;3D. Suelos agrícolas;N2O;565.07;149743.74
2011;Corrientes;Agricultura y Ganaderia;3D. Suelos agrícolas;N2O;0.08;19.98
2011;Chaco;Agricultura y Ganaderia;3D. Suelos agrícolas;N2O;0.01;1.77
2011;Chubut;Agricultura y Ganaderia;3D. Suelos agrícolas;N2O;0.14;37.46
2011;Entre Ríos;Agricultura y Ganaderia;3D. Suelos agrícolas;N2O;58.36;15464.37
2011;Formosa;Agricultura y Ganaderia;3D. Suelos agrícolas;N2O;0.01;3.19
2011;Jujuy;Agricultura y Ganaderia;3D. Suelos agrícolas;N2O;0.1;26.01
2011;La Pampa;Agricultura y Ganaderia;3D. Suelos agrícolas;N2O;25.26;6694.4
2011;La Rioja;Agricultura y Ganaderia;3D. Suelos agrícolas;N2O;0.01;1.54
2011;Mendoza;Agricultura y Ganaderia;3D. Suelos agrícolas;N2O;0.23;59.92
2011;Misiones;Agricultura y Ganaderia;3D. Suelos agrícolas;N2O;0.09;24.72
2011;Neuquén;Agricultura y Ganaderia;3D. Suelos agrícolas;N2O;0.25;64.93
2011;Río Negro;Agricultura y Ganaderia;3D. Suelos agrícolas;N2O;0.58;153.21
2011;Salta;Agricultura y Ganaderia;3D. Suelos agrícolas;N2O;5.18;1372.5
2011;San Juan;Agricultura y Ganaderia;3D. Suelos agrícolas;N2O;0.0;0.85
2011;San Luis;Agricultura y Ganaderia;3D. Suelos agrícolas;N2O;1.46;387.3
2011;Santa Cruz;Agricultura y Ganaderia;3D. Suelos agrícolas;N2O;0.44;116.8
2011;Santa Fe;Agricultura y Ganaderia;3D. Suelos agrícolas;N2O;470.85;124774.66
2011;Santiago del Estero;Agricultura y Ganaderia;3D. Suelos agrícolas;N2O;21.66;5739.55
2011;Tucumán;Agricultura y Ganaderia;3D. Suelos agrícolas;N2O;4.8;1271.57
2011;Tierra del Fuego, Antártida e Islas del Atlántico Sur;Agricultura y Ganaderia;3D. Suelos agrícolas;N2O;0.05;12.3
2011;Buenos Aires;Agricultura y Ganaderia;3B. Gestión del estiércol;N2O;33.21;8800.98
2011;Catamarca;Agricultura y Ganaderia;3B. Gestión del estiércol;N2O;0.07;18.84
2011;Córdoba;Agricultura y Ganaderia;3B. Gestión del estiércol;N2O;41.26;10933.89
2011;Corrientes;Agricultura y Ganaderia;3B. Gestión del estiércol;N2O;0.0;1.31
2011;Chaco;Agricultura y Ganaderia;3B. Gestión del estiércol;N2O;0.0;0.14
2011;Chubut;Agricultura y Ganaderia;3B. Gestión del estiércol;N2O;0.01;2.68
2011;Entre Ríos;Agricultura y Ganaderia;3B. Gestión del estiércol;N2O;4.22;1117.35
2011;Formosa;Agricultura y Ganaderia;3B. Gestión del estiércol;N2O;0.0;0.21
2011;Jujuy;Agricultura y Ganaderia;3B. Gestión del estiércol;N2O;0.01;1.81
2011;La Pampa;Agricultura y Ganaderia;3B. Gestión del estiércol;N2O;1.77;469.28
2011;La Rioja;Agricultura y Ganaderia;3B. Gestión del estiércol;N2O;0.0;0.09
2011;Mendoza;Agricultura y Ganaderia;3B. Gestión del estiércol;N2O;0.02;4.02
2011;Misiones;Agricultura y Ganaderia;3B. Gestión del estiércol;N2O;0.01;1.69
2011;Neuquén;Agricultura y Ganaderia;3B. Gestión del estiércol;N2O;0.02;4.52
2011;Río Negro;Agricultura y Ganaderia;3B. Gestión del estiércol;N2O;0.04;10.62
2011;Salta;Agricultura y Ganaderia;3B. Gestión del estiércol;N2O;0.37;98.62
2011;San Juan;Agricultura y Ganaderia;3B. Gestión del estiércol;N2O;0.0;0.07
2011;San Luis;Agricultura y Ganaderia;3B. Gestión del estiércol;N2O;0.1;27.59
2011;Santa Cruz;Agricultura y Ganaderia;3B. Gestión del estiércol;N2O;0.03;6.77
2011;Santa Fe;Agricultura y Ganaderia;3B. Gestión del estiércol;N2O;33.48;8872.39
2011;Santiago del Estero;Agricultura y Ganaderia;3B. Gestión del estiércol;N2O;1.58;419.69
2011;Tucumán;Agricultura y Ganaderia;3B. Gestión del estiércol;N2O;0.37;96.88
2011;Tierra del Fuego, Antártida e Islas del Atlántico Sur;Agricultura y Ganaderia;3B. Gestión del estiércol;N2O;0.0;0.41
2012;Buenos Aires;Agricultura y Ganaderia;3A. Fermentación entérica;CH4;79776.63;2233745.6
2012;Catamarca;Agricultura y Ganaderia;3A. Fermentación entérica;CH4;287.52;8050.56
2012;Córdoba;Agricultura y Ganaderia;3A. Fermentación entérica;CH4;91777.65;2569774.07
2012;Corrientes;Agricultura y Ganaderia;3A. Fermentación entérica;CH4;13.19;369.3
2012;Chaco;Agricultura y Ganaderia;3A. Fermentación entérica;CH4;30.64;857.85
2012;Chubut;Agricultura y Ganaderia;3A. Fermentación entérica;CH4;20.85;583.88
2012;Entre Ríos;Agricultura y Ganaderia;3A. Fermentación entérica;CH4;10282.01;287896.2
2012;Formosa;Agricultura y Ganaderia;3A. Fermentación entérica;CH4;1.87;52.24
2012;Jujuy;Agricultura y Ganaderia;3A. Fermentación entérica;CH4;11.03;308.7
2012;La Pampa;Agricultura y Ganaderia;3A. Fermentación entérica;CH4;4275.23;119706.34
2012;La Rioja;Agricultura y Ganaderia;3A. Fermentación entérica;CH4;0.54;15.13
2012;Mendoza;Agricultura y Ganaderia;3A. Fermentación entérica;CH4;54.67;1530.8
2012;Misiones;Agricultura y Ganaderia;3A. Fermentación entérica;CH4;28.15;788.34
2012;Neuquén;Agricultura y Ganaderia;3A. Fermentación entérica;CH4;28.71;803.92
2012;Río Negro;Agricultura y Ganaderia;3A. Fermentación entérica;CH4;120.02;3360.66
2012;Salta;Agricultura y Ganaderia;3A. Fermentación entérica;CH4;923.18;25849.1
2012;San Juan;Agricultura y Ganaderia;3A. Fermentación entérica;CH4;8.45;236.61
2012;San Luis;Agricultura y Ganaderia;3A. Fermentación entérica;CH4;221.5;6202.12
2012;Santa Cruz;Agricultura y Ganaderia;3A. Fermentación entérica;CH4;78.85;2207.81
2012;Santa Fe;Agricultura y Ganaderia;3A. Fermentación entérica;CH4;86122.94;2411442.32
2012;Santiago del Estero;Agricultura y Ganaderia;3A. Fermentación entérica;CH4;3481.66;97486.57
2012;Tucumán;Agricultura y Ganaderia;3A. Fermentación entérica;CH4;746.36;20897.97
2012;Tierra del Fuego, Antártida e Islas del Atlántico Sur;Agricultura y Ganaderia;3A. Fermentación entérica;CH4;12.2;341.65
2012;Buenos Aires;Agricultura y Ganaderia;3B. Gestión del estiércol;CH4;8952.45;250668.72
2012;Catamarca;Agricultura y Ganaderia;3B. Gestión del estiércol;CH4;30.53;854.79
2012;Córdoba;Agricultura y Ganaderia;3B. Gestión del estiércol;CH4;12990.37;363730.45
2012;Corrientes;Agricultura y Ganaderia;3B. Gestión del estiércol;CH4;1.59;44.62
2012;Chaco;Agricultura y Ganaderia;3B. Gestión del estiércol;CH4;3.78;105.83
2012;Chubut;Agricultura y Ganaderia;3B. Gestión del estiércol;CH4;2.27;63.67
2012;Entre Ríos;Agricultura y Ganaderia;3B. Gestión del estiércol;CH4;1430.11;40043.16
2012;Formosa;Agricultura y Ganaderia;3B. Gestión del estiércol;CH4;0.2;5.57
2012;Jujuy;Agricultura y Ganaderia;3B. Gestión del estiércol;CH4;1.36;37.97
2012;La Pampa;Agricultura y Ganaderia;3B. Gestión del estiércol;CH4;493.06;13805.62
2012;La Rioja;Agricultura y Ganaderia;3B. Gestión del estiércol;CH4;0.05;1.48
2012;Mendoza;Agricultura y Ganaderia;3B. Gestión del estiércol;CH4;6.35;177.9
2012;Misiones;Agricultura y Ganaderia;3B. Gestión del estiércol;CH4;3.23;90.56
2012;Neuquén;Agricultura y Ganaderia;3B. Gestión del estiércol;CH4;2.88;80.66
2012;Río Negro;Agricultura y Ganaderia;3B. Gestión del estiércol;CH4;11.67;326.63
2012;Salta;Agricultura y Ganaderia;3B. Gestión del estiércol;CH4;114.44;3204.25
2012;San Juan;Agricultura y Ganaderia;3B. Gestión del estiércol;CH4;0.9;25.31
2012;San Luis;Agricultura y Ganaderia;3B. Gestión del estiércol;CH4;23.03;644.77
2012;Santa Cruz;Agricultura y Ganaderia;3B. Gestión del estiércol;CH4;7.4;207.28
2012;Santa Fe;Agricultura y Ganaderia;3B. Gestión del estiércol;CH4;11605.77;324961.69
2012;Santiago del Estero;Agricultura y Ganaderia;3B. Gestión del estiércol;CH4;461.58;12924.23
2012;Tucumán;Agricultura y Ganaderia;3B. Gestión del estiércol;CH4;90.77;2541.55
2012;Tierra del Fuego, Antártida e Islas del Atlántico Sur;Agricultura y Ganaderia;3B. Gestión del estiércol;CH4;0.48;13.54
2012;Buenos Aires;Agricultura y Ganaderia;3D. Suelos agrícolas;N2O;468.82;124236.18
2012;Catamarca;Agricultura y Ganaderia;3D. Suelos agrícolas;N2O;1.73;459.03
2012;Córdoba;Agricultura y Ganaderia;3D. Suelos agrícolas;N2O;539.72;143025.85
2012;Corrientes;Agricultura y Ganaderia;3D. Suelos agrícolas;N2O;0.08;20.84
2012;Chaco;Agricultura y Ganaderia;3D. Suelos agrícolas;N2O;0.18;48.37
2012;Chubut;Agricultura y Ganaderia;3D. Suelos agrícolas;N2O;0.12;32.29
2012;Entre Ríos;Agricultura y Ganaderia;3D. Suelos agrícolas;N2O;60.61;16061.21
2012;Formosa;Agricultura y Ganaderia;3D. Suelos agrícolas;N2O;0.01;3.0
2012;Jujuy;Agricultura y Ganaderia;3D. Suelos agrícolas;N2O;0.07;17.25
2012;La Pampa;Agricultura y Ganaderia;3D. Suelos agrícolas;N2O;25.17;6669.85
2012;La Rioja;Agricultura y Ganaderia;3D. Suelos agrícolas;N2O;0.0;0.88
2012;Mendoza;Agricultura y Ganaderia;3D. Suelos agrícolas;N2O;0.33;86.44
2012;Misiones;Agricultura y Ganaderia;3D. Suelos agrícolas;N2O;0.17;44.74
2012;Neuquén;Agricultura y Ganaderia;3D. Suelos agrícolas;N2O;0.17;45.13
2012;Río Negro;Agricultura y Ganaderia;3D. Suelos agrícolas;N2O;0.71;188.47
2012;Salta;Agricultura y Ganaderia;3D. Suelos agrícolas;N2O;5.43;1439.84
2012;San Juan;Agricultura y Ganaderia;3D. Suelos agrícolas;N2O;0.05;13.5
2012;San Luis;Agricultura y Ganaderia;3D. Suelos agrícolas;N2O;1.31;347.85
2012;Santa Cruz;Agricultura y Ganaderia;3D. Suelos agrícolas;N2O;0.48;125.97
2012;Santa Fe;Agricultura y Ganaderia;3D. Suelos agrícolas;N2O;507.96;134609.35
2012;Santiago del Estero;Agricultura y Ganaderia;3D. Suelos agrícolas;N2O;20.46;5421.83
2012;Tucumán;Agricultura y Ganaderia;3D. Suelos agrícolas;N2O;4.4;1165.03
2012;Tierra del Fuego, Antártida e Islas del Atlántico Sur;Agricultura y Ganaderia;3D. Suelos agrícolas;N2O;0.08;20.86
2012;Buenos Aires;Agricultura y Ganaderia;3B. Gestión del estiércol;N2O;34.49;9139.27
2012;Catamarca;Agricultura y Ganaderia;3B. Gestión del estiércol;N2O;0.1;26.77
2012;Córdoba;Agricultura y Ganaderia;3B. Gestión del estiércol;N2O;39.5;10468.7
2012;Corrientes;Agricultura y Ganaderia;3B. Gestión del estiércol;N2O;0.01;1.36
2012;Chaco;Agricultura y Ganaderia;3B. Gestión del estiércol;N2O;0.01;3.22
2012;Chubut;Agricultura y Ganaderia;3B. Gestión del estiércol;N2O;0.01;2.56
2012;Entre Ríos;Agricultura y Ganaderia;3B. Gestión del estiércol;N2O;4.35;1153.3
2012;Formosa;Agricultura y Ganaderia;3B. Gestión del estiércol;N2O;0.0;0.17
2012;Jujuy;Agricultura y Ganaderia;3B. Gestión del estiércol;N2O;0.0;1.24
2012;La Pampa;Agricultura y Ganaderia;3B. Gestión del estiércol;N2O;1.82;482.95
2012;La Rioja;Agricultura y Ganaderia;3B. Gestión del estiércol;N2O;0.0;0.05
2012;Mendoza;Agricultura y Ganaderia;3B. Gestión del estiércol;N2O;0.02;5.62
2012;Misiones;Agricultura y Ganaderia;3B. Gestión del estiércol;N2O;0.01;2.74
2012;Neuquén;Agricultura y Ganaderia;3B. Gestión del estiércol;N2O;0.01;3.21
2012;Río Negro;Agricultura y Ganaderia;3B. Gestión del estiércol;N2O;0.05;12.97
2012;Salta;Agricultura y Ganaderia;3B. Gestión del estiércol;N2O;0.4;104.74
2012;San Juan;Agricultura y Ganaderia;3B. Gestión del estiércol;N2O;0.0;0.79
2012;San Luis;Agricultura y Ganaderia;3B. Gestión del estiércol;N2O;0.09;23.77
2012;Santa Cruz;Agricultura y Ganaderia;3B. Gestión del estiércol;N2O;0.03;8.2
2012;Santa Fe;Agricultura y Ganaderia;3B. Gestión del estiércol;N2O;36.26;9609.5
2012;Santiago del Estero;Agricultura y Ganaderia;3B. Gestión del estiércol;N2O;1.51;401.27
2012;Tucumán;Agricultura y Ganaderia;3B. Gestión del estiércol;N2O;0.32;84.11
2012;Tierra del Fuego, Antártida e Islas del Atlántico Sur;Agricultura y Ganaderia;3B. Gestión del estiércol;N2O;0.0;0.45
2013;Buenos Aires;Agricultura y Ganaderia;3A. Fermentación entérica;CH4;75347.46;2109728.98
2013;Catamarca;Agricultura y Ganaderia;3A. Fermentación entérica;CH4;262.15;7340.23
2013;Córdoba;Agricultura y Ganaderia;3A. Fermentación entérica;CH4;94553.83;2647507.12
2013;Corrientes;Agricultura y Ganaderia;3A. Fermentación entérica;CH4;12.69;355.3
2013;Chaco;Agricultura y Ganaderia;3A. Fermentación entérica;CH4;10.24;286.76
2013;Chubut;Agricultura y Ganaderia;3A. Fermentación entérica;CH4;43.43;1215.93
2013;Entre Ríos;Agricultura y Ganaderia;3A. Fermentación entérica;CH4;10527.13;294759.75
2013;Formosa;Agricultura y Ganaderia;3A. Fermentación entérica;CH4;5.99;167.8
2013;Jujuy;Agricultura y Ganaderia;3A. Fermentación entérica;CH4;45.18;1265.02
2013;La Pampa;Agricultura y Ganaderia;3A. Fermentación entérica;CH4;4915.95;137646.66
2013;La Rioja;Agricultura y Ganaderia;3A. Fermentación entérica;CH4;0.71;19.97
2013;Mendoza;Agricultura y Ganaderia;3A. Fermentación entérica;CH4;39.3;1100.39
2013;Misiones;Agricultura y Ganaderia;3A. Fermentación entérica;CH4;25.65;718.15
2013;Neuquén;Agricultura y Ganaderia;3A. Fermentación entérica;CH4;35.01;980.21
2013;Río Negro;Agricultura y Ganaderia;3A. Fermentación entérica;CH4;129.63;3629.64
2013;Salta;Agricultura y Ganaderia;3A. Fermentación entérica;CH4;972.21;27221.94
2013;San Juan;Agricultura y Ganaderia;3A. Fermentación entérica;CH4;8.33;233.34
2013;San Luis;Agricultura y Ganaderia;3A. Fermentación entérica;CH4;453.76;12705.14
2013;Santa Cruz;Agricultura y Ganaderia;3A. Fermentación entérica;CH4;18.55;519.43
2013;Santa Fe;Agricultura y Ganaderia;3A. Fermentación entérica;CH4;86355.14;2417944.04
2013;Santiago del Estero;Agricultura y Ganaderia;3A. Fermentación entérica;CH4;3881.98;108695.58
2013;Tucumán;Agricultura y Ganaderia;3A. Fermentación entérica;CH4;734.22;20558.24
2013;Tierra del Fuego, Antártida e Islas del Atlántico Sur;Agricultura y Ganaderia;3A. Fermentación entérica;CH4;10.31;288.73
2013;Buenos Aires;Agricultura y Ganaderia;3B. Gestión del estiércol;CH4;8364.89;234216.86
2013;Catamarca;Agricultura y Ganaderia;3B. Gestión del estiércol;CH4;28.92;809.82
2013;Córdoba;Agricultura y Ganaderia;3B. Gestión del estiércol;CH4;13376.85;374551.74
2013;Corrientes;Agricultura y Ganaderia;3B. Gestión del estiércol;CH4;1.58;44.21
2013;Chaco;Agricultura y Ganaderia;3B. Gestión del estiércol;CH4;1.32;36.88
2013;Chubut;Agricultura y Ganaderia;3B. Gestión del estiércol;CH4;4.41;123.45
2013;Entre Ríos;Agricultura y Ganaderia;3B. Gestión del estiércol;CH4;1455.96;40766.91
2013;Formosa;Agricultura y Ganaderia;3B. Gestión del estiércol;CH4;0.7;19.67
2013;Jujuy;Agricultura y Ganaderia;3B. Gestión del estiércol;CH4;5.85;163.71
2013;La Pampa;Agricultura y Ganaderia;3B. Gestión del estiércol;CH4;558.76;15645.22
2013;La Rioja;Agricultura y Ganaderia;3B. Gestión del estiércol;CH4;0.08;2.15
2013;Mendoza;Agricultura y Ganaderia;3B. Gestión del estiércol;CH4;4.96;138.84
2013;Misiones;Agricultura y Ganaderia;3B. Gestión del estiércol;CH4;3.19;89.28
2013;Neuquén;Agricultura y Ganaderia;3B. Gestión del estiércol;CH4;3.49;97.86
2013;Río Negro;Agricultura y Ganaderia;3B. Gestión del estiércol;CH4;12.77;357.66
2013;Salta;Agricultura y Ganaderia;3B. Gestión del estiércol;CH4;118.36;3313.95
2013;San Juan;Agricultura y Ganaderia;3B. Gestión del estiércol;CH4;0.89;24.79
2013;San Luis;Agricultura y Ganaderia;3B. Gestión del estiércol;CH4;44.27;1239.46
2013;Santa Cruz;Agricultura y Ganaderia;3B. Gestión del estiércol;CH4;1.8;50.45
2013;Santa Fe;Agricultura y Ganaderia;3B. Gestión del estiércol;CH4;11596.58;324704.34
2013;Santiago del Estero;Agricultura y Ganaderia;3B. Gestión del estiércol;CH4;500.21;14005.92
2013;Tucumán;Agricultura y Ganaderia;3B. Gestión del estiércol;CH4;89.87;2516.44
2013;Tierra del Fuego, Antártida e Islas del Atlántico Sur;Agricultura y Ganaderia;3B. Gestión del estiércol;CH4;0.53;14.86
2013;Buenos Aires;Agricultura y Ganaderia;3D. Suelos agrícolas;N2O;443.47;117518.47
2013;Catamarca;Agricultura y Ganaderia;3D. Suelos agrícolas;N2O;1.57;416.6
2013;Córdoba;Agricultura y Ganaderia;3D. Suelos agrícolas;N2O;556.15;147379.13
2013;Corrientes;Agricultura y Ganaderia;3D. Suelos agrícolas;N2O;0.08;19.99
2013;Chaco;Agricultura y Ganaderia;3D. Suelos agrícolas;N2O;0.06;16.1
2013;Chubut;Agricultura y Ganaderia;3D. Suelos agrícolas;N2O;0.26;67.83
2013;Entre Ríos;Agricultura y Ganaderia;3D. Suelos agrícolas;N2O;62.1;16455.88
2013;Formosa;Agricultura y Ganaderia;3D. Suelos agrícolas;N2O;0.04;9.51
2013;Jujuy;Agricultura y Ganaderia;3D. Suelos agrícolas;N2O;0.26;70.05
2013;La Pampa;Agricultura y Ganaderia;3D. Suelos agrícolas;N2O;28.99;7682.58
2013;La Rioja;Agricultura y Ganaderia;3D. Suelos agrícolas;N2O;0.0;1.15
2013;Mendoza;Agricultura y Ganaderia;3D. Suelos agrícolas;N2O;0.23;61.45
2013;Misiones;Agricultura y Ganaderia;3D. Suelos agrícolas;N2O;0.15;40.38
2013;Neuquén;Agricultura y Ganaderia;3D. Suelos agrícolas;N2O;0.21;55.03
2013;Río Negro;Agricultura y Ganaderia;3D. Suelos agrícolas;N2O;0.77;203.04
2013;Salta;Agricultura y Ganaderia;3D. Suelos agrícolas;N2O;5.74;1520.13
2013;San Juan;Agricultura y Ganaderia;3D. Suelos agrícolas;N2O;0.05;13.33
2013;San Luis;Agricultura y Ganaderia;3D. Suelos agrícolas;N2O;2.71;718.24
2013;Santa Cruz;Agricultura y Ganaderia;3D. Suelos agrícolas;N2O;0.11;29.19
2013;Santa Fe;Agricultura y Ganaderia;3D. Suelos agrícolas;N2O;509.65;135056.76
2013;Santiago del Estero;Agricultura y Ganaderia;3D. Suelos agrícolas;N2O;22.9;6069.25
2013;Tucumán;Agricultura y Ganaderia;3D. Suelos agrícolas;N2O;4.32;1145.2
2013;Tierra del Fuego, Antártida e Islas del Atlántico Sur;Agricultura y Ganaderia;3D. Suelos agrícolas;N2O;0.07;17.32
2013;Buenos Aires;Agricultura y Ganaderia;3B. Gestión del estiércol;N2O;32.21;8536.5
2013;Catamarca;Agricultura y Ganaderia;3B. Gestión del estiércol;N2O;0.1;25.47
2013;Córdoba;Agricultura y Ganaderia;3B. Gestión del estiércol;N2O;40.68;10779.71
2013;Corrientes;Agricultura y Ganaderia;3B. Gestión del estiércol;N2O;0.01;1.35
2013;Chaco;Agricultura y Ganaderia;3B. Gestión del estiércol;N2O;0.0;1.13
2013;Chubut;Agricultura y Ganaderia;3B. Gestión del estiércol;N2O;0.02;4.93
2013;Entre Ríos;Agricultura y Ganaderia;3B. Gestión del estiércol;N2O;4.43;1173.62
2013;Formosa;Agricultura y Ganaderia;3B. Gestión del estiércol;N2O;0.0;0.6
2013;Jujuy;Agricultura y Ganaderia;3B. Gestión del estiércol;N2O;0.02;5.37
2013;La Pampa;Agricultura y Ganaderia;3B. Gestión del estiércol;N2O;2.07;547.78
2013;La Rioja;Agricultura y Ganaderia;3B. Gestión del estiércol;N2O;0.0;0.07
2013;Mendoza;Agricultura y Ganaderia;3B. Gestión del estiércol;N2O;0.02;4.42
2013;Misiones;Agricultura y Ganaderia;3B. Gestión del estiércol;N2O;0.01;2.72
2013;Neuquén;Agricultura y Ganaderia;3B. Gestión del estiércol;N2O;0.01;3.9
2013;Río Negro;Agricultura y Ganaderia;3B. Gestión del estiércol;N2O;0.05;14.22
2013;Salta;Agricultura y Ganaderia;3B. Gestión del estiércol;N2O;0.41;108.15
2013;San Juan;Agricultura y Ganaderia;3B. Gestión del estiércol;N2O;0.0;0.78
2013;San Luis;Agricultura y Ganaderia;3B. Gestión del estiércol;N2O;0.17;45.36
2013;Santa Cruz;Agricultura y Ganaderia;3B. Gestión del estiércol;N2O;0.01;2.0
2013;Santa Fe;Agricultura y Ganaderia;3B. Gestión del estiércol;N2O;36.21;9595.86
2013;Santiago del Estero;Agricultura y Ganaderia;3B. Gestión del estiércol;N2O;1.64;433.81
2013;Tucumán;Agricultura y Ganaderia;3B. Gestión del estiércol;N2O;0.31;83.33
2013;Tierra del Fuego, Antártida e Islas del Atlántico Sur;Agricultura y Ganaderia;3B. Gestión del estiércol;N2O;0.0;0.53
2014;Buenos Aires;Agricultura y Ganaderia;3A. Fermentación entérica;CH4;75913.34;2125573.4
2014;Catamarca;Agricultura y Ganaderia;3A. Fermentación entérica;CH4;233.17;6528.64
2014;Córdoba;Agricultura y Ganaderia;3A. Fermentación entérica;CH4;92856.02;2599968.46
2014;Corrientes;Agricultura y Ganaderia;3A. Fermentación entérica;CH4;3.2;89.66
2014;Chaco;Agricultura y Ganaderia;3A. Fermentación entérica;CH4;2.93;81.96
2014;Chubut;Agricultura y Ganaderia;3A. Fermentación entérica;CH4;42.24;1182.65
2014;Entre Ríos;Agricultura y Ganaderia;3A. Fermentación entérica;CH4;11154.32;312320.88
2014;Formosa;Agricultura y Ganaderia;3A. Fermentación entérica;CH4;1.03;28.88
2014;Jujuy;Agricultura y Ganaderia;3A. Fermentación entérica;CH4;61.37;1718.32
2014;La Pampa;Agricultura y Ganaderia;3A. Fermentación entérica;CH4;4806.57;134584.05
2014;La Rioja;Agricultura y Ganaderia;3A. Fermentación entérica;CH4;0.94;26.43
2014;Mendoza;Agricultura y Ganaderia;3A. Fermentación entérica;CH4;43.12;1207.33
2014;Río Negro;Agricultura y Ganaderia;3A. Fermentación entérica;CH4;154.55;4327.5
2014;Salta;Agricultura y Ganaderia;3A. Fermentación entérica;CH4;925.69;25919.25
2014;San Juan;Agricultura y Ganaderia;3A. Fermentación entérica;CH4;10.86;304.17
2014;San Luis;Agricultura y Ganaderia;3A. Fermentación entérica;CH4;545.42;15271.83
2014;Santa Cruz;Agricultura y Ganaderia;3A. Fermentación entérica;CH4;20.91;585.53
2014;Santa Fe;Agricultura y Ganaderia;3A. Fermentación entérica;CH4;86809.11;2430655.15
2014;Santiago del Estero;Agricultura y Ganaderia;3A. Fermentación entérica;CH4;3631.85;101691.91
2014;Tucumán;Agricultura y Ganaderia;3A. Fermentación entérica;CH4;601.71;16847.82
2014;Tierra del Fuego, Antártida e Islas del Atlántico Sur;Agricultura y Ganaderia;3A. Fermentación entérica;CH4;10.27;287.63
2014;Buenos Aires;Agricultura y Ganaderia;3B. Gestión del estiércol;CH4;8420.94;235786.24
2014;Catamarca;Agricultura y Ganaderia;3B. Gestión del estiércol;CH4;23.48;657.3
2014;Córdoba;Agricultura y Ganaderia;3B. Gestión del estiércol;CH4;13108.13;367027.73
2014;Corrientes;Agricultura y Ganaderia;3B. Gestión del estiércol;CH4;0.4;11.2
2014;Chaco;Agricultura y Ganaderia;3B. Gestión del estiércol;CH4;0.33;9.15
2014;Chubut;Agricultura y Ganaderia;3B. Gestión del estiércol;CH4;3.77;105.56
2014;Entre Ríos;Agricultura y Ganaderia;3B. Gestión del estiércol;CH4;1537.98;43063.5
2014;Formosa;Agricultura y Ganaderia;3B. Gestión del estiércol;CH4;0.13;3.62
2014;Jujuy;Agricultura y Ganaderia;3B. Gestión del estiércol;CH4;7.87;220.44
2014;La Pampa;Agricultura y Ganaderia;3B. Gestión del estiércol;CH4;542.85;15199.87
2014;La Rioja;Agricultura y Ganaderia;3B. Gestión del estiércol;CH4;0.1;2.88
2014;Mendoza;Agricultura y Ganaderia;3B. Gestión del estiércol;CH4;5.26;147.26
2014;Río Negro;Agricultura y Ganaderia;3B. Gestión del estiércol;CH4;14.1;394.84
2014;Salta;Agricultura y Ganaderia;3B. Gestión del estiércol;CH4;110.52;3094.57
2014;San Juan;Agricultura y Ganaderia;3B. Gestión del estiércol;CH4;1.32;37.0
2014;San Luis;Agricultura y Ganaderia;3B. Gestión del estiércol;CH4;59.19;1657.23
2014;Santa Cruz;Agricultura y Ganaderia;3B. Gestión del estiércol;CH4;1.84;51.65
2014;Santa Fe;Agricultura y Ganaderia;3B. Gestión del estiércol;CH4;11707.17;327800.76
2014;Santiago del Estero;Agricultura y Ganaderia;3B. Gestión del estiércol;CH4;471.79;13210.17
2014;Tucumán;Agricultura y Ganaderia;3B. Gestión del estiércol;CH4;73.23;2050.33
2014;Tierra del Fuego, Antártida e Islas del Atlántico Sur;Agricultura y Ganaderia;3B. Gestión del estiércol;CH4;0.59;16.43
2014;Buenos Aires;Agricultura y Ganaderia;3D. Suelos agrícolas;N2O;446.78;118397.12
2014;Catamarca;Agricultura y Ganaderia;3D. Suelos agrícolas;N2O;1.41;374.57
2014;Córdoba;Agricultura y Ganaderia;3D. Suelos agrícolas;N2O;546.34;144780.82
2014;Corrientes;Agricultura y Ganaderia;3D. Suelos agrícolas;N2O;0.02;5.07
2014;Chaco;Agricultura y Ganaderia;3D. Suelos agrícolas;N2O;0.02;4.67
2014;Chubut;Agricultura y Ganaderia;3D. Suelos agrícolas;N2O;0.25;67.16
2014;Entre Ríos;Agricultura y Ganaderia;3D. Suelos agrícolas;N2O;65.83;17443.9
2014;Formosa;Agricultura y Ganaderia;3D. Suelos agrícolas;N2O;0.01;1.63
2014;Jujuy;Agricultura y Ganaderia;3D. Suelos agrícolas;N2O;0.36;95.26
2014;La Pampa;Agricultura y Ganaderia;3D. Suelos agrícolas;N2O;28.36;7515.59
2014;La Rioja;Agricultura y Ganaderia;3D. Suelos agrícolas;N2O;0.01;1.51
2014;Mendoza;Agricultura y Ganaderia;3D. Suelos agrícolas;N2O;0.26;67.73
2014;Río Negro;Agricultura y Ganaderia;3D. Suelos agrícolas;N2O;0.92;244.57
2014;Salta;Agricultura y Ganaderia;3D. Suelos agrícolas;N2O;5.48;1450.99
2014;San Juan;Agricultura y Ganaderia;3D. Suelos agrícolas;N2O;0.06;17.07
2014;San Luis;Agricultura y Ganaderia;3D. Suelos agrícolas;N2O;3.21;851.17
2014;Santa Cruz;Agricultura y Ganaderia;3D. Suelos agrícolas;N2O;0.13;33.32
2014;Santa Fe;Agricultura y Ganaderia;3D. Suelos agrícolas;N2O;512.02;135686.26
2014;Santiago del Estero;Agricultura y Ganaderia;3D. Suelos agrícolas;N2O;21.4;5671.72
2014;Tucumán;Agricultura y Ganaderia;3D. Suelos agrícolas;N2O;3.55;939.44
2014;Tierra del Fuego, Antártida e Islas del Atlántico Sur;Agricultura y Ganaderia;3D. Suelos agrícolas;N2O;0.07;17.23
2014;Buenos Aires;Agricultura y Ganaderia;3B. Gestión del estiércol;N2O;32.46;8602.25
2014;Catamarca;Agricultura y Ganaderia;3B. Gestión del estiércol;N2O;0.08;20.47
2014;Córdoba;Agricultura y Ganaderia;3B. Gestión del estiércol;N2O;39.85;10560.04
2014;Corrientes;Agricultura y Ganaderia;3B. Gestión del estiércol;N2O;0.0;0.34
2014;Chaco;Agricultura y Ganaderia;3B. Gestión del estiércol;N2O;0.0;0.28
2014;Chubut;Agricultura y Ganaderia;3B. Gestión del estiércol;N2O;0.02;4.15
2014;Entre Ríos;Agricultura y Ganaderia;3B. Gestión del estiércol;N2O;4.68;1239.42
2014;Formosa;Agricultura y Ganaderia;3B. Gestión del estiércol;N2O;0.0;0.11
2014;Jujuy;Agricultura y Ganaderia;3B. Gestión del estiércol;N2O;0.03;7.23
2014;La Pampa;Agricultura y Ganaderia;3B. Gestión del estiércol;N2O;2.01;533.08
2014;La Rioja;Agricultura y Ganaderia;3B. Gestión del estiércol;N2O;0.0;0.09
2014;Mendoza;Agricultura y Ganaderia;3B. Gestión del estiércol;N2O;0.02;4.68
2014;Río Negro;Agricultura y Ganaderia;3B. Gestión del estiércol;N2O;0.06;15.56
2014;Salta;Agricultura y Ganaderia;3B. Gestión del estiércol;N2O;0.38;100.8
2014;San Juan;Agricultura y Ganaderia;3B. Gestión del estiércol;N2O;0.0;1.17
2014;San Luis;Agricultura y Ganaderia;3B. Gestión del estiércol;N2O;0.23;61.37
2014;Santa Cruz;Agricultura y Ganaderia;3B. Gestión del estiércol;N2O;0.01;2.03
2014;Santa Fe;Agricultura y Ganaderia;3B. Gestión del estiércol;N2O;36.58;9692.4
2014;Santiago del Estero;Agricultura y Ganaderia;3B. Gestión del estiércol;N2O;1.55;409.44
2014;Tucumán;Agricultura y Ganaderia;3B. Gestión del estiércol;N2O;0.26;67.86
2014;Tierra del Fuego, Antártida e Islas del Atlántico Sur;Agricultura y Ganaderia;3B. Gestión del estiércol;N2O;0.0;0.6
2015;Buenos Aires;Agricultura y Ganaderia;3A. Fermentación entérica;CH4;78918.26;2209711.17
2015;Catamarca;Agricultura y Ganaderia;3A. Fermentación entérica;CH4;209.66;5870.6
2015;Córdoba;Agricultura y Ganaderia;3A. Fermentación entérica;CH4;90213.9;2525989.28
2015;Corrientes;Agricultura y Ganaderia;3A. Fermentación entérica;CH4;9.94;278.35
2015;Chaco;Agricultura y Ganaderia;3A. Fermentación entérica;CH4;3.6;100.68
2015;Chubut;Agricultura y Ganaderia;3A. Fermentación entérica;CH4;29.18;817.04
2015;Entre Ríos;Agricultura y Ganaderia;3A. Fermentación entérica;CH4;13580.8;380262.49
2015;Formosa;Agricultura y Ganaderia;3A. Fermentación entérica;CH4;0.93;25.94
2015;Jujuy;Agricultura y Ganaderia;3A. Fermentación entérica;CH4;54.73;1532.53
2015;La Pampa;Agricultura y Ganaderia;3A. Fermentación entérica;CH4;5032.92;140921.82
2015;La Rioja;Agricultura y Ganaderia;3A. Fermentación entérica;CH4;1.09;30.46
2015;Mendoza;Agricultura y Ganaderia;3A. Fermentación entérica;CH4;55.78;1561.85
2015;Misiones;Agricultura y Ganaderia;3A. Fermentación entérica;CH4;0.31;8.81
2015;Neuquén;Agricultura y Ganaderia;3A. Fermentación entérica;CH4;0.51;14.26
2015;Río Negro;Agricultura y Ganaderia;3A. Fermentación entérica;CH4;207.51;5810.18
2015;Salta;Agricultura y Ganaderia;3A. Fermentación entérica;CH4;1073.87;30068.27
2015;San Juan;Agricultura y Ganaderia;3A. Fermentación entérica;CH4;28.27;791.66
2015;San Luis;Agricultura y Ganaderia;3A. Fermentación entérica;CH4;718.36;20114.05
2015;Santa Cruz;Agricultura y Ganaderia;3A. Fermentación entérica;CH4;25.76;721.29
2015;Santa Fe;Agricultura y Ganaderia;3A. Fermentación entérica;CH4;86563.0;2423763.97
2015;Santiago del Estero;Agricultura y Ganaderia;3A. Fermentación entérica;CH4;4153.2;116289.54
2015;Tucumán;Agricultura y Ganaderia;3A. Fermentación entérica;CH4;718.39;20114.99
2015;Tierra del Fuego, Antártida e Islas del Atlántico Sur;Agricultura y Ganaderia;3A. Fermentación entérica;CH4;7.76;217.27
2015;Buenos Aires;Agricultura y Ganaderia;3B. Gestión del estiércol;CH4;8824.65;247090.06
2015;Catamarca;Agricultura y Ganaderia;3B. Gestión del estiércol;CH4;23.17;648.81
2015;Córdoba;Agricultura y Ganaderia;3B. Gestión del estiércol;CH4;12757.45;357208.7
2015;Corrientes;Agricultura y Ganaderia;3B. Gestión del estiércol;CH4;1.01;28.3
2015;Chaco;Agricultura y Ganaderia;3B. Gestión del estiércol;CH4;0.43;11.94
2015;Chubut;Agricultura y Ganaderia;3B. Gestión del estiércol;CH4;2.64;73.82
2015;Entre Ríos;Agricultura y Ganaderia;3B. Gestión del estiércol;CH4;1884.31;52760.55
2015;Formosa;Agricultura y Ganaderia;3B. Gestión del estiércol;CH4;0.11;3.19
2015;Jujuy;Agricultura y Ganaderia;3B. Gestión del estiércol;CH4;7.08;198.19
2015;La Pampa;Agricultura y Ganaderia;3B. Gestión del estiércol;CH4;572.7;16035.49
2015;La Rioja;Agricultura y Ganaderia;3B. Gestión del estiércol;CH4;0.13;3.63
2015;Mendoza;Agricultura y Ganaderia;3B. Gestión del estiércol;CH4;6.64;186.03
2015;Misiones;Agricultura y Ganaderia;3B. Gestión del estiércol;CH4;0.05;1.3
2015;Neuquén;Agricultura y Ganaderia;3B. Gestión del estiércol;CH4;0.05;1.4
2015;Río Negro;Agricultura y Ganaderia;3B. Gestión del estiércol;CH4;19.23;538.37
2015;Salta;Agricultura y Ganaderia;3B. Gestión del estiércol;CH4;129.87;3636.37
2015;San Juan;Agricultura y Ganaderia;3B. Gestión del estiércol;CH4;3.04;85.01
2015;San Luis;Agricultura y Ganaderia;3B. Gestión del estiércol;CH4;78.57;2199.85
2015;Santa Cruz;Agricultura y Ganaderia;3B. Gestión del estiércol;CH4;2.4;67.21
2015;Santa Fe;Agricultura y Ganaderia;3B. Gestión del estiércol;CH4;11673.65;326862.31
2015;Santiago del Estero;Agricultura y Ganaderia;3B. Gestión del estiércol;CH4;542.24;15182.78
2015;Tucumán;Agricultura y Ganaderia;3B. Gestión del estiércol;CH4;89.31;2500.57
2015;Tierra del Fuego, Antártida e Islas del Atlántico Sur;Agricultura y Ganaderia;3B. Gestión del estiércol;CH4;0.57;16.01
2015;Buenos Aires;Agricultura y Ganaderia;3D. Suelos agrícolas;N2O;463.8;122907.73
2015;Catamarca;Agricultura y Ganaderia;3D. Suelos agrícolas;N2O;1.26;333.23
2015;Córdoba;Agricultura y Ganaderia;3D. Suelos agrícolas;N2O;530.66;140624.11
2015;Corrientes;Agricultura y Ganaderia;3D. Suelos agrícolas;N2O;0.06;16.16
2015;Chaco;Agricultura y Ganaderia;3D. Suelos agrícolas;N2O;0.02;5.7
2015;Chubut;Agricultura y Ganaderia;3D. Suelos agrícolas;N2O;0.17;46.31
2015;Entre Ríos;Agricultura y Ganaderia;3D. Suelos agrícolas;N2O;80.06;21217.18
2015;Formosa;Agricultura y Ganaderia;3D. Suelos agrícolas;N2O;0.01;1.47
2015;Jujuy;Agricultura y Ganaderia;3D. Suelos agrícolas;N2O;0.32;84.91
2015;La Pampa;Agricultura y Ganaderia;3D. Suelos agrícolas;N2O;29.65;7857.97
2015;La Rioja;Agricultura y Ganaderia;3D. Suelos agrícolas;N2O;0.01;1.72
2015;Mendoza;Agricultura y Ganaderia;3D. Suelos agrícolas;N2O;0.33;88.05
2015;Misiones;Agricultura y Ganaderia;3D. Suelos agrícolas;N2O;0.0;0.48
2015;Neuquén;Agricultura y Ganaderia;3D. Suelos agrícolas;N2O;0.0;0.81
2015;Río Negro;Agricultura y Ganaderia;3D. Suelos agrícolas;N2O;1.24;327.77
2015;Salta;Agricultura y Ganaderia;3D. Suelos agrícolas;N2O;6.34;1680.08
2015;San Juan;Agricultura y Ganaderia;3D. Suelos agrícolas;N2O;0.17;45.11
2015;San Luis;Agricultura y Ganaderia;3D. Suelos agrícolas;N2O;4.23;1119.72
2015;Santa Cruz;Agricultura y Ganaderia;3D. Suelos agrícolas;N2O;0.15;40.73
2015;Santa Fe;Agricultura y Ganaderia;3D. Suelos agrícolas;N2O;510.55;135296.31
2015;Santiago del Estero;Agricultura y Ganaderia;3D. Suelos agrícolas;N2O;24.46;6482.98
2015;Tucumán;Agricultura y Ganaderia;3D. Suelos agrícolas;N2O;4.22;1118.2
2015;Tierra del Fuego, Antártida e Islas del Atlántico Sur;Agricultura y Ganaderia;3D. Suelos agrícolas;N2O;0.05;12.79
2015;Buenos Aires;Agricultura y Ganaderia;3B. Gestión del estiércol;N2O;34.11;9038.68
2015;Catamarca;Agricultura y Ganaderia;3B. Gestión del estiércol;N2O;0.08;20.41
2015;Córdoba;Agricultura y Ganaderia;3B. Gestión del estiércol;N2O;38.79;10278.9
2015;Corrientes;Agricultura y Ganaderia;3B. Gestión del estiércol;N2O;0.0;0.85
2015;Chaco;Agricultura y Ganaderia;3B. Gestión del estiércol;N2O;0.0;0.36
2015;Chubut;Agricultura y Ganaderia;3B. Gestión del estiércol;N2O;0.01;2.91
2015;Entre Ríos;Agricultura y Ganaderia;3B. Gestión del estiércol;N2O;5.73;1519.28
2015;Formosa;Agricultura y Ganaderia;3B. Gestión del estiércol;N2O;0.0;0.1
2015;Jujuy;Agricultura y Ganaderia;3B. Gestión del estiércol;N2O;0.02;6.5
2015;La Pampa;Agricultura y Ganaderia;3B. Gestión del estiércol;N2O;2.13;564.51
2015;La Rioja;Agricultura y Ganaderia;3B. Gestión del estiércol;N2O;0.0;0.11
2015;Mendoza;Agricultura y Ganaderia;3B. Gestión del estiércol;N2O;0.02;5.89
2015;Misiones;Agricultura y Ganaderia;3B. Gestión del estiércol;N2O;0.0;0.04
2015;Neuquén;Agricultura y Ganaderia;3B. Gestión del estiércol;N2O;0.0;0.06
2015;Río Negro;Agricultura y Ganaderia;3B. Gestión del estiércol;N2O;0.08;21.25
2015;Salta;Agricultura y Ganaderia;3B. Gestión del estiércol;N2O;0.45;118.59
2015;San Juan;Agricultura y Ganaderia;3B. Gestión del estiércol;N2O;0.01;2.67
2015;San Luis;Agricultura y Ganaderia;3B. Gestión del estiércol;N2O;0.31;81.54
2015;Santa Cruz;Agricultura y Ganaderia;3B. Gestión del estiércol;N2O;0.01;2.65
2015;Santa Fe;Agricultura y Ganaderia;3B. Gestión del estiércol;N2O;36.47;9664.32
2015;Santiago del Estero;Agricultura y Ganaderia;3B. Gestión del estiércol;N2O;1.78;470.78
2015;Tucumán;Agricultura y Ganaderia;3B. Gestión del estiércol;N2O;0.31;82.92
2015;Tierra del Fuego, Antártida e Islas del Atlántico Sur;Agricultura y Ganaderia;3B. Gestión del estiércol;N2O;0.0;0.61
2016;Buenos Aires;Agricultura y Ganaderia;3A. Fermentación entérica;CH4;73102.85;2046879.85
2016;Catamarca;Agricultura y Ganaderia;3A. Fermentación entérica;CH4;209.66;5870.56
2016;Córdoba;Agricultura y Ganaderia;3A. Fermentación entérica;CH4;85672.98;2398843.45
2016;Corrientes;Agricultura y Ganaderia;3A. Fermentación entérica;CH4;12.33;345.25
2016;Chaco;Agricultura y Ganaderia;3A. Fermentación entérica;CH4;3.88;108.67
2016;Chubut;Agricultura y Ganaderia;3A. Fermentación entérica;CH4;27.77;777.66
2016;Entre Ríos;Agricultura y Ganaderia;3A. Fermentación entérica;CH4;12634.71;353771.82
2016;Formosa;Agricultura y Ganaderia;3A. Fermentación entérica;CH4;0.9;25.3
2016;Jujuy;Agricultura y Ganaderia;3A. Fermentación entérica;CH4;56.64;1585.84
2016;La Pampa;Agricultura y Ganaderia;3A. Fermentación entérica;CH4;4817.98;134903.49
2016;La Rioja;Agricultura y Ganaderia;3A. Fermentación entérica;CH4;0.8;22.26
2016;Mendoza;Agricultura y Ganaderia;3A. Fermentación entérica;CH4;43.72;1224.25
2016;Misiones;Agricultura y Ganaderia;3A. Fermentación entérica;CH4;0.3;8.31
2016;Neuquén;Agricultura y Ganaderia;3A. Fermentación entérica;CH4;1.04;29.04
2016;Río Negro;Agricultura y Ganaderia;3A. Fermentación entérica;CH4;221.83;6211.26
2016;Salta;Agricultura y Ganaderia;3A. Fermentación entérica;CH4;921.84;25811.61
2016;San Juan;Agricultura y Ganaderia;3A. Fermentación entérica;CH4;31.43;880.14
2016;San Luis;Agricultura y Ganaderia;3A. Fermentación entérica;CH4;635.7;17799.67
2016;Santa Cruz;Agricultura y Ganaderia;3A. Fermentación entérica;CH4;24.32;680.91
2016;Santa Fe;Agricultura y Ganaderia;3A. Fermentación entérica;CH4;80843.3;2263612.49
2016;Santiago del Estero;Agricultura y Ganaderia;3A. Fermentación entérica;CH4;3964.86;111016.09
2016;Tucumán;Agricultura y Ganaderia;3A. Fermentación entérica;CH4;670.56;18775.55
2016;Tierra del Fuego, Antártida e Islas del Atlántico Sur;Agricultura y Ganaderia;3A. Fermentación entérica;CH4;7.51;210.29
2016;Buenos Aires;Agricultura y Ganaderia;3B. Gestión del estiércol;CH4;8015.98;224447.41
2016;Catamarca;Agricultura y Ganaderia;3B. Gestión del estiércol;CH4;23.02;644.52
2016;Córdoba;Agricultura y Ganaderia;3B. Gestión del estiércol;CH4;11865.73;332240.4
2016;Corrientes;Agricultura y Ganaderia;3B. Gestión del estiércol;CH4;1.37;38.31
2016;Chaco;Agricultura y Ganaderia;3B. Gestión del estiércol;CH4;0.46;12.83
2016;Chubut;Agricultura y Ganaderia;3B. Gestión del estiércol;CH4;2.38;66.65
2016;Entre Ríos;Agricultura y Ganaderia;3B. Gestión del estiércol;CH4;1713.31;47972.55
2016;Formosa;Agricultura y Ganaderia;3B. Gestión del estiércol;CH4;0.09;2.5
2016;Jujuy;Agricultura y Ganaderia;3B. Gestión del estiércol;CH4;6.93;194.12
2016;La Pampa;Agricultura y Ganaderia;3B. Gestión del estiércol;CH4;540.22;15126.24
2016;La Rioja;Agricultura y Ganaderia;3B. Gestión del estiércol;CH4;0.1;2.74
2016;Mendoza;Agricultura y Ganaderia;3B. Gestión del estiércol;CH4;5.44;152.2
2016;Misiones;Agricultura y Ganaderia;3B. Gestión del estiércol;CH4;0.04;1.22
2016;Neuquén;Agricultura y Ganaderia;3B. Gestión del estiércol;CH4;0.09;2.63
2016;Río Negro;Agricultura y Ganaderia;3B. Gestión del estiércol;CH4;20.97;587.05
2016;Salta;Agricultura y Ganaderia;3B. Gestión del estiércol;CH4;107.4;3007.14
2016;San Juan;Agricultura y Ganaderia;3B. Gestión del estiércol;CH4;3.52;98.46
2016;San Luis;Agricultura y Ganaderia;3B. Gestión del estiércol;CH4;66.89;1873.0
2016;Santa Cruz;Agricultura y Ganaderia;3B. Gestión del estiércol;CH4;2.53;70.9
2016;Santa Fe;Agricultura y Ganaderia;3B. Gestión del estiércol;CH4;10733.59;300540.38
2016;Santiago del Estero;Agricultura y Ganaderia;3B. Gestión del estiércol;CH4;511.01;14308.22
2016;Tucumán;Agricultura y Ganaderia;3B. Gestión del estiércol;CH4;78.25;2191.05
2016;Tierra del Fuego, Antártida e Islas del Atlántico Sur;Agricultura y Ganaderia;3B. Gestión del estiércol;CH4;0.8;22.3
2016;Buenos Aires;Agricultura y Ganaderia;3D. Suelos agrícolas;N2O;430.83;114168.88
2016;Catamarca;Agricultura y Ganaderia;3D. Suelos agrícolas;N2O;1.26;333.68
2016;Córdoba;Agricultura y Ganaderia;3D. Suelos agrícolas;N2O;505.5;133957.68
2016;Corrientes;Agricultura y Ganaderia;3D. Suelos agrícolas;N2O;0.07;19.69
2016;Chaco;Agricultura y Ganaderia;3D. Suelos agrícolas;N2O;0.02;6.15
2016;Chubut;Agricultura y Ganaderia;3D. Suelos agrícolas;N2O;0.17;44.36
2016;Entre Ríos;Agricultura y Ganaderia;3D. Suelos agrícolas;N2O;74.73;19804.59
2016;Formosa;Agricultura y Ganaderia;3D. Suelos agrícolas;N2O;0.01;1.47
2016;Jujuy;Agricultura y Ganaderia;3D. Suelos agrícolas;N2O;0.33;88.57
2016;La Pampa;Agricultura y Ganaderia;3D. Suelos agrícolas;N2O;28.44;7536.62
2016;La Rioja;Agricultura y Ganaderia;3D. Suelos agrícolas;N2O;0.0;1.25
2016;Mendoza;Agricultura y Ganaderia;3D. Suelos agrícolas;N2O;0.26;68.49
2016;Misiones;Agricultura y Ganaderia;3D. Suelos agrícolas;N2O;0.0;0.46
2016;Neuquén;Agricultura y Ganaderia;3D. Suelos agrícolas;N2O;0.01;1.65
2016;Río Negro;Agricultura y Ganaderia;3D. Suelos agrícolas;N2O;1.32;349.43
2016;Salta;Agricultura y Ganaderia;3D. Suelos agrícolas;N2O;5.47;1449.61
2016;San Juan;Agricultura y Ganaderia;3D. Suelos agrícolas;N2O;0.19;49.93
2016;San Luis;Agricultura y Ganaderia;3D. Suelos agrícolas;N2O;3.76;996.49
2016;Santa Cruz;Agricultura y Ganaderia;3D. Suelos agrícolas;N2O;0.14;37.85
2016;Santa Fe;Agricultura y Ganaderia;3D. Suelos agrícolas;N2O;477.95;126656.57
2016;Santiago del Estero;Agricultura y Ganaderia;3D. Suelos agrícolas;N2O;23.4;6200.96
2016;Tucumán;Agricultura y Ganaderia;3D. Suelos agrícolas;N2O;3.97;1052.99
2016;Tierra del Fuego, Antártida e Islas del Atlántico Sur;Agricultura y Ganaderia;3D. Suelos agrícolas;N2O;0.04;11.66
2016;Buenos Aires;Agricultura y Ganaderia;3B. Gestión del estiércol;N2O;30.95;8202.8
2016;Catamarca;Agricultura y Ganaderia;3B. Gestión del estiércol;N2O;0.08;20.26
2016;Córdoba;Agricultura y Ganaderia;3B. Gestión del estiércol;N2O;36.02;9545.7
2016;Corrientes;Agricultura y Ganaderia;3B. Gestión del estiércol;N2O;0.0;1.15
2016;Chaco;Agricultura y Ganaderia;3B. Gestión del estiércol;N2O;0.0;0.39
2016;Chubut;Agricultura y Ganaderia;3B. Gestión del estiércol;N2O;0.01;2.6
2016;Entre Ríos;Agricultura y Ganaderia;3B. Gestión del estiércol;N2O;5.2;1378.84
2016;Formosa;Agricultura y Ganaderia;3B. Gestión del estiércol;N2O;0.0;0.08
2016;Jujuy;Agricultura y Ganaderia;3B. Gestión del estiércol;N2O;0.02;6.34
2016;La Pampa;Agricultura y Ganaderia;3B. Gestión del estiércol;N2O;2.01;533.33
2016;La Rioja;Agricultura y Ganaderia;3B. Gestión del estiércol;N2O;0.0;0.09
2016;Mendoza;Agricultura y Ganaderia;3B. Gestión del estiércol;N2O;0.02;4.84
2016;Misiones;Agricultura y Ganaderia;3B. Gestión del estiércol;N2O;0.0;0.04
2016;Neuquén;Agricultura y Ganaderia;3B. Gestión del estiércol;N2O;0.0;0.1
2016;Río Negro;Agricultura y Ganaderia;3B. Gestión del estiércol;N2O;0.09;23.23
2016;Salta;Agricultura y Ganaderia;3B. Gestión del estiércol;N2O;0.37;97.73
2016;San Juan;Agricultura y Ganaderia;3B. Gestión del estiércol;N2O;0.01;3.1
2016;San Luis;Agricultura y Ganaderia;3B. Gestión del estiércol;N2O;0.26;69.14
2016;Santa Cruz;Agricultura y Ganaderia;3B. Gestión del estiércol;N2O;0.01;2.84
2016;Santa Fe;Agricultura y Ganaderia;3B. Gestión del estiércol;N2O;33.48;8873.34
2016;Santiago del Estero;Agricultura y Ganaderia;3B. Gestión del estiércol;N2O;1.67;443.19
2016;Tucumán;Agricultura y Ganaderia;3B. Gestión del estiércol;N2O;0.27;72.23
2016;Tierra del Fuego, Antártida e Islas del Atlántico Sur;Agricultura y Ganaderia;3B. Gestión del estiércol;N2O;0.0;0.89
2017;Buenos Aires;Agricultura y Ganaderia;3A. Fermentación entérica;CH4;72145.04;2020061.1
2017;Catamarca;Agricultura y Ganaderia;3A. Fermentación entérica;CH4;100.0;2800.05
2017;Córdoba;Agricultura y Ganaderia;3A. Fermentación entérica;CH4;84021.36;2352597.94
2017;Corrientes;Agricultura y Ganaderia;3A. Fermentación entérica;CH4;7.21;201.77
2017;Chaco;Agricultura y Ganaderia;3A. Fermentación entérica;CH4;4.09;114.41
2017;Chubut;Agricultura y Ganaderia;3A. Fermentación entérica;CH4;29.96;838.96
2017;Entre Ríos;Agricultura y Ganaderia;3A. Fermentación entérica;CH4;12748.57;356960.09
2017;Formosa;Agricultura y Ganaderia;3A. Fermentación entérica;CH4;0.93;26.12
2017;Jujuy;Agricultura y Ganaderia;3A. Fermentación entérica;CH4;52.7;1475.71
2017;La Pampa;Agricultura y Ganaderia;3A. Fermentación entérica;CH4;4662.55;130551.36
2017;La Rioja;Agricultura y Ganaderia;3A. Fermentación entérica;CH4;0.62;17.41
2017;Mendoza;Agricultura y Ganaderia;3A. Fermentación entérica;CH4;42.94;1202.18
2017;Misiones;Agricultura y Ganaderia;3A. Fermentación entérica;CH4;0.3;8.33
2017;Neuquén;Agricultura y Ganaderia;3A. Fermentación entérica;CH4;0.38;10.71
2017;Río Negro;Agricultura y Ganaderia;3A. Fermentación entérica;CH4;247.33;6925.32
2017;Salta;Agricultura y Ganaderia;3A. Fermentación entérica;CH4;999.86;27996.01
2017;San Juan;Agricultura y Ganaderia;3A. Fermentación entérica;CH4;28.94;810.21
2017;San Luis;Agricultura y Ganaderia;3A. Fermentación entérica;CH4;645.75;18080.97
2017;Santa Cruz;Agricultura y Ganaderia;3A. Fermentación entérica;CH4;28.17;788.79
2017;Santa Fe;Agricultura y Ganaderia;3A. Fermentación entérica;CH4;76933.48;2154137.41
2017;Santiago del Estero;Agricultura y Ganaderia;3A. Fermentación entérica;CH4;4032.12;112899.29
2017;Tucumán;Agricultura y Ganaderia;3A. Fermentación entérica;CH4;676.05;18929.49
2017;Tierra del Fuego, Antártida e Islas del Atlántico Sur;Agricultura y Ganaderia;3A. Fermentación entérica;CH4;7.67;214.62
2017;Buenos Aires;Agricultura y Ganaderia;3B. Gestión del estiércol;CH4;7922.31;221824.67
2017;Catamarca;Agricultura y Ganaderia;3B. Gestión del estiércol;CH4;10.8;302.36
2017;Córdoba;Agricultura y Ganaderia;3B. Gestión del estiércol;CH4;11685.72;327200.1
2017;Corrientes;Agricultura y Ganaderia;3B. Gestión del estiércol;CH4;0.78;21.78
2017;Chaco;Agricultura y Ganaderia;3B. Gestión del estiércol;CH4;0.48;13.3
2017;Chubut;Agricultura y Ganaderia;3B. Gestión del estiércol;CH4;2.94;82.38
2017;Entre Ríos;Agricultura y Ganaderia;3B. Gestión del estiércol;CH4;1729.43;48424.15
2017;Formosa;Agricultura y Ganaderia;3B. Gestión del estiércol;CH4;0.09;2.52
2017;Jujuy;Agricultura y Ganaderia;3B. Gestión del estiércol;CH4;6.9;193.23
2017;La Pampa;Agricultura y Ganaderia;3B. Gestión del estiércol;CH4;512.56;14351.81
2017;La Rioja;Agricultura y Ganaderia;3B. Gestión del estiércol;CH4;0.07;2.07
2017;Mendoza;Agricultura y Ganaderia;3B. Gestión del estiércol;CH4;5.19;145.38
2017;Misiones;Agricultura y Ganaderia;3B. Gestión del estiércol;CH4;0.04;1.22
2017;Neuquén;Agricultura y Ganaderia;3B. Gestión del estiércol;CH4;0.04;0.99
2017;Río Negro;Agricultura y Ganaderia;3B. Gestión del estiércol;CH4;21.96;614.99
2017;Salta;Agricultura y Ganaderia;3B. Gestión del estiércol;CH4;119.29;3340.12
2017;San Juan;Agricultura y Ganaderia;3B. Gestión del estiércol;CH4;3.19;89.46
2017;San Luis;Agricultura y Ganaderia;3B. Gestión del estiércol;CH4;66.33;1857.37
2017;Santa Cruz;Agricultura y Ganaderia;3B. Gestión del estiércol;CH4;2.89;80.99
2017;Santa Fe;Agricultura y Ganaderia;3B. Gestión del estiércol;CH4;10203.08;285686.18
2017;Santiago del Estero;Agricultura y Ganaderia;3B. Gestión del estiércol;CH4;519.87;14556.31
2017;Tucumán;Agricultura y Ganaderia;3B. Gestión del estiércol;CH4;79.79;2234.16
2017;Tierra del Fuego, Antártida e Islas del Atlántico Sur;Agricultura y Ganaderia;3B. Gestión del estiércol;CH4;0.77;21.52
2017;Buenos Aires;Agricultura y Ganaderia;3D. Suelos agrícolas;N2O;424.96;112614.94
2017;Catamarca;Agricultura y Ganaderia;3D. Suelos agrícolas;N2O;0.6;159.57
2017;Córdoba;Agricultura y Ganaderia;3D. Suelos agrícolas;N2O;495.49;131304.6
2017;Corrientes;Agricultura y Ganaderia;3D. Suelos agrícolas;N2O;0.04;11.56
2017;Chaco;Agricultura y Ganaderia;3D. Suelos agrícolas;N2O;0.02;6.49
2017;Chubut;Agricultura y Ganaderia;3D. Suelos agrícolas;N2O;0.18;47.06
2017;Entre Ríos;Agricultura y Ganaderia;3D. Suelos agrícolas;N2O;75.4;19982.07
2017;Formosa;Agricultura y Ganaderia;3D. Suelos agrícolas;N2O;0.01;1.53
2017;Jujuy;Agricultura y Ganaderia;3D. Suelos agrícolas;N2O;0.31;81.61
2017;La Pampa;Agricultura y Ganaderia;3D. Suelos agrícolas;N2O;27.58;7309.35
2017;La Rioja;Agricultura y Ganaderia;3D. Suelos agrícolas;N2O;0.0;0.98
2017;Mendoza;Agricultura y Ganaderia;3D. Suelos agrícolas;N2O;0.25;67.52
2017;Misiones;Agricultura y Ganaderia;3D. Suelos agrícolas;N2O;0.0;0.46
2017;Neuquén;Agricultura y Ganaderia;3D. Suelos agrícolas;N2O;0.0;0.62
2017;Río Negro;Agricultura y Ganaderia;3D. Suelos agrícolas;N2O;1.48;392.85
2017;Salta;Agricultura y Ganaderia;3D. Suelos agrícolas;N2O;5.92;1567.72
2017;San Juan;Agricultura y Ganaderia;3D. Suelos agrícolas;N2O;0.17;46.07
2017;San Luis;Agricultura y Ganaderia;3D. Suelos agrícolas;N2O;3.83;1015.61
2017;Santa Cruz;Agricultura y Ganaderia;3D. Suelos agrícolas;N2O;0.17;43.92
2017;Santa Fe;Agricultura y Ganaderia;3D. Suelos agrícolas;N2O;454.91;120550.98
2017;Santiago del Estero;Agricultura y Ganaderia;3D. Suelos agrícolas;N2O;23.79;6304.9
2017;Tucumán;Agricultura y Ganaderia;3D. Suelos agrícolas;N2O;4.0;1060.03
2017;Tierra del Fuego, Antártida e Islas del Atlántico Sur;Agricultura y Ganaderia;3D. Suelos agrícolas;N2O;0.05;11.99
2017;Buenos Aires;Agricultura y Ganaderia;3B. Gestión del estiércol;N2O;30.66;8125.29
2017;Catamarca;Agricultura y Ganaderia;3B. Gestión del estiércol;N2O;0.04;9.49
2017;Córdoba;Agricultura y Ganaderia;3B. Gestión del estiércol;N2O;35.49;9404.41
2017;Corrientes;Agricultura y Ganaderia;3B. Gestión del estiércol;N2O;0.0;0.65
2017;Chaco;Agricultura y Ganaderia;3B. Gestión del estiércol;N2O;0.0;0.4
2017;Chubut;Agricultura y Ganaderia;3B. Gestión del estiércol;N2O;0.01;3.28
2017;Entre Ríos;Agricultura y Ganaderia;3B. Gestión del estiércol;N2O;5.25;1391.87
2017;Formosa;Agricultura y Ganaderia;3B. Gestión del estiércol;N2O;0.0;0.08
2017;Jujuy;Agricultura y Ganaderia;3B. Gestión del estiércol;N2O;0.02;6.35
2017;La Pampa;Agricultura y Ganaderia;3B. Gestión del estiércol;N2O;1.91;507.44
2017;La Rioja;Agricultura y Ganaderia;3B. Gestión del estiércol;N2O;0.0;0.07
2017;Mendoza;Agricultura y Ganaderia;3B. Gestión del estiércol;N2O;0.02;4.61
2017;Misiones;Agricultura y Ganaderia;3B. Gestión del estiércol;N2O;0.0;0.04
2017;Neuquén;Agricultura y Ganaderia;3B. Gestión del estiércol;N2O;0.0;0.04
2017;Río Negro;Agricultura y Ganaderia;3B. Gestión del estiércol;N2O;0.09;24.15
2017;Salta;Agricultura y Ganaderia;3B. Gestión del estiércol;N2O;0.41;108.8
2017;San Juan;Agricultura y Ganaderia;3B. Gestión del estiércol;N2O;0.01;2.81
2017;San Luis;Agricultura y Ganaderia;3B. Gestión del estiércol;N2O;0.26;68.38
2017;Santa Cruz;Agricultura y Ganaderia;3B. Gestión del estiércol;N2O;0.01;3.24
2017;Santa Fe;Agricultura y Ganaderia;3B. Gestión del estiércol;N2O;31.83;8434.55
2017;Santiago del Estero;Agricultura y Ganaderia;3B. Gestión del estiércol;N2O;1.7;450.89
2017;Tucumán;Agricultura y Ganaderia;3B. Gestión del estiércol;N2O;0.28;73.73
2017;Tierra del Fuego, Antártida e Islas del Atlántico Sur;Agricultura y Ganaderia;3B. Gestión del estiércol;N2O;0.0;0.86
2018;Buenos Aires;Agricultura y Ganaderia;3A. Fermentación entérica;CH4;72621.04;2033388.99
2018;Catamarca;Agricultura y Ganaderia;3A. Fermentación entérica;CH4;102.98;2883.52
2018;Córdoba;Agricultura y Ganaderia;3A. Fermentación entérica;CH4;87111.17;2439112.76
2018;Corrientes;Agricultura y Ganaderia;3A. Fermentación entérica;CH4;7.01;196.24
2018;Chaco;Agricultura y Ganaderia;3A. Fermentación entérica;CH4;4.68;131.1
2018;Chubut;Agricultura y Ganaderia;3A. Fermentación entérica;CH4;22.04;617.16
2018;Entre Ríos;Agricultura y Ganaderia;3A. Fermentación entérica;CH4;13774.43;385684.01
2018;Formosa;Agricultura y Ganaderia;3A. Fermentación entérica;CH4;0.89;25.05
2018;Jujuy;Agricultura y Ganaderia;3A. Fermentación entérica;CH4;49.43;1384.12
2018;La Pampa;Agricultura y Ganaderia;3A. Fermentación entérica;CH4;4380.18;122644.97
2018;La Rioja;Agricultura y Ganaderia;3A. Fermentación entérica;CH4;0.72;20.06
2018;Mendoza;Agricultura y Ganaderia;3A. Fermentación entérica;CH4;46.55;1303.31
2018;Misiones;Agricultura y Ganaderia;3A. Fermentación entérica;CH4;1.38;38.71
2018;Neuquén;Agricultura y Ganaderia;3A. Fermentación entérica;CH4;2.81;78.71
2018;Río Negro;Agricultura y Ganaderia;3A. Fermentación entérica;CH4;262.08;7338.16
2018;Salta;Agricultura y Ganaderia;3A. Fermentación entérica;CH4;1067.91;29901.38
2018;San Juan;Agricultura y Ganaderia;3A. Fermentación entérica;CH4;30.65;858.18
2018;San Luis;Agricultura y Ganaderia;3A. Fermentación entérica;CH4;804.29;22520.22
2018;Santa Cruz;Agricultura y Ganaderia;3A. Fermentación entérica;CH4;2.34;65.45
2018;Santa Fe;Agricultura y Ganaderia;3A. Fermentación entérica;CH4;77545.17;2171264.88
2018;Santiago del Estero;Agricultura y Ganaderia;3A. Fermentación entérica;CH4;3899.07;109174.09
2018;Tucumán;Agricultura y Ganaderia;3A. Fermentación entérica;CH4;642.59;17992.57
2018;Tierra del Fuego, Antártida e Islas del Atlántico Sur;Agricultura y Ganaderia;3A. Fermentación entérica;CH4;7.18;200.94
2018;Buenos Aires;Agricultura y Ganaderia;3B. Gestión del estiércol;CH4;7961.36;222918.22
2018;Catamarca;Agricultura y Ganaderia;3B. Gestión del estiércol;CH4;11.71;327.99
2018;Córdoba;Agricultura y Ganaderia;3B. Gestión del estiércol;CH4;12171.14;340791.8
2018;Corrientes;Agricultura y Ganaderia;3B. Gestión del estiércol;CH4;0.95;26.67
2018;Chaco;Agricultura y Ganaderia;3B. Gestión del estiércol;CH4;0.54;15.22
2018;Chubut;Agricultura y Ganaderia;3B. Gestión del estiércol;CH4;2.13;59.66
2018;Entre Ríos;Agricultura y Ganaderia;3B. Gestión del estiércol;CH4;1875.31;52508.67
2018;Formosa;Agricultura y Ganaderia;3B. Gestión del estiércol;CH4;0.09;2.55
2018;Jujuy;Agricultura y Ganaderia;3B. Gestión del estiércol;CH4;6.3;176.41
2018;La Pampa;Agricultura y Ganaderia;3B. Gestión del estiércol;CH4;484.55;13567.4
2018;La Rioja;Agricultura y Ganaderia;3B. Gestión del estiércol;CH4;0.09;2.44
2018;Mendoza;Agricultura y Ganaderia;3B. Gestión del estiércol;CH4;5.86;164.17
2018;Misiones;Agricultura y Ganaderia;3B. Gestión del estiércol;CH4;0.18;5.02
2018;Neuquén;Agricultura y Ganaderia;3B. Gestión del estiércol;CH4;0.29;8.26
2018;Río Negro;Agricultura y Ganaderia;3B. Gestión del estiércol;CH4;23.68;663.1
2018;Salta;Agricultura y Ganaderia;3B. Gestión del estiércol;CH4;125.53;3514.8
2018;San Juan;Agricultura y Ganaderia;3B. Gestión del estiércol;CH4;3.29;92.02
2018;San Luis;Agricultura y Ganaderia;3B. Gestión del estiércol;CH4;83.43;2335.98
2018;Santa Cruz;Agricultura y Ganaderia;3B. Gestión del estiércol;CH4;0.23;6.33
2018;Santa Fe;Agricultura y Ganaderia;3B. Gestión del estiércol;CH4;10344.23;289638.39
2018;Santiago del Estero;Agricultura y Ganaderia;3B. Gestión del estiércol;CH4;507.97;14223.14
2018;Tucumán;Agricultura y Ganaderia;3B. Gestión del estiércol;CH4;76.98;2155.47
2018;Tierra del Fuego, Antártida e Islas del Atlántico Sur;Agricultura y Ganaderia;3B. Gestión del estiércol;CH4;0.67;18.75
2018;Buenos Aires;Agricultura y Ganaderia;3D. Suelos agrícolas;N2O;427.92;113398.89
2018;Catamarca;Agricultura y Ganaderia;3D. Suelos agrícolas;N2O;0.62;163.29
2018;Córdoba;Agricultura y Ganaderia;3D. Suelos agrícolas;N2O;513.4;136049.94
2018;Corrientes;Agricultura y Ganaderia;3D. Suelos agrícolas;N2O;0.04;10.89
2018;Chaco;Agricultura y Ganaderia;3D. Suelos agrícolas;N2O;0.03;7.44
2018;Chubut;Agricultura y Ganaderia;3D. Suelos agrícolas;N2O;0.13;34.71
2018;Entre Ríos;Agricultura y Ganaderia;3D. Suelos agrícolas;N2O;81.43;21578.8
2018;Formosa;Agricultura y Ganaderia;3D. Suelos agrícolas;N2O;0.01;1.46
2018;Jujuy;Agricultura y Ganaderia;3D. Suelos agrícolas;N2O;0.29;76.84
2018;La Pampa;Agricultura y Ganaderia;3D. Suelos agrícolas;N2O;25.85;6849.54
2018;La Rioja;Agricultura y Ganaderia;3D. Suelos agrícolas;N2O;0.0;1.12
2018;Mendoza;Agricultura y Ganaderia;3D. Suelos agrícolas;N2O;0.27;72.82
2018;Misiones;Agricultura y Ganaderia;3D. Suelos agrícolas;N2O;0.01;2.17
2018;Neuquén;Agricultura y Ganaderia;3D. Suelos agrícolas;N2O;0.02;4.37
2018;Río Negro;Agricultura y Ganaderia;3D. Suelos agrícolas;N2O;1.57;415.63
2018;Salta;Agricultura y Ganaderia;3D. Suelos agrícolas;N2O;6.33;1677.5
2018;San Juan;Agricultura y Ganaderia;3D. Suelos agrícolas;N2O;0.18;48.98
2018;San Luis;Agricultura y Ganaderia;3D. Suelos agrícolas;N2O;4.77;1263.29
2018;Santa Cruz;Agricultura y Ganaderia;3D. Suelos agrícolas;N2O;0.01;3.68
2018;Santa Fe;Agricultura y Ganaderia;3D. Suelos agrícolas;N2O;458.2;121422.94
2018;Santiago del Estero;Agricultura y Ganaderia;3D. Suelos agrícolas;N2O;22.97;6088.26
2018;Tucumán;Agricultura y Ganaderia;3D. Suelos agrícolas;N2O;3.8;1005.77
2018;Tierra del Fuego, Antártida e Islas del Atlántico Sur;Agricultura y Ganaderia;3D. Suelos agrícolas;N2O;0.04;11.53
2018;Buenos Aires;Agricultura y Ganaderia;3B. Gestión del estiércol;N2O;30.78;8156.57
2018;Catamarca;Agricultura y Ganaderia;3B. Gestión del estiércol;N2O;0.04;10.35
2018;Córdoba;Agricultura y Ganaderia;3B. Gestión del estiércol;N2O;36.98;9798.71
2018;Corrientes;Agricultura y Ganaderia;3B. Gestión del estiércol;N2O;0.0;0.82
2018;Chaco;Agricultura y Ganaderia;3B. Gestión del estiércol;N2O;0.0;0.46
2018;Chubut;Agricultura y Ganaderia;3B. Gestión del estiércol;N2O;0.01;2.37
2018;Entre Ríos;Agricultura y Ganaderia;3B. Gestión del estiércol;N2O;5.7;1509.71
2018;Formosa;Agricultura y Ganaderia;3B. Gestión del estiércol;N2O;0.0;0.08
2018;Jujuy;Agricultura y Ganaderia;3B. Gestión del estiércol;N2O;0.02;5.78
2018;La Pampa;Agricultura y Ganaderia;3B. Gestión del estiércol;N2O;1.83;485.8
2018;La Rioja;Agricultura y Ganaderia;3B. Gestión del estiércol;N2O;0.0;0.08
2018;Mendoza;Agricultura y Ganaderia;3B. Gestión del estiércol;N2O;0.02;5.23
2018;Misiones;Agricultura y Ganaderia;3B. Gestión del estiércol;N2O;0.0;0.15
2018;Neuquén;Agricultura y Ganaderia;3B. Gestión del estiércol;N2O;0.0;0.33
2018;Río Negro;Agricultura y Ganaderia;3B. Gestión del estiércol;N2O;0.1;26.09
2018;Salta;Agricultura y Ganaderia;3B. Gestión del estiércol;N2O;0.43;114.33
2018;San Juan;Agricultura y Ganaderia;3B. Gestión del estiércol;N2O;0.01;2.89
2018;San Luis;Agricultura y Ganaderia;3B. Gestión del estiércol;N2O;0.32;86.09
2018;Santa Cruz;Agricultura y Ganaderia;3B. Gestión del estiércol;N2O;0.0;0.25
2018;Santa Fe;Agricultura y Ganaderia;3B. Gestión del estiércol;N2O;32.28;8554.17
2018;Santiago del Estero;Agricultura y Ganaderia;3B. Gestión del estiércol;N2O;1.66;440.96
2018;Tucumán;Agricultura y Ganaderia;3B. Gestión del estiércol;N2O;0.27;71.23
2018;Tierra del Fuego, Antártida e Islas del Atlántico Sur;Agricultura y Ganaderia;3B. Gestión del estiércol;N2O;0.0;0.74
2019;Buenos Aires;Agricultura y Ganaderia;3A. Fermentación entérica;CH4;67360.18;1886085.15
2019;Catamarca;Agricultura y Ganaderia;3A. Fermentación entérica;CH4;95.21;2665.89
2019;Córdoba;Agricultura y Ganaderia;3A. Fermentación entérica;CH4;85108.71;2383043.92
2019;Corrientes;Agricultura y Ganaderia;3A. Fermentación entérica;CH4;4.82;135.03
2019;Chubut;Agricultura y Ganaderia;3A. Fermentación entérica;CH4;20.39;570.89
2019;Entre Ríos;Agricultura y Ganaderia;3A. Fermentación entérica;CH4;12821.52;359002.66
2019;Formosa;Agricultura y Ganaderia;3A. Fermentación entérica;CH4;1.07;30.02
2019;Jujuy;Agricultura y Ganaderia;3A. Fermentación entérica;CH4;48.3;1352.38
2019;La Pampa;Agricultura y Ganaderia;3A. Fermentación entérica;CH4;3872.61;108433.07
2019;La Rioja;Agricultura y Ganaderia;3A. Fermentación entérica;CH4;0.81;22.78
2019;Mendoza;Agricultura y Ganaderia;3A. Fermentación entérica;CH4;39.91;1117.56
2019;Misiones;Agricultura y Ganaderia;3A. Fermentación entérica;CH4;1.3;36.48
2019;Neuquén;Agricultura y Ganaderia;3A. Fermentación entérica;CH4;8.68;243.06
2019;Río Negro;Agricultura y Ganaderia;3A. Fermentación entérica;CH4;292.54;8191.12
2019;Salta;Agricultura y Ganaderia;3A. Fermentación entérica;CH4;1040.65;29138.07
2019;San Juan;Agricultura y Ganaderia;3A. Fermentación entérica;CH4;34.21;957.83
2019;San Luis;Agricultura y Ganaderia;3A. Fermentación entérica;CH4;711.55;19923.36
2019;Santa Fe;Agricultura y Ganaderia;3A. Fermentación entérica;CH4;75041.83;2101171.36
2019;Santiago del Estero;Agricultura y Ganaderia;3A. Fermentación entérica;CH4;3806.06;106569.7
2019;Tucumán;Agricultura y Ganaderia;3A. Fermentación entérica;CH4;694.3;19440.31
2019;Tierra del Fuego, Antártida e Islas del Atlántico Sur;Agricultura y Ganaderia;3A. Fermentación entérica;CH4;12.0;335.89
2019;Buenos Aires;Agricultura y Ganaderia;3B. Gestión del estiércol;CH4;7415.34;207629.48
2019;Catamarca;Agricultura y Ganaderia;3B. Gestión del estiércol;CH4;10.28;287.73
2019;Córdoba;Agricultura y Ganaderia;3B. Gestión del estiércol;CH4;11950.63;334617.57
2019;Corrientes;Agricultura y Ganaderia;3B. Gestión del estiércol;CH4;0.68;19.03
2019;Chubut;Agricultura y Ganaderia;3B. Gestión del estiércol;CH4;2.01;56.24
2019;Entre Ríos;Agricultura y Ganaderia;3B. Gestión del estiércol;CH4;1772.17;49620.83
2019;Formosa;Agricultura y Ganaderia;3B. Gestión del estiércol;CH4;0.13;3.6
2019;Jujuy;Agricultura y Ganaderia;3B. Gestión del estiércol;CH4;6.28;175.81
2019;La Pampa;Agricultura y Ganaderia;3B. Gestión del estiércol;CH4;431.79;12090.25
2019;La Rioja;Agricultura y Ganaderia;3B. Gestión del estiércol;CH4;0.1;2.82
2019;Mendoza;Agricultura y Ganaderia;3B. Gestión del estiércol;CH4;5.1;142.78
2019;Misiones;Agricultura y Ganaderia;3B. Gestión del estiércol;CH4;0.18;5.08
2019;Neuquén;Agricultura y Ganaderia;3B. Gestión del estiércol;CH4;0.9;25.26
2019;Río Negro;Agricultura y Ganaderia;3B. Gestión del estiércol;CH4;27.11;759.06
2019;Salta;Agricultura y Ganaderia;3B. Gestión del estiércol;CH4;126.66;3546.49
2019;San Juan;Agricultura y Ganaderia;3B. Gestión del estiércol;CH4;4.12;115.27
2019;San Luis;Agricultura y Ganaderia;3B. Gestión del estiércol;CH4;76.16;2132.59
2019;Santa Fe;Agricultura y Ganaderia;3B. Gestión del estiércol;CH4;10067.16;281880.52
2019;Santiago del Estero;Agricultura y Ganaderia;3B. Gestión del estiércol;CH4;497.88;13940.57
2019;Tucumán;Agricultura y Ganaderia;3B. Gestión del estiércol;CH4;84.53;2366.84
2019;Tierra del Fuego, Antártida e Islas del Atlántico Sur;Agricultura y Ganaderia;3B. Gestión del estiércol;CH4;0.84;23.48
2019;Buenos Aires;Agricultura y Ganaderia;3D. Suelos agrícolas;N2O;396.65;105111.58
2019;Catamarca;Agricultura y Ganaderia;3D. Suelos agrícolas;N2O;0.57;151.89
2019;Córdoba;Agricultura y Ganaderia;3D. Suelos agrícolas;N2O;501.22;132822.75
2019;Corrientes;Agricultura y Ganaderia;3D. Suelos agrícolas;N2O;0.03;7.46
2019;Chubut;Agricultura y Ganaderia;3D. Suelos agrícolas;N2O;0.12;32.04
2019;Entre Ríos;Agricultura y Ganaderia;3D. Suelos agrícolas;N2O;75.63;20041.61
2019;Formosa;Agricultura y Ganaderia;3D. Suelos agrícolas;N2O;0.01;1.7
2019;Jujuy;Agricultura y Ganaderia;3D. Suelos agrícolas;N2O;0.28;74.87
2019;La Pampa;Agricultura y Ganaderia;3D. Suelos agrícolas;N2O;22.83;6048.93
2019;La Rioja;Agricultura y Ganaderia;3D. Suelos agrícolas;N2O;0.0;1.27
2019;Mendoza;Agricultura y Ganaderia;3D. Suelos agrícolas;N2O;0.24;62.35
2019;Misiones;Agricultura y Ganaderia;3D. Suelos agrícolas;N2O;0.01;2.03
2019;Neuquén;Agricultura y Ganaderia;3D. Suelos agrícolas;N2O;0.05;13.51
2019;Río Negro;Agricultura y Ganaderia;3D. Suelos agrícolas;N2O;1.74;462.24
2019;Salta;Agricultura y Ganaderia;3D. Suelos agrícolas;N2O;6.14;1626.81
2019;San Juan;Agricultura y Ganaderia;3D. Suelos agrícolas;N2O;0.2;53.84
2019;San Luis;Agricultura y Ganaderia;3D. Suelos agrícolas;N2O;4.2;1112.6
2019;Santa Fe;Agricultura y Ganaderia;3D. Suelos agrícolas;N2O;443.03;117402.53
2019;Santiago del Estero;Agricultura y Ganaderia;3D. Suelos agrícolas;N2O;22.41;5939.49
2019;Tucumán;Agricultura y Ganaderia;3D. Suelos agrícolas;N2O;4.09;1083.92
2019;Tierra del Fuego, Antártida e Islas del Atlántico Sur;Agricultura y Ganaderia;3D. Suelos agrícolas;N2O;0.07;19.7
2019;Buenos Aires;Agricultura y Ganaderia;3B. Gestión del estiércol;N2O;28.69;7603.49
2019;Catamarca;Agricultura y Ganaderia;3B. Gestión del estiércol;N2O;0.03;9.03
2019;Córdoba;Agricultura y Ganaderia;3B. Gestión del estiércol;N2O;36.32;9624.77
2019;Corrientes;Agricultura y Ganaderia;3B. Gestión del estiércol;N2O;0.0;0.59
2019;Chubut;Agricultura y Ganaderia;3B. Gestión del estiércol;N2O;0.01;2.24
2019;Entre Ríos;Agricultura y Ganaderia;3B. Gestión del estiércol;N2O;5.39;1428.43
2019;Formosa;Agricultura y Ganaderia;3B. Gestión del estiércol;N2O;0.0;0.11
2019;Jujuy;Agricultura y Ganaderia;3B. Gestión del estiércol;N2O;0.02;5.77
2019;La Pampa;Agricultura y Ganaderia;3B. Gestión del estiércol;N2O;1.64;433.57
2019;La Rioja;Agricultura y Ganaderia;3B. Gestión del estiércol;N2O;0.0;0.09
2019;Mendoza;Agricultura y Ganaderia;3B. Gestión del estiércol;N2O;0.02;4.55
2019;Misiones;Agricultura y Ganaderia;3B. Gestión del estiércol;N2O;0.0;0.16
2019;Neuquén;Agricultura y Ganaderia;3B. Gestión del estiércol;N2O;0.0;1.01
2019;Río Negro;Agricultura y Ganaderia;3B. Gestión del estiércol;N2O;0.11;29.97
2019;Salta;Agricultura y Ganaderia;3B. Gestión del estiércol;N2O;0.44;115.73
2019;San Juan;Agricultura y Ganaderia;3B. Gestión del estiércol;N2O;0.01;3.66
2019;San Luis;Agricultura y Ganaderia;3B. Gestión del estiércol;N2O;0.3;78.86
2019;Santa Fe;Agricultura y Ganaderia;3B. Gestión del estiércol;N2O;31.43;8328.28
2019;Santiago del Estero;Agricultura y Ganaderia;3B. Gestión del estiércol;N2O;1.63;432.34
2019;Tucumán;Agricultura y Ganaderia;3B. Gestión del estiércol;N2O;0.3;78.34
2019;Tierra del Fuego, Antártida e Islas del Atlántico Sur;Agricultura y Ganaderia;3B. Gestión del estiércol;N2O;0.0;0.89
2020;Buenos Aires;Agricultura y Ganaderia;3A. Fermentación entérica;CH4;71381.69;1998687.3
2020;Catamarca;Agricultura y Ganaderia;3A. Fermentación entérica;CH4;101.76;2849.4
2020;Córdoba;Agricultura y Ganaderia;3A. Fermentación entérica;CH4;82423.07;2307845.95
2020;Corrientes;Agricultura y Ganaderia;3A. Fermentación entérica;CH4;3.41;95.36
2020;Chubut;Agricultura y Ganaderia;3A. Fermentación entérica;CH4;20.17;564.8
2020;Entre Ríos;Agricultura y Ganaderia;3A. Fermentación entérica;CH4;13983.57;391540.01
2020;Formosa;Agricultura y Ganaderia;3A. Fermentación entérica;CH4;1.03;28.95
2020;Jujuy;Agricultura y Ganaderia;3A. Fermentación entérica;CH4;43.83;1227.23
2020;La Pampa;Agricultura y Ganaderia;3A. Fermentación entérica;CH4;3687.75;103256.97
2020;La Rioja;Agricultura y Ganaderia;3A. Fermentación entérica;CH4;1.02;28.52
2020;Mendoza;Agricultura y Ganaderia;3A. Fermentación entérica;CH4;44.46;1245.01
2020;Misiones;Agricultura y Ganaderia;3A. Fermentación entérica;CH4;245.02;6860.63
2020;Neuquén;Agricultura y Ganaderia;3A. Fermentación entérica;CH4;8.68;243.0
2020;Río Negro;Agricultura y Ganaderia;3A. Fermentación entérica;CH4;297.43;8327.92
2020;Salta;Agricultura y Ganaderia;3A. Fermentación entérica;CH4;1111.27;31115.5
2020;San Juan;Agricultura y Ganaderia;3A. Fermentación entérica;CH4;42.48;1189.33
2020;San Luis;Agricultura y Ganaderia;3A. Fermentación entérica;CH4;668.77;18725.52
2020;Santa Fe;Agricultura y Ganaderia;3A. Fermentación entérica;CH4;76884.41;2152763.45
2020;Santiago del Estero;Agricultura y Ganaderia;3A. Fermentación entérica;CH4;3663.19;102569.26
2020;Tucumán;Agricultura y Ganaderia;3A. Fermentación entérica;CH4;705.67;19758.82
2020;Tierra del Fuego, Antártida e Islas del Atlántico Sur;Agricultura y Ganaderia;3A. Fermentación entérica;CH4;8.01;224.31
2020;Buenos Aires;Agricultura y Ganaderia;3B. Gestión del estiércol;CH4;7968.28;223111.95
2020;Catamarca;Agricultura y Ganaderia;3B. Gestión del estiércol;CH4;11.47;321.23
2020;Córdoba;Agricultura y Ganaderia;3B. Gestión del estiércol;CH4;11682.06;327097.75
2020;Corrientes;Agricultura y Ganaderia;3B. Gestión del estiércol;CH4;0.43;12.0
2020;Chubut;Agricultura y Ganaderia;3B. Gestión del estiércol;CH4;2.03;56.8
2020;Entre Ríos;Agricultura y Ganaderia;3B. Gestión del estiércol;CH4;1950.89;54625.01
2020;Formosa;Agricultura y Ganaderia;3B. Gestión del estiércol;CH4;0.12;3.26
2020;Jujuy;Agricultura y Ganaderia;3B. Gestión del estiércol;CH4;5.84;163.49
2020;La Pampa;Agricultura y Ganaderia;3B. Gestión del estiércol;CH4;416.19;11653.2
2020;La Rioja;Agricultura y Ganaderia;3B. Gestión del estiércol;CH4;0.13;3.64
2020;Mendoza;Agricultura y Ganaderia;3B. Gestión del estiércol;CH4;6.02;168.63
2020;Misiones;Agricultura y Ganaderia;3B. Gestión del estiércol;CH4;31.54;883.07
2020;Neuquén;Agricultura y Ganaderia;3B. Gestión del estiércol;CH4;0.93;25.94
2020;Río Negro;Agricultura y Ganaderia;3B. Gestión del estiércol;CH4;27.76;777.38
2020;Salta;Agricultura y Ganaderia;3B. Gestión del estiércol;CH4;137.91;3861.45
2020;San Juan;Agricultura y Ganaderia;3B. Gestión del estiércol;CH4;5.09;142.65
2020;San Luis;Agricultura y Ganaderia;3B. Gestión del estiércol;CH4;71.82;2010.99
2020;Santa Fe;Agricultura y Ganaderia;3B. Gestión del estiércol;CH4;10461.35;292917.83
2020;Santiago del Estero;Agricultura y Ganaderia;3B. Gestión del estiércol;CH4;486.15;13612.33
2020;Tucumán;Agricultura y Ganaderia;3B. Gestión del estiércol;CH4;87.85;2459.93
2020;Tierra del Fuego, Antártida e Islas del Atlántico Sur;Agricultura y Ganaderia;3B. Gestión del estiércol;CH4;0.69;19.41
2020;Buenos Aires;Agricultura y Ganaderia;3D. Suelos agrícolas;N2O;419.47;111158.24
2020;Catamarca;Agricultura y Ganaderia;3D. Suelos agrícolas;N2O;0.61;161.39
2020;Córdoba;Agricultura y Ganaderia;3D. Suelos agrícolas;N2O;484.73;128453.34
2020;Corrientes;Agricultura y Ganaderia;3D. Suelos agrícolas;N2O;0.02;5.37
2020;Chubut;Agricultura y Ganaderia;3D. Suelos agrícolas;N2O;0.12;31.6
2020;Entre Ríos;Agricultura y Ganaderia;3D. Suelos agrícolas;N2O;82.38;21831.19
2020;Formosa;Agricultura y Ganaderia;3D. Suelos agrícolas;N2O;0.01;1.65
2020;Jujuy;Agricultura y Ganaderia;3D. Suelos agrícolas;N2O;0.26;67.64
2020;La Pampa;Agricultura y Ganaderia;3D. Suelos agrícolas;N2O;21.72;5755.23
2020;La Rioja;Agricultura y Ganaderia;3D. Suelos agrícolas;N2O;0.01;1.59
2020;Mendoza;Agricultura y Ganaderia;3D. Suelos agrícolas;N2O;0.26;68.81
2020;Misiones;Agricultura y Ganaderia;3D. Suelos agrícolas;N2O;1.46;385.62
2020;Neuquén;Agricultura y Ganaderia;3D. Suelos agrícolas;N2O;0.05;13.45
2020;Río Negro;Agricultura y Ganaderia;3D. Suelos agrícolas;N2O;1.77;469.49
2020;Salta;Agricultura y Ganaderia;3D. Suelos agrícolas;N2O;6.54;1732.44
2020;San Juan;Agricultura y Ganaderia;3D. Suelos agrícolas;N2O;0.25;66.85
2020;San Luis;Agricultura y Ganaderia;3D. Suelos agrícolas;N2O;3.95;1045.71
2020;Santa Fe;Agricultura y Ganaderia;3D. Suelos agrícolas;N2O;452.96;120035.44
2020;Santiago del Estero;Agricultura y Ganaderia;3D. Suelos agrícolas;N2O;21.53;5704.81
2020;Tucumán;Agricultura y Ganaderia;3D. Suelos agrícolas;N2O;4.14;1098.06
2020;Tierra del Fuego, Antártida e Islas del Atlántico Sur;Agricultura y Ganaderia;3D. Suelos agrícolas;N2O;0.05;12.75
2020;Buenos Aires;Agricultura y Ganaderia;3B. Gestión del estiércol;N2O;30.87;8179.98
2020;Catamarca;Agricultura y Ganaderia;3B. Gestión del estiércol;N2O;0.04;10.12
2020;Córdoba;Agricultura y Ganaderia;3B. Gestión del estiércol;N2O;35.53;9414.86
2020;Corrientes;Agricultura y Ganaderia;3B. Gestión del estiércol;N2O;0.0;0.37
2020;Chubut;Agricultura y Ganaderia;3B. Gestión del estiércol;N2O;0.01;2.26
2020;Entre Ríos;Agricultura y Ganaderia;3B. Gestión del estiércol;N2O;5.94;1573.66
2020;Formosa;Agricultura y Ganaderia;3B. Gestión del estiércol;N2O;0.0;0.1
2020;Jujuy;Agricultura y Ganaderia;3B. Gestión del estiércol;N2O;0.02;5.38
2020;La Pampa;Agricultura y Ganaderia;3B. Gestión del estiércol;N2O;1.57;416.26
2020;La Rioja;Agricultura y Ganaderia;3B. Gestión del estiércol;N2O;0.0;0.12
2020;Mendoza;Agricultura y Ganaderia;3B. Gestión del estiércol;N2O;0.02;5.4
2020;Misiones;Agricultura y Ganaderia;3B. Gestión del estiércol;N2O;0.1;26.99
2020;Neuquén;Agricultura y Ganaderia;3B. Gestión del estiércol;N2O;0.0;1.04
2020;Río Negro;Agricultura y Ganaderia;3B. Gestión del estiércol;N2O;0.12;30.72
2020;Salta;Agricultura y Ganaderia;3B. Gestión del estiércol;N2O;0.48;126.23
2020;San Juan;Agricultura y Ganaderia;3B. Gestión del estiércol;N2O;0.02;4.52
2020;San Luis;Agricultura y Ganaderia;3B. Gestión del estiércol;N2O;0.28;74.39
2020;Santa Fe;Agricultura y Ganaderia;3B. Gestión del estiércol;N2O;32.7;8664.3
2020;Santiago del Estero;Agricultura y Ganaderia;3B. Gestión del estiércol;N2O;1.59;422.67
2020;Tucumán;Agricultura y Ganaderia;3B. Gestión del estiércol;N2O;0.31;81.58
2020;Tierra del Fuego, Antártida e Islas del Atlántico Sur;Agricultura y Ganaderia;3B. Gestión del estiércol;N2O;0.0;0.76
2021;Buenos Aires;Agricultura y Ganaderia;3A. Fermentación entérica;CH4;69363.53;1942178.97
2021;Catamarca;Agricultura y Ganaderia;3A. Fermentación entérica;CH4;127.34;3565.65
2021;Córdoba;Agricultura y Ganaderia;3A. Fermentación entérica;CH4;83581.23;2340274.3
2021;Corrientes;Agricultura y Ganaderia;3A. Fermentación entérica;CH4;5.64;158.01
2021;Chaco;Agricultura y Ganaderia;3A. Fermentación entérica;CH4;1.33;37.1
2021;Chubut;Agricultura y Ganaderia;3A. Fermentación entérica;CH4;12.47;349.1
2021;Entre Ríos;Agricultura y Ganaderia;3A. Fermentación entérica;CH4;13660.96;382506.93
2021;Formosa;Agricultura y Ganaderia;3A. Fermentación entérica;CH4;4.95;138.6
2021;Jujuy;Agricultura y Ganaderia;3A. Fermentación entérica;CH4;12.88;360.56
2021;La Pampa;Agricultura y Ganaderia;3A. Fermentación entérica;CH4;3775.33;105709.3
2021;La Rioja;Agricultura y Ganaderia;3A. Fermentación entérica;CH4;1.49;41.64
2021;Mendoza;Agricultura y Ganaderia;3A. Fermentación entérica;CH4;42.3;1184.31
2021;Misiones;Agricultura y Ganaderia;3A. Fermentación entérica;CH4;297.51;8330.18
2021;Neuquén;Agricultura y Ganaderia;3A. Fermentación entérica;CH4;2.99;83.79
2021;Río Negro;Agricultura y Ganaderia;3A. Fermentación entérica;CH4;305.73;8560.4
2021;Salta;Agricultura y Ganaderia;3A. Fermentación entérica;CH4;1055.13;29543.51
2021;San Luis;Agricultura y Ganaderia;3A. Fermentación entérica;CH4;630.01;17640.42
2021;Santa Fe;Agricultura y Ganaderia;3A. Fermentación entérica;CH4;77676.78;2174949.92
2021;Santiago del Estero;Agricultura y Ganaderia;3A. Fermentación entérica;CH4;3640.01;101920.17
2021;Tucumán;Agricultura y Ganaderia;3A. Fermentación entérica;CH4;655.63;18357.75
2021;Tierra del Fuego, Antártida e Islas del Atlántico Sur;Agricultura y Ganaderia;3A. Fermentación entérica;CH4;12.56;351.75
2021;Buenos Aires;Agricultura y Ganaderia;3B. Gestión del estiércol;CH4;7636.4;213819.16
2021;Catamarca;Agricultura y Ganaderia;3B. Gestión del estiércol;CH4;14.94;418.35
2021;Córdoba;Agricultura y Ganaderia;3B. Gestión del estiércol;CH4;11951.9;334653.25
2021;Corrientes;Agricultura y Ganaderia;3B. Gestión del estiércol;CH4;0.67;18.89
2021;Chaco;Agricultura y Ganaderia;3B. Gestión del estiércol;CH4;0.17;4.72
2021;Chubut;Agricultura y Ganaderia;3B. Gestión del estiércol;CH4;1.14;32.06
2021;Entre Ríos;Agricultura y Ganaderia;3B. Gestión del estiércol;CH4;1895.57;53076.05
2021;Formosa;Agricultura y Ganaderia;3B. Gestión del estiércol;CH4;0.6;16.79
2021;Jujuy;Agricultura y Ganaderia;3B. Gestión del estiércol;CH4;1.6;44.79
2021;La Pampa;Agricultura y Ganaderia;3B. Gestión del estiércol;CH4;426.9;11953.17
2021;La Rioja;Agricultura y Ganaderia;3B. Gestión del estiércol;CH4;0.18;4.92
2021;Mendoza;Agricultura y Ganaderia;3B. Gestión del estiércol;CH4;5.54;155.15
2021;Misiones;Agricultura y Ganaderia;3B. Gestión del estiércol;CH4;37.6;1052.67
2021;Neuquén;Agricultura y Ganaderia;3B. Gestión del estiércol;CH4;0.26;7.29
2021;Río Negro;Agricultura y Ganaderia;3B. Gestión del estiércol;CH4;29.57;827.86
2021;Salta;Agricultura y Ganaderia;3B. Gestión del estiércol;CH4;126.52;3542.59
2021;San Luis;Agricultura y Ganaderia;3B. Gestión del estiércol;CH4;68.13;1907.69
2021;Santa Fe;Agricultura y Ganaderia;3B. Gestión del estiércol;CH4;10489.73;293712.48
2021;Santiago del Estero;Agricultura y Ganaderia;3B. Gestión del estiércol;CH4;475.96;13326.95
2021;Tucumán;Agricultura y Ganaderia;3B. Gestión del estiércol;CH4;82.3;2304.39
2021;Tierra del Fuego, Antártida e Islas del Atlántico Sur;Agricultura y Ganaderia;3B. Gestión del estiércol;CH4;0.92;25.66
2021;Buenos Aires;Agricultura y Ganaderia;3D. Suelos agrícolas;N2O;407.33;107942.81
2021;Catamarca;Agricultura y Ganaderia;3D. Suelos agrícolas;N2O;0.76;200.58
2021;Córdoba;Agricultura y Ganaderia;3D. Suelos agrícolas;N2O;490.27;129920.4
2021;Corrientes;Agricultura y Ganaderia;3D. Suelos agrícolas;N2O;0.03;8.97
2021;Chaco;Agricultura y Ganaderia;3D. Suelos agrícolas;N2O;0.01;2.07
2021;Chubut;Agricultura y Ganaderia;3D. Suelos agrícolas;N2O;0.07;19.74
2021;Entre Ríos;Agricultura y Ganaderia;3D. Suelos agrícolas;N2O;80.34;21289.17
2021;Formosa;Agricultura y Ganaderia;3D. Suelos agrícolas;N2O;0.03;7.79
2021;Jujuy;Agricultura y Ganaderia;3D. Suelos agrícolas;N2O;0.08;20.14
2021;La Pampa;Agricultura y Ganaderia;3D. Suelos agrícolas;N2O;22.2;5881.8
2021;La Rioja;Agricultura y Ganaderia;3D. Suelos agrícolas;N2O;0.01;2.34
2021;Mendoza;Agricultura y Ganaderia;3D. Suelos agrícolas;N2O;0.25;65.69
2021;Misiones;Agricultura y Ganaderia;3D. Suelos agrícolas;N2O;1.77;468.32
2021;Neuquén;Agricultura y Ganaderia;3D. Suelos agrícolas;N2O;0.02;4.78
2021;Río Negro;Agricultura y Ganaderia;3D. Suelos agrícolas;N2O;1.81;479.84
2021;Salta;Agricultura y Ganaderia;3D. Suelos agrícolas;N2O;6.23;1650.92
2021;San Luis;Agricultura y Ganaderia;3D. Suelos agrícolas;N2O;3.71;982.92
2021;Santa Fe;Agricultura y Ganaderia;3D. Suelos agrícolas;N2O;457.0;121103.71
2021;Santiago del Estero;Agricultura y Ganaderia;3D. Suelos agrícolas;N2O;21.41;5672.8
2021;Tucumán;Agricultura y Ganaderia;3D. Suelos agrícolas;N2O;3.84;1017.49
2021;Tierra del Fuego, Antártida e Islas del Atlántico Sur;Agricultura y Ganaderia;3D. Suelos agrícolas;N2O;0.08;20.47
2021;Buenos Aires;Agricultura y Ganaderia;3B. Gestión del estiércol;N2O;30.13;7983.33
2021;Catamarca;Agricultura y Ganaderia;3B. Gestión del estiércol;N2O;0.05;13.37
2021;Córdoba;Agricultura y Ganaderia;3B. Gestión del estiércol;N2O;36.66;9715.44
2021;Corrientes;Agricultura y Ganaderia;3B. Gestión del estiércol;N2O;0.0;0.58
2021;Chaco;Agricultura y Ganaderia;3B. Gestión del estiércol;N2O;0.0;0.15
2021;Chubut;Agricultura y Ganaderia;3B. Gestión del estiércol;N2O;0.0;1.28
2021;Entre Ríos;Agricultura y Ganaderia;3B. Gestión del estiércol;N2O;5.87;1555.96
2021;Formosa;Agricultura y Ganaderia;3B. Gestión del estiércol;N2O;0.0;0.52
2021;Jujuy;Agricultura y Ganaderia;3B. Gestión del estiércol;N2O;0.01;1.48
2021;La Pampa;Agricultura y Ganaderia;3B. Gestión del estiércol;N2O;1.63;431.49
2021;La Rioja;Agricultura y Ganaderia;3B. Gestión del estiércol;N2O;0.0;0.16
2021;Mendoza;Agricultura y Ganaderia;3B. Gestión del estiércol;N2O;0.02;5.01
2021;Misiones;Agricultura y Ganaderia;3B. Gestión del estiércol;N2O;0.12;32.44
2021;Neuquén;Agricultura y Ganaderia;3B. Gestión del estiércol;N2O;0.0;0.29
2021;Río Negro;Agricultura y Ganaderia;3B. Gestión del estiércol;N2O;0.13;33.18
2021;Salta;Agricultura y Ganaderia;3B. Gestión del estiércol;N2O;0.44;116.55
2021;San Luis;Agricultura y Ganaderia;3B. Gestión del estiércol;N2O;0.27;71.31
2021;Santa Fe;Agricultura y Ganaderia;3B. Gestión del estiércol;N2O;33.36;8840.43
2021;Santiago del Estero;Agricultura y Ganaderia;3B. Gestión del estiércol;N2O;1.57;417.27
2021;Tucumán;Agricultura y Ganaderia;3B. Gestión del estiércol;N2O;0.29;77.21
2021;Tierra del Fuego, Antártida e Islas del Atlántico Sur;Agricultura y Ganaderia;3B. Gestión del estiércol;N2O;0.0;0.99
2022;Buenos Aires;Agricultura y Ganaderia;3A. Fermentación entérica;CH4;68559.07;1919653.92
2022;Catamarca;Agricultura y Ganaderia;3A. Fermentación entérica;CH4;126.96;3554.8
2022;Córdoba;Agricultura y Ganaderia;3A. Fermentación entérica;CH4;83333.19;2333329.28
2022;Corrientes;Agricultura y Ganaderia;3A. Fermentación entérica;CH4;5.2;145.72
2022;Chaco;Agricultura y Ganaderia;3A. Fermentación entérica;CH4;1.07;30.05
2022;Chubut;Agricultura y Ganaderia;3A. Fermentación entérica;CH4;25.45;712.68
2022;Entre Ríos;Agricultura y Ganaderia;3A. Fermentación entérica;CH4;13869.81;388354.67
2022;Formosa;Agricultura y Ganaderia;3A. Fermentación entérica;CH4;6.35;177.81
2022;Jujuy;Agricultura y Ganaderia;3A. Fermentación entérica;CH4;14.61;409.07
2022;La Pampa;Agricultura y Ganaderia;3A. Fermentación entérica;CH4;3731.05;104469.44
2022;La Rioja;Agricultura y Ganaderia;3A. Fermentación entérica;CH4;1.69;47.45
2022;Mendoza;Agricultura y Ganaderia;3A. Fermentación entérica;CH4;31.89;892.84
2022;Misiones;Agricultura y Ganaderia;3A. Fermentación entérica;CH4;325.44;9112.22
2022;Neuquén;Agricultura y Ganaderia;3A. Fermentación entérica;CH4;3.99;111.83
2022;Río Negro;Agricultura y Ganaderia;3A. Fermentación entérica;CH4;395.54;11075.18
2022;Salta;Agricultura y Ganaderia;3A. Fermentación entérica;CH4;1032.77;28917.61
2022;San Luis;Agricultura y Ganaderia;3A. Fermentación entérica;CH4;543.27;15211.58
2022;Santa Cruz;Agricultura y Ganaderia;3A. Fermentación entérica;CH4;2.3;64.49
2022;Santa Fe;Agricultura y Ganaderia;3A. Fermentación entérica;CH4;78660.02;2202480.66
2022;Santiago del Estero;Agricultura y Ganaderia;3A. Fermentación entérica;CH4;3645.38;102070.77
2022;Tucumán;Agricultura y Ganaderia;3A. Fermentación entérica;CH4;748.95;20970.51
2022;Tierra del Fuego, Antártida e Islas del Atlántico Sur;Agricultura y Ganaderia;3A. Fermentación entérica;CH4;15.8;442.26
2022;Buenos Aires;Agricultura y Ganaderia;3B. Gestión del estiércol;CH4;7505.91;210165.46
2022;Catamarca;Agricultura y Ganaderia;3B. Gestión del estiércol;CH4;15.4;431.18
2022;Córdoba;Agricultura y Ganaderia;3B. Gestión del estiércol;CH4;11887.17;332840.62
2022;Corrientes;Agricultura y Ganaderia;3B. Gestión del estiércol;CH4;0.63;17.7
2022;Chaco;Agricultura y Ganaderia;3B. Gestión del estiércol;CH4;0.14;3.86
2022;Chubut;Agricultura y Ganaderia;3B. Gestión del estiércol;CH4;2.61;73.03
2022;Entre Ríos;Agricultura y Ganaderia;3B. Gestión del estiércol;CH4;1915.5;53633.99
2022;Formosa;Agricultura y Ganaderia;3B. Gestión del estiércol;CH4;0.85;23.89
2022;Jujuy;Agricultura y Ganaderia;3B. Gestión del estiércol;CH4;1.9;53.11
2022;La Pampa;Agricultura y Ganaderia;3B. Gestión del estiércol;CH4;419.1;11734.81
2022;La Rioja;Agricultura y Ganaderia;3B. Gestión del estiércol;CH4;0.19;5.31
2022;Mendoza;Agricultura y Ganaderia;3B. Gestión del estiércol;CH4;4.22;118.21
2022;Misiones;Agricultura y Ganaderia;3B. Gestión del estiércol;CH4;41.5;1162.03
2022;Neuquén;Agricultura y Ganaderia;3B. Gestión del estiércol;CH4;0.39;10.97
2022;Río Negro;Agricultura y Ganaderia;3B. Gestión del estiércol;CH4;34.7;971.66
2022;Salta;Agricultura y Ganaderia;3B. Gestión del estiércol;CH4;123.68;3463.06
2022;San Luis;Agricultura y Ganaderia;3B. Gestión del estiércol;CH4;55.87;1564.3
2022;Santa Cruz;Agricultura y Ganaderia;3B. Gestión del estiércol;CH4;0.25;7.11
2022;Santa Fe;Agricultura y Ganaderia;3B. Gestión del estiércol;CH4;10618.18;297308.97
2022;Santiago del Estero;Agricultura y Ganaderia;3B. Gestión del estiércol;CH4;480.79;13462.22
2022;Tucumán;Agricultura y Ganaderia;3B. Gestión del estiércol;CH4;94.98;2659.49
2022;Tierra del Fuego, Antártida e Islas del Atlántico Sur;Agricultura y Ganaderia;3B. Gestión del estiércol;CH4;1.27;35.56
2022;Buenos Aires;Agricultura y Ganaderia;3D. Suelos agrícolas;N2O;402.85;106756.54
2022;Catamarca;Agricultura y Ganaderia;3D. Suelos agrícolas;N2O;0.75;199.09
2022;Córdoba;Agricultura y Ganaderia;3D. Suelos agrícolas;N2O;488.97;129577.22
2022;Corrientes;Agricultura y Ganaderia;3D. Suelos agrícolas;N2O;0.03;8.23
2022;Chaco;Agricultura y Ganaderia;3D. Suelos agrícolas;N2O;0.01;1.68
2022;Chubut;Agricultura y Ganaderia;3D. Suelos agrícolas;N2O;0.15;39.67
2022;Entre Ríos;Agricultura y Ganaderia;3D. Suelos agrícolas;N2O;81.62;21629.6
2022;Formosa;Agricultura y Ganaderia;3D. Suelos agrícolas;N2O;0.04;9.88
2022;Jujuy;Agricultura y Ganaderia;3D. Suelos agrícolas;N2O;0.09;22.63
2022;La Pampa;Agricultura y Ganaderia;3D. Suelos agrícolas;N2O;21.95;5816.46
2022;La Rioja;Agricultura y Ganaderia;3D. Suelos agrícolas;N2O;0.01;2.69
2022;Mendoza;Agricultura y Ganaderia;3D. Suelos agrícolas;N2O;0.19;49.49
2022;Misiones;Agricultura y Ganaderia;3D. Suelos agrícolas;N2O;1.93;511.74
2022;Neuquén;Agricultura y Ganaderia;3D. Suelos agrícolas;N2O;0.02;6.28
2022;Río Negro;Agricultura y Ganaderia;3D. Suelos agrícolas;N2O;2.37;628.67
2022;Salta;Agricultura y Ganaderia;3D. Suelos agrícolas;N2O;6.1;1616.3
2022;San Luis;Agricultura y Ganaderia;3D. Suelos agrícolas;N2O;3.22;853.39
2022;Santa Cruz;Agricultura y Ganaderia;3D. Suelos agrícolas;N2O;0.01;3.55
2022;Santa Fe;Agricultura y Ganaderia;3D. Suelos agrícolas;N2O;462.8;122642.67
2022;Santiago del Estero;Agricultura y Ganaderia;3D. Suelos agrícolas;N2O;21.41;5673.92
2022;Tucumán;Agricultura y Ganaderia;3D. Suelos agrícolas;N2O;4.38;1160.45
2022;Tierra del Fuego, Antártida e Islas del Atlántico Sur;Agricultura y Ganaderia;3D. Suelos agrícolas;N2O;0.1;25.41
2022;Buenos Aires;Agricultura y Ganaderia;3B. Gestión del estiércol;N2O;29.63;7850.9
2022;Catamarca;Agricultura y Ganaderia;3B. Gestión del estiércol;N2O;0.05;13.82
2022;Córdoba;Agricultura y Ganaderia;3B. Gestión del estiércol;N2O;36.46;9660.88
2022;Corrientes;Agricultura y Ganaderia;3B. Gestión del estiércol;N2O;0.0;0.54
2022;Chaco;Agricultura y Ganaderia;3B. Gestión del estiércol;N2O;0.0;0.12
2022;Chubut;Agricultura y Ganaderia;3B. Gestión del estiércol;N2O;0.01;2.95
2022;Entre Ríos;Agricultura y Ganaderia;3B. Gestión del estiércol;N2O;5.93;1571.72
2022;Formosa;Agricultura y Ganaderia;3B. Gestión del estiércol;N2O;0.0;0.75
2022;Jujuy;Agricultura y Ganaderia;3B. Gestión del estiércol;N2O;0.01;1.76
2022;La Pampa;Agricultura y Ganaderia;3B. Gestión del estiércol;N2O;1.6;424.55
2022;La Rioja;Agricultura y Ganaderia;3B. Gestión del estiércol;N2O;0.0;0.17
2022;Mendoza;Agricultura y Ganaderia;3B. Gestión del estiércol;N2O;0.01;3.82
2022;Misiones;Agricultura y Ganaderia;3B. Gestión del estiércol;N2O;0.14;35.84
2022;Neuquén;Agricultura y Ganaderia;3B. Gestión del estiércol;N2O;0.0;0.44
2022;Río Negro;Agricultura y Ganaderia;3B. Gestión del estiércol;N2O;0.15;38.47
2022;Salta;Agricultura y Ganaderia;3B. Gestión del estiércol;N2O;0.43;113.92
2022;San Luis;Agricultura y Ganaderia;3B. Gestión del estiércol;N2O;0.22;58.16
2022;Santa Cruz;Agricultura y Ganaderia;3B. Gestión del estiércol;N2O;0.0;0.29
2022;Santa Fe;Agricultura y Ganaderia;3B. Gestión del estiércol;N2O;33.77;8947.96
2022;Santiago del Estero;Agricultura y Ganaderia;3B. Gestión del estiércol;N2O;1.59;421.82
2022;Tucumán;Agricultura y Ganaderia;3B. Gestión del estiércol;N2O;0.34;89.19
2022;Tierra del Fuego, Antártida e Islas del Atlántico Sur;Agricultura y Ganaderia;3B. Gestión del estiércol;N2O;0.01;1.39
2010;Ciudad Autónoma de Buenos Aires;Agricultura y Ganaderia;3A. Fermentación entérica;CH4;0.73;20.5
2010;Ciudad Autónoma de Buenos Aires;Agricultura y Ganaderia;3B. Gestión del estiércol;CH4;0.01;0.25
2010;Ciudad Autónoma de Buenos Aires;Agricultura y Ganaderia;3B. Gestión del estiércol;N2O;0.0;0.07
2010;Ciudad Autónoma de Buenos Aires;Agricultura y Ganaderia;3D. Suelos agrícolas;N2O;0.0;0.82
2011;Ciudad Autónoma de Buenos Aires;Agricultura y Ganaderia;3A. Fermentación entérica;CH4;0.45;12.5
2011;Ciudad Autónoma de Buenos Aires;Agricultura y Ganaderia;3B. Gestión del estiércol;CH4;0.01;0.16
2011;Ciudad Autónoma de Buenos Aires;Agricultura y Ganaderia;3B. Gestión del estiércol;N2O;0.0;0.22
2011;Ciudad Autónoma de Buenos Aires;Agricultura y Ganaderia;3D. Suelos agrícolas;N2O;0.0;0.45
2012;Ciudad Autónoma de Buenos Aires;Agricultura y Ganaderia;3A. Fermentación entérica;CH4;0.56;15.77
2012;Ciudad Autónoma de Buenos Aires;Agricultura y Ganaderia;3B. Gestión del estiércol;CH4;0.01;0.2
2012;Ciudad Autónoma de Buenos Aires;Agricultura y Ganaderia;3B. Gestión del estiércol;N2O;0.0;0.22
2012;Ciudad Autónoma de Buenos Aires;Agricultura y Ganaderia;3D. Suelos agrícolas;N2O;0.0;0.6
2013;Ciudad Autónoma de Buenos Aires;Agricultura y Ganaderia;3A. Fermentación entérica;CH4;0.72;20.09
2013;Ciudad Autónoma de Buenos Aires;Agricultura y Ganaderia;3B. Gestión del estiércol;CH4;0.01;0.23
2013;Ciudad Autónoma de Buenos Aires;Agricultura y Ganaderia;3D. Suelos agrícolas;N2O;0.0;0.79
2013;Ciudad Autónoma de Buenos Aires;Agricultura y Ganaderia;3B. Gestión del estiércol;N2O;0.0;0.01
2014;Ciudad Autónoma de Buenos Aires;Agricultura y Ganaderia;3A. Fermentación entérica;CH4;1.77;49.6
2014;Misiones;Agricultura y Ganaderia;3A. Fermentación entérica;CH4;26349.66;737790.42
2014;Neuquén;Agricultura y Ganaderia;3A. Fermentación entérica;CH4;9968.84;279127.4
2014;Ciudad Autónoma de Buenos Aires;Agricultura y Ganaderia;3B. Gestión del estiércol;CH4;0.02;0.58
2014;Misiones;Agricultura y Ganaderia;3B. Gestión del estiércol;CH4;310.51;8694.37
2014;Neuquén;Agricultura y Ganaderia;3B. Gestión del estiércol;CH4;116.15;3252.24
2014;Ciudad Autónoma de Buenos Aires;Agricultura y Ganaderia;3B. Gestión del estiércol;N2O;0.0;0.14
2014;Neuquén;Agricultura y Ganaderia;3B. Gestión del estiércol;N2O;18.13;4805.13
2014;Ciudad Autónoma de Buenos Aires;Agricultura y Ganaderia;3D. Suelos agrícolas;N2O;0.01;1.92
2014;Misiones;Agricultura y Ganaderia;3D. Suelos agrícolas;N2O;84.67;22436.43
2014;Neuquén;Agricultura y Ganaderia;3D. Suelos agrícolas;N2O;31.0;8216.01
2014;Misiones;Agricultura y Ganaderia;3B. Gestión del estiércol;N2O;0.85;226.05
2015;Ciudad Autónoma de Buenos Aires;Agricultura y Ganaderia;3A. Fermentación entérica;CH4;0.61;17.11
2015;Ciudad Autónoma de Buenos Aires;Agricultura y Ganaderia;3B. Gestión del estiércol;CH4;0.01;0.21
2015;Ciudad Autónoma de Buenos Aires;Agricultura y Ganaderia;3B. Gestión del estiércol;N2O;0.0;0.11
2015;Ciudad Autónoma de Buenos Aires;Agricultura y Ganaderia;3D. Suelos agrícolas;N2O;0.0;0.63
2016;Ciudad Autónoma de Buenos Aires;Agricultura y Ganaderia;3A. Fermentación entérica;CH4;0.49;13.71
2016;Ciudad Autónoma de Buenos Aires;Agricultura y Ganaderia;3B. Gestión del estiércol;CH4;0.01;0.17
2016;Ciudad Autónoma de Buenos Aires;Agricultura y Ganaderia;3B. Gestión del estiércol;N2O;0.0;0.11
2016;Ciudad Autónoma de Buenos Aires;Agricultura y Ganaderia;3D. Suelos agrícolas;N2O;0.0;0.51
2017;Ciudad Autónoma de Buenos Aires;Agricultura y Ganaderia;3A. Fermentación entérica;CH4;0.9;25.19
2017;Ciudad Autónoma de Buenos Aires;Agricultura y Ganaderia;3B. Gestión del estiércol;CH4;0.01;0.31
2017;Ciudad Autónoma de Buenos Aires;Agricultura y Ganaderia;3B. Gestión del estiércol;N2O;0.0;0.21
2017;Ciudad Autónoma de Buenos Aires;Agricultura y Ganaderia;3D. Suelos agrícolas;N2O;0.0;0.97
2018;Ciudad Autónoma de Buenos Aires;Agricultura y Ganaderia;3A. Fermentación entérica;CH4;0.71;19.93
2018;Ciudad Autónoma de Buenos Aires;Agricultura y Ganaderia;3B. Gestión del estiércol;CH4;0.01;0.24
2018;Ciudad Autónoma de Buenos Aires;Agricultura y Ganaderia;3B. Gestión del estiércol;N2O;0.0;0.14
2018;Ciudad Autónoma de Buenos Aires;Agricultura y Ganaderia;3D. Suelos agrícolas;N2O;0.0;0.77
2019;Ciudad Autónoma de Buenos Aires;Agricultura y Ganaderia;3A. Fermentación entérica;CH4;0.55;15.45
2019;Chaco;Agricultura y Ganaderia;3A. Fermentación entérica;CH4;133535.78;3739001.81
2019;Santa Cruz;Agricultura y Ganaderia;3A. Fermentación entérica;CH4;5863.81;164186.61
2019;Ciudad Autónoma de Buenos Aires;Agricultura y Ganaderia;3B. Gestión del estiércol;CH4;0.01;0.19
2019;Chaco;Agricultura y Ganaderia;3B. Gestión del estiércol;CH4;1557.44;43608.27
2019;Santa Cruz;Agricultura y Ganaderia;3B. Gestión del estiércol;CH4;67.38;1886.74
2019;Ciudad Autónoma de Buenos Aires;Agricultura y Ganaderia;3B. Gestión del estiércol;N2O;0.0;0.07
2019;Chaco;Agricultura y Ganaderia;3B. Gestión del estiércol;N2O;19.54;5179.2
2019;Santa Cruz;Agricultura y Ganaderia;3B. Gestión del estiércol;N2O;6.13;1623.88
2019;Ciudad Autónoma de Buenos Aires;Agricultura y Ganaderia;3D. Suelos agrícolas;N2O;0.0;0.63
2019;Chaco;Agricultura y Ganaderia;3D. Suelos agrícolas;N2O;418.59;110925.87
2019;Santa Cruz;Agricultura y Ganaderia;3D. Suelos agrícolas;N2O;18.58;4924.39
2020;Ciudad Autónoma de Buenos Aires;Agricultura y Ganaderia;3A. Fermentación entérica;CH4;0.79;22.17
2020;Chaco;Agricultura y Ganaderia;3A. Fermentación entérica;CH4;128457.51;3596810.3
2020;Santa Cruz;Agricultura y Ganaderia;3A. Fermentación entérica;CH4;6037.44;169048.2
2020;Ciudad Autónoma de Buenos Aires;Agricultura y Ganaderia;3B. Gestión del estiércol;CH4;0.01;0.26
2020;Chaco;Agricultura y Ganaderia;3B. Gestión del estiércol;CH4;1497.04;41917.06
2020;Santa Cruz;Agricultura y Ganaderia;3B. Gestión del estiércol;CH4;69.38;1942.51
2020;Ciudad Autónoma de Buenos Aires;Agricultura y Ganaderia;3B. Gestión del estiércol;N2O;0.0;0.07
2020;Chaco;Agricultura y Ganaderia;3B. Gestión del estiércol;N2O;17.35;4599.01
2020;Santa Cruz;Agricultura y Ganaderia;3B. Gestión del estiércol;N2O;6.39;1692.88
2020;Ciudad Autónoma de Buenos Aires;Agricultura y Ganaderia;3D. Suelos agrícolas;N2O;0.0;0.86
2020;Chaco;Agricultura y Ganaderia;3D. Suelos agrícolas;N2O;403.33;106883.72
2020;Santa Cruz;Agricultura y Ganaderia;3D. Suelos agrícolas;N2O;19.11;5065.02
2021;Ciudad Autónoma de Buenos Aires;Agricultura y Ganaderia;3A. Fermentación entérica;CH4;0.67;18.86
2021;San Juan;Agricultura y Ganaderia;3A. Fermentación entérica;CH4;1580.51;44254.24
2021;Santa Cruz;Agricultura y Ganaderia;3A. Fermentación entérica;CH4;5104.58;142928.27
2021;Ciudad Autónoma de Buenos Aires;Agricultura y Ganaderia;3B. Gestión del estiércol;CH4;0.01;0.22
2021;San Juan;Agricultura y Ganaderia;3B. Gestión del estiércol;CH4;16.05;449.48
2021;Santa Cruz;Agricultura y Ganaderia;3B. Gestión del estiércol;CH4;58.75;1644.93
2021;Ciudad Autónoma de Buenos Aires;Agricultura y Ganaderia;3B. Gestión del estiércol;N2O;0.0;0.06
2021;Santa Cruz;Agricultura y Ganaderia;3B. Gestión del estiércol;N2O;4.58;1214.04
2021;Ciudad Autónoma de Buenos Aires;Agricultura y Ganaderia;3D. Suelos agrícolas;N2O;0.0;0.74
2021;San Juan;Agricultura y Ganaderia;3D. Suelos agrícolas;N2O;5.2;1377.48
2021;Santa Cruz;Agricultura y Ganaderia;3D. Suelos agrícolas;N2O;16.31;4322.24
2021;San Juan;Agricultura y Ganaderia;3B. Gestión del estiércol;N2O;0.06;16.98
2022;Ciudad Autónoma de Buenos Aires;Agricultura y Ganaderia;3A. Fermentación entérica;CH4;0.63;17.73
2022;San Juan;Agricultura y Ganaderia;3A. Fermentación entérica;CH4;1582.51;44310.28
2022;Ciudad Autónoma de Buenos Aires;Agricultura y Ganaderia;3B. Gestión del estiércol;CH4;0.01;0.21
2022;San Juan;Agricultura y Ganaderia;3B. Gestión del estiércol;CH4;16.08;450.13
2022;Ciudad Autónoma de Buenos Aires;Agricultura y Ganaderia;3B. Gestión del estiércol;N2O;0.0;0.06
2022;Ciudad Autónoma de Buenos Aires;Agricultura y Ganaderia;3D. Suelos agrícolas;N2O;0.0;0.7
2022;San Juan;Agricultura y Ganaderia;3D. Suelos agrícolas;N2O;5.21;1381.08
2022;San Juan;Agricultura y Ganaderia;3B. Gestión del estiércol;N2O;0.07;17.69
2010;Jurisdiccion sin determinar;Agricultura y Ganaderia;3B. Gestión del estiércol;CH4;1829.24;51218.61
2011;Jurisdiccion sin determinar;Agricultura y Ganaderia;3B. Gestión del estiércol;CH4;1944.0;54431.91
2012;Jurisdiccion sin determinar;Agricultura y Ganaderia;3B. Gestión del estiércol;CH4;1989.06;55693.63
2013;Jurisdiccion sin determinar;Agricultura y Ganaderia;3B. Gestión del estiércol;CH4;2007.71;56215.95
2014;Jurisdiccion sin determinar;Agricultura y Ganaderia;3B. Gestión del estiércol;CH4;2042.65;57194.13
2015;Jurisdiccion sin determinar;Agricultura y Ganaderia;3B. Gestión del estiércol;CH4;2048.65;57362.25
2010;Jurisdiccion sin determinar;Agricultura y Ganaderia;3B. Gestión del estiércol;N2O;107.0;28354.8
2011;Jurisdiccion sin determinar;Agricultura y Ganaderia;3B. Gestión del estiércol;N2O;112.01;29683.23
2012;Jurisdiccion sin determinar;Agricultura y Ganaderia;3B. Gestión del estiércol;N2O;112.96;29933.35
2013;Jurisdiccion sin determinar;Agricultura y Ganaderia;3B. Gestión del estiércol;N2O;114.62;30373.11
2014;Jurisdiccion sin determinar;Agricultura y Ganaderia;3B. Gestión del estiércol;N2O;117.29;31081.79
2015;Jurisdiccion sin determinar;Agricultura y Ganaderia;3B. Gestión del estiércol;N2O;117.84;31227.14
2010;Jurisdiccion sin determinar;Agricultura y Ganaderia;3D. Suelos agrícolas;N2O;605.07;160342.38
2011;Jurisdiccion sin determinar;Agricultura y Ganaderia;3D. Suelos agrícolas;N2O;637.15;168845.44
2012;Jurisdiccion sin determinar;Agricultura y Ganaderia;3D. Suelos agrícolas;N2O;646.21;171246.18
2013;Jurisdiccion sin determinar;Agricultura y Ganaderia;3D. Suelos agrícolas;N2O;654.35;173401.63
2014;Jurisdiccion sin determinar;Agricultura y Ganaderia;3D. Suelos agrícolas;N2O;668.08;177041.43
2015;Jurisdiccion sin determinar;Agricultura y Ganaderia;3D. Suelos agrícolas;N2O;670.75;177748.33
2010;Jurisdiccion sin determinar;Usos de la Tierra, Cambios de Uso de la Tierra y Silvicultura;4A. Tierras forestales;CO2;-14939.89;-14939.89
2010;Catamarca;Usos de la Tierra, Cambios de Uso de la Tierra y Silvicultura;4A. Tierras forestales;CO2;-27126.7;-27126.7
2010;Córdoba;Usos de la Tierra, Cambios de Uso de la Tierra y Silvicultura;4A. Tierras forestales;CO2;-170221.17;-170221.17
2010;Corrientes;Usos de la Tierra, Cambios de Uso de la Tierra y Silvicultura;4A. Tierras forestales;CO2;-7069.21;-7069.21
2010;Chaco;Usos de la Tierra, Cambios de Uso de la Tierra y Silvicultura;4A. Tierras forestales;CO2;-2073503.79;-2073503.79
2010;Chubut;Usos de la Tierra, Cambios de Uso de la Tierra y Silvicultura;4A. Tierras forestales;CO2;-51981.19;-51981.19
2010;Entre Ríos;Usos de la Tierra, Cambios de Uso de la Tierra y Silvicultura;4A. Tierras forestales;CO2;-22666.7;-22666.7
2010;Formosa;Usos de la Tierra, Cambios de Uso de la Tierra y Silvicultura;4A. Tierras forestales;CO2;-222961.82;-222961.82
2010;Jujuy;Usos de la Tierra, Cambios de Uso de la Tierra y Silvicultura;4A. Tierras forestales;CO2;-49917.84;-49917.84
2010;La Pampa;Usos de la Tierra, Cambios de Uso de la Tierra y Silvicultura;4A. Tierras forestales;CO2;-43550.03;-43550.03
2010;La Rioja;Usos de la Tierra, Cambios de Uso de la Tierra y Silvicultura;4A. Tierras forestales;CO2;-7550.9;-7550.9
2010;Mendoza;Usos de la Tierra, Cambios de Uso de la Tierra y Silvicultura;4A. Tierras forestales;CO2;-7481.1;-7481.1
2010;Misiones;Usos de la Tierra, Cambios de Uso de la Tierra y Silvicultura;4A. Tierras forestales;CO2;-460723.74;-460723.74
2010;Neuquén;Usos de la Tierra, Cambios de Uso de la Tierra y Silvicultura;4A. Tierras forestales;CO2;-14037.1;-14037.1
2010;Río Negro;Usos de la Tierra, Cambios de Uso de la Tierra y Silvicultura;4A. Tierras forestales;CO2;-18190.75;-18190.75
2010;Salta;Usos de la Tierra, Cambios de Uso de la Tierra y Silvicultura;4A. Tierras forestales;CO2;-196065.56;-196065.56
2010;San Juan;Usos de la Tierra, Cambios de Uso de la Tierra y Silvicultura;4A. Tierras forestales;CO2;-147.57;-147.57
2010;San Luis;Usos de la Tierra, Cambios de Uso de la Tierra y Silvicultura;4A. Tierras forestales;CO2;-115088.78;-115088.78
2010;Santa Cruz;Usos de la Tierra, Cambios de Uso de la Tierra y Silvicultura;4A. Tierras forestales;CO2;-861.0;-861.0
2010;Santa Fe;Usos de la Tierra, Cambios de Uso de la Tierra y Silvicultura;4A. Tierras forestales;CO2;-50259.02;-50259.02
2010;Santiago del Estero;Usos de la Tierra, Cambios de Uso de la Tierra y Silvicultura;4A. Tierras forestales;CO2;-808032.97;-808032.97
2010;Tucumán;Usos de la Tierra, Cambios de Uso de la Tierra y Silvicultura;4A. Tierras forestales;CO2;-15573.01;-15573.01
2010;Tierra del Fuego, Antártida e Islas del Atlántico Sur;Usos de la Tierra, Cambios de Uso de la Tierra y Silvicultura;4A. Tierras forestales;CO2;-59775.23;-59775.23
2011;Jurisdiccion sin determinar;Usos de la Tierra, Cambios de Uso de la Tierra y Silvicultura;4A. Tierras forestales;CO2;-14642.11;-14642.11
2011;Catamarca;Usos de la Tierra, Cambios de Uso de la Tierra y Silvicultura;4A. Tierras forestales;CO2;-26967.43;-26967.43
2011;Córdoba;Usos de la Tierra, Cambios de Uso de la Tierra y Silvicultura;4A. Tierras forestales;CO2;-158610.17;-158610.17
2011;Corrientes;Usos de la Tierra, Cambios de Uso de la Tierra y Silvicultura;4A. Tierras forestales;CO2;-6796.45;-6796.45
2011;Chaco;Usos de la Tierra, Cambios de Uso de la Tierra y Silvicultura;4A. Tierras forestales;CO2;-2183632.61;-2183632.61
2011;Chubut;Usos de la Tierra, Cambios de Uso de la Tierra y Silvicultura;4A. Tierras forestales;CO2;-51395.83;-51395.83
2011;Entre Ríos;Usos de la Tierra, Cambios de Uso de la Tierra y Silvicultura;4A. Tierras forestales;CO2;-21858.49;-21858.49
2011;Formosa;Usos de la Tierra, Cambios de Uso de la Tierra y Silvicultura;4A. Tierras forestales;CO2;-234062.17;-234062.17
2011;Jujuy;Usos de la Tierra, Cambios de Uso de la Tierra y Silvicultura;4A. Tierras forestales;CO2;-52119.16;-52119.16
2011;La Pampa;Usos de la Tierra, Cambios de Uso de la Tierra y Silvicultura;4A. Tierras forestales;CO2;-42581.43;-42581.43
2011;La Rioja;Usos de la Tierra, Cambios de Uso de la Tierra y Silvicultura;4A. Tierras forestales;CO2;-7757.7;-7757.7
2011;Mendoza;Usos de la Tierra, Cambios de Uso de la Tierra y Silvicultura;4A. Tierras forestales;CO2;-7456.74;-7456.74
2011;Misiones;Usos de la Tierra, Cambios de Uso de la Tierra y Silvicultura;4A. Tierras forestales;CO2;-446979.9;-446979.9
2011;Neuquén;Usos de la Tierra, Cambios de Uso de la Tierra y Silvicultura;4A. Tierras forestales;CO2;-13782.1;-13782.1
2011;Río Negro;Usos de la Tierra, Cambios de Uso de la Tierra y Silvicultura;4A. Tierras forestales;CO2;-17804.72;-17804.72
2011;Salta;Usos de la Tierra, Cambios de Uso de la Tierra y Silvicultura;4A. Tierras forestales;CO2;-185049.74;-185049.74
2011;San Juan;Usos de la Tierra, Cambios de Uso de la Tierra y Silvicultura;4A. Tierras forestales;CO2;-141.66;-141.66
2011;San Luis;Usos de la Tierra, Cambios de Uso de la Tierra y Silvicultura;4A. Tierras forestales;CO2;-109646.42;-109646.42
2011;Santa Cruz;Usos de la Tierra, Cambios de Uso de la Tierra y Silvicultura;4A. Tierras forestales;CO2;-878.21;-878.21
2011;Santa Fe;Usos de la Tierra, Cambios de Uso de la Tierra y Silvicultura;4A. Tierras forestales;CO2;-47341.01;-47341.01
2011;Santiago del Estero;Usos de la Tierra, Cambios de Uso de la Tierra y Silvicultura;4A. Tierras forestales;CO2;-814098.09;-814098.09
2011;Tucumán;Usos de la Tierra, Cambios de Uso de la Tierra y Silvicultura;4A. Tierras forestales;CO2;-13467.25;-13467.25
2011;Tierra del Fuego, Antártida e Islas del Atlántico Sur;Usos de la Tierra, Cambios de Uso de la Tierra y Silvicultura;4A. Tierras forestales;CO2;-60764.68;-60764.68
2012;Jurisdiccion sin determinar;Usos de la Tierra, Cambios de Uso de la Tierra y Silvicultura;4A. Tierras forestales;CO2;-14364.49;-14364.49
2012;Catamarca;Usos de la Tierra, Cambios de Uso de la Tierra y Silvicultura;4A. Tierras forestales;CO2;-29246.4;-29246.4
2012;Córdoba;Usos de la Tierra, Cambios de Uso de la Tierra y Silvicultura;4A. Tierras forestales;CO2;-148103.67;-148103.67
2012;Corrientes;Usos de la Tierra, Cambios de Uso de la Tierra y Silvicultura;4A. Tierras forestales;CO2;-6585.27;-6585.27
2012;Chaco;Usos de la Tierra, Cambios de Uso de la Tierra y Silvicultura;4A. Tierras forestales;CO2;-2260675.88;-2260675.88
2012;Chubut;Usos de la Tierra, Cambios de Uso de la Tierra y Silvicultura;4A. Tierras forestales;CO2;-50743.06;-50743.06
2012;Entre Ríos;Usos de la Tierra, Cambios de Uso de la Tierra y Silvicultura;4A. Tierras forestales;CO2;-21050.27;-21050.27
2012;Formosa;Usos de la Tierra, Cambios de Uso de la Tierra y Silvicultura;4A. Tierras forestales;CO2;-231235.49;-231235.49
2012;Jujuy;Usos de la Tierra, Cambios de Uso de la Tierra y Silvicultura;4A. Tierras forestales;CO2;-50116.82;-50116.82
2012;La Pampa;Usos de la Tierra, Cambios de Uso de la Tierra y Silvicultura;4A. Tierras forestales;CO2;-40928.25;-40928.25
2012;La Rioja;Usos de la Tierra, Cambios de Uso de la Tierra y Silvicultura;4A. Tierras forestales;CO2;-8351.85;-8351.85
2012;Mendoza;Usos de la Tierra, Cambios de Uso de la Tierra y Silvicultura;4A. Tierras forestales;CO2;-7344.7;-7344.7
2012;Misiones;Usos de la Tierra, Cambios de Uso de la Tierra y Silvicultura;4A. Tierras forestales;CO2;-432641.67;-432641.67
2012;Neuquén;Usos de la Tierra, Cambios de Uso de la Tierra y Silvicultura;4A. Tierras forestales;CO2;-13570.88;-13570.88
2012;Río Negro;Usos de la Tierra, Cambios de Uso de la Tierra y Silvicultura;4A. Tierras forestales;CO2;-17375.98;-17375.98
2012;Salta;Usos de la Tierra, Cambios de Uso de la Tierra y Silvicultura;4A. Tierras forestales;CO2;-181393.49;-181393.49
2012;San Juan;Usos de la Tierra, Cambios de Uso de la Tierra y Silvicultura;4A. Tierras forestales;CO2;-133.92;-133.92
2012;San Luis;Usos de la Tierra, Cambios de Uso de la Tierra y Silvicultura;4A. Tierras forestales;CO2;-104279.97;-104279.97
2012;Santa Cruz;Usos de la Tierra, Cambios de Uso de la Tierra y Silvicultura;4A. Tierras forestales;CO2;-849.43;-849.43
2012;Santa Fe;Usos de la Tierra, Cambios de Uso de la Tierra y Silvicultura;4A. Tierras forestales;CO2;-44429.04;-44429.04
2012;Santiago del Estero;Usos de la Tierra, Cambios de Uso de la Tierra y Silvicultura;4A. Tierras forestales;CO2;-799792.82;-799792.82
2012;Tucumán;Usos de la Tierra, Cambios de Uso de la Tierra y Silvicultura;4A. Tierras forestales;CO2;-11851.19;-11851.19
2012;Tierra del Fuego, Antártida e Islas del Atlántico Sur;Usos de la Tierra, Cambios de Uso de la Tierra y Silvicultura;4A. Tierras forestales;CO2;-61606.33;-61606.33
2013;Jurisdiccion sin determinar;Usos de la Tierra, Cambios de Uso de la Tierra y Silvicultura;4A. Tierras forestales;CO2;-14138.5;-14138.5
2013;Catamarca;Usos de la Tierra, Cambios de Uso de la Tierra y Silvicultura;4A. Tierras forestales;CO2;-32303.28;-32303.28
2013;Córdoba;Usos de la Tierra, Cambios de Uso de la Tierra y Silvicultura;4A. Tierras forestales;CO2;-136898.87;-136898.87
2013;Corrientes;Usos de la Tierra, Cambios de Uso de la Tierra y Silvicultura;4A. Tierras forestales;CO2;-6367.14;-6367.14
2013;Chaco;Usos de la Tierra, Cambios de Uso de la Tierra y Silvicultura;4A. Tierras forestales;CO2;-2316992.33;-2316992.33
2013;Chubut;Usos de la Tierra, Cambios de Uso de la Tierra y Silvicultura;4A. Tierras forestales;CO2;-50160.05;-50160.05
2013;Entre Ríos;Usos de la Tierra, Cambios de Uso de la Tierra y Silvicultura;4A. Tierras forestales;CO2;-20242.06;-20242.06
2013;Formosa;Usos de la Tierra, Cambios de Uso de la Tierra y Silvicultura;4A. Tierras forestales;CO2;-229164.11;-229164.11
2013;Jujuy;Usos de la Tierra, Cambios de Uso de la Tierra y Silvicultura;4A. Tierras forestales;CO2;-49318.38;-49318.38
2013;La Pampa;Usos de la Tierra, Cambios de Uso de la Tierra y Silvicultura;4A. Tierras forestales;CO2;-39309.15;-39309.15
2013;La Rioja;Usos de la Tierra, Cambios de Uso de la Tierra y Silvicultura;4A. Tierras forestales;CO2;-8433.48;-8433.48
2013;Mendoza;Usos de la Tierra, Cambios de Uso de la Tierra y Silvicultura;4A. Tierras forestales;CO2;-7205.85;-7205.85
2013;Misiones;Usos de la Tierra, Cambios de Uso de la Tierra y Silvicultura;4A. Tierras forestales;CO2;-417755.51;-417755.51
2013;Neuquén;Usos de la Tierra, Cambios de Uso de la Tierra y Silvicultura;4A. Tierras forestales;CO2;-13282.8;-13282.8
2013;Río Negro;Usos de la Tierra, Cambios de Uso de la Tierra y Silvicultura;4A. Tierras forestales;CO2;-16922.44;-16922.44
2013;Salta;Usos de la Tierra, Cambios de Uso de la Tierra y Silvicultura;4A. Tierras forestales;CO2;-194564.55;-194564.55
2013;San Juan;Usos de la Tierra, Cambios de Uso de la Tierra y Silvicultura;4A. Tierras forestales;CO2;-131.88;-131.88
2013;San Luis;Usos de la Tierra, Cambios de Uso de la Tierra y Silvicultura;4A. Tierras forestales;CO2;-99145.6;-99145.6
2013;Santa Cruz;Usos de la Tierra, Cambios de Uso de la Tierra y Silvicultura;4A. Tierras forestales;CO2;-741.51;-741.51
2013;Santa Fe;Usos de la Tierra, Cambios de Uso de la Tierra y Silvicultura;4A. Tierras forestales;CO2;-42155.29;-42155.29
2013;Santiago del Estero;Usos de la Tierra, Cambios de Uso de la Tierra y Silvicultura;4A. Tierras forestales;CO2;-789531.26;-789531.26
2013;Tucumán;Usos de la Tierra, Cambios de Uso de la Tierra y Silvicultura;4A. Tierras forestales;CO2;-10755.93;-10755.93
2013;Tierra del Fuego, Antártida e Islas del Atlántico Sur;Usos de la Tierra, Cambios de Uso de la Tierra y Silvicultura;4A. Tierras forestales;CO2;-62612.88;-62612.88
2014;Jurisdiccion sin determinar;Usos de la Tierra, Cambios de Uso de la Tierra y Silvicultura;4A. Tierras forestales;CO2;-13870.6;-13870.6
2014;Catamarca;Usos de la Tierra, Cambios de Uso de la Tierra y Silvicultura;4A. Tierras forestales;CO2;-34368.24;-34368.24
2014;Córdoba;Usos de la Tierra, Cambios de Uso de la Tierra y Silvicultura;4A. Tierras forestales;CO2;-124077.0;-124077.0
2014;Corrientes;Usos de la Tierra, Cambios de Uso de la Tierra y Silvicultura;4A. Tierras forestales;CO2;-6048.12;-6048.12
2014;Chaco;Usos de la Tierra, Cambios de Uso de la Tierra y Silvicultura;4A. Tierras forestales;CO2;-2371198.06;-2371198.06
2014;Chubut;Usos de la Tierra, Cambios de Uso de la Tierra y Silvicultura;4A. Tierras forestales;CO2;-49399.85;-49399.85
2014;Entre Ríos;Usos de la Tierra, Cambios de Uso de la Tierra y Silvicultura;4A. Tierras forestales;CO2;-20242.06;-20242.06
2014;Formosa;Usos de la Tierra, Cambios de Uso de la Tierra y Silvicultura;4A. Tierras forestales;CO2;-232345.39;-232345.39
2014;Jujuy;Usos de la Tierra, Cambios de Uso de la Tierra y Silvicultura;4A. Tierras forestales;CO2;-48849.69;-48849.69
2014;La Pampa;Usos de la Tierra, Cambios de Uso de la Tierra y Silvicultura;4A. Tierras forestales;CO2;-38027.85;-38027.85
2014;La Rioja;Usos de la Tierra, Cambios de Uso de la Tierra y Silvicultura;4A. Tierras forestales;CO2;-8491.5;-8491.5
2014;Mendoza;Usos de la Tierra, Cambios de Uso de la Tierra y Silvicultura;4A. Tierras forestales;CO2;-7011.95;-7011.95
2014;Misiones;Usos de la Tierra, Cambios de Uso de la Tierra y Silvicultura;4A. Tierras forestales;CO2;-404394.27;-404394.27
2014;Neuquén;Usos de la Tierra, Cambios de Uso de la Tierra y Silvicultura;4A. Tierras forestales;CO2;-13014.69;-13014.69
2014;Río Negro;Usos de la Tierra, Cambios de Uso de la Tierra y Silvicultura;4A. Tierras forestales;CO2;-16494.8;-16494.8
2014;Salta;Usos de la Tierra, Cambios de Uso de la Tierra y Silvicultura;4A. Tierras forestales;CO2;-186443.36;-186443.36
2014;San Juan;Usos de la Tierra, Cambios de Uso de la Tierra y Silvicultura;4A. Tierras forestales;CO2;-126.07;-126.07
2014;San Luis;Usos de la Tierra, Cambios de Uso de la Tierra y Silvicultura;4A. Tierras forestales;CO2;-93016.72;-93016.72
2014;Santa Cruz;Usos de la Tierra, Cambios de Uso de la Tierra y Silvicultura;4A. Tierras forestales;CO2;-682.61;-682.61
2014;Santa Fe;Usos de la Tierra, Cambios de Uso de la Tierra y Silvicultura;4A. Tierras forestales;CO2;-38049.52;-38049.52
2014;Santiago del Estero;Usos de la Tierra, Cambios de Uso de la Tierra y Silvicultura;4A. Tierras forestales;CO2;-783010.87;-783010.87
2014;Tucumán;Usos de la Tierra, Cambios de Uso de la Tierra y Silvicultura;4A. Tierras forestales;CO2;-8744.89;-8744.89
2014;Tierra del Fuego, Antártida e Islas del Atlántico Sur;Usos de la Tierra, Cambios de Uso de la Tierra y Silvicultura;4A. Tierras forestales;CO2;-63939.39;-63939.39
2015;Jurisdiccion sin determinar;Usos de la Tierra, Cambios de Uso de la Tierra y Silvicultura;4A. Tierras forestales;CO2;-13604.89;-13604.89
2015;Catamarca;Usos de la Tierra, Cambios de Uso de la Tierra y Silvicultura;4A. Tierras forestales;CO2;-35219.71;-35219.71
2015;Córdoba;Usos de la Tierra, Cambios de Uso de la Tierra y Silvicultura;4A. Tierras forestales;CO2;-111436.21;-111436.21
2015;Corrientes;Usos de la Tierra, Cambios de Uso de la Tierra y Silvicultura;4A. Tierras forestales;CO2;-5448.78;-5448.78
2015;Chaco;Usos de la Tierra, Cambios de Uso de la Tierra y Silvicultura;4A. Tierras forestales;CO2;-2416436.06;-2416436.06
2015;Chubut;Usos de la Tierra, Cambios de Uso de la Tierra y Silvicultura;4A. Tierras forestales;CO2;-48552.23;-48552.23
2015;Entre Ríos;Usos de la Tierra, Cambios de Uso de la Tierra y Silvicultura;4A. Tierras forestales;CO2;-19080.75;-19080.75
2015;Formosa;Usos de la Tierra, Cambios de Uso de la Tierra y Silvicultura;4A. Tierras forestales;CO2;-234245.1;-234245.1
2015;Jujuy;Usos de la Tierra, Cambios de Uso de la Tierra y Silvicultura;4A. Tierras forestales;CO2;-47862.48;-47862.48
2015;La Pampa;Usos de la Tierra, Cambios de Uso de la Tierra y Silvicultura;4A. Tierras forestales;CO2;-36632.64;-36632.64
2015;La Rioja;Usos de la Tierra, Cambios de Uso de la Tierra y Silvicultura;4A. Tierras forestales;CO2;-8479.57;-8479.57
2015;Mendoza;Usos de la Tierra, Cambios de Uso de la Tierra y Silvicultura;4A. Tierras forestales;CO2;-6097.95;-6097.95
2015;Misiones;Usos de la Tierra, Cambios de Uso de la Tierra y Silvicultura;4A. Tierras forestales;CO2;-389946.46;-389946.46
2015;Neuquén;Usos de la Tierra, Cambios de Uso de la Tierra y Silvicultura;4A. Tierras forestales;CO2;-13083.99;-13083.99
2015;Río Negro;Usos de la Tierra, Cambios de Uso de la Tierra y Silvicultura;4A. Tierras forestales;CO2;-16030.18;-16030.18
2015;Salta;Usos de la Tierra, Cambios de Uso de la Tierra y Silvicultura;4A. Tierras forestales;CO2;-180967.64;-180967.64
2015;San Juan;Usos de la Tierra, Cambios de Uso de la Tierra y Silvicultura;4A. Tierras forestales;CO2;-120.46;-120.46
2015;San Luis;Usos de la Tierra, Cambios de Uso de la Tierra y Silvicultura;4A. Tierras forestales;CO2;-88437.95;-88437.95
2015;Santa Cruz;Usos de la Tierra, Cambios de Uso de la Tierra y Silvicultura;4A. Tierras forestales;CO2;-660.24;-660.24
2015;Santa Fe;Usos de la Tierra, Cambios de Uso de la Tierra y Silvicultura;4A. Tierras forestales;CO2;-36720.11;-36720.11
2015;Santiago del Estero;Usos de la Tierra, Cambios de Uso de la Tierra y Silvicultura;4A. Tierras forestales;CO2;-769004.87;-769004.87
2015;Tucumán;Usos de la Tierra, Cambios de Uso de la Tierra y Silvicultura;4A. Tierras forestales;CO2;-6138.94;-6138.94
2015;Tierra del Fuego, Antártida e Islas del Atlántico Sur;Usos de la Tierra, Cambios de Uso de la Tierra y Silvicultura;4A. Tierras forestales;CO2;-65061.62;-65061.62
2016;Jurisdiccion sin determinar;Usos de la Tierra, Cambios de Uso de la Tierra y Silvicultura;4A. Tierras forestales;CO2;-13309.1;-13309.1
2016;Catamarca;Usos de la Tierra, Cambios de Uso de la Tierra y Silvicultura;4A. Tierras forestales;CO2;-35854.75;-35854.75
2016;Córdoba;Usos de la Tierra, Cambios de Uso de la Tierra y Silvicultura;4A. Tierras forestales;CO2;-97572.98;-97572.98
2016;Corrientes;Usos de la Tierra, Cambios de Uso de la Tierra y Silvicultura;4A. Tierras forestales;CO2;-4705.32;-4705.32
2016;Chaco;Usos de la Tierra, Cambios de Uso de la Tierra y Silvicultura;4A. Tierras forestales;CO2;-2448846.42;-2448846.42
2016;Chubut;Usos de la Tierra, Cambios de Uso de la Tierra y Silvicultura;4A. Tierras forestales;CO2;-47966.79;-47966.79
2016;Entre Ríos;Usos de la Tierra, Cambios de Uso de la Tierra y Silvicultura;4A. Tierras forestales;CO2;-19078.39;-19078.39
2016;Formosa;Usos de la Tierra, Cambios de Uso de la Tierra y Silvicultura;4A. Tierras forestales;CO2;-236221.72;-236221.72
2016;Jujuy;Usos de la Tierra, Cambios de Uso de la Tierra y Silvicultura;4A. Tierras forestales;CO2;-44359.72;-44359.72
2016;La Pampa;Usos de la Tierra, Cambios de Uso de la Tierra y Silvicultura;4A. Tierras forestales;CO2;-33632.58;-33632.58
2016;La Rioja;Usos de la Tierra, Cambios de Uso de la Tierra y Silvicultura;4A. Tierras forestales;CO2;-8483.12;-8483.12
2016;Mendoza;Usos de la Tierra, Cambios de Uso de la Tierra y Silvicultura;4A. Tierras forestales;CO2;-4920.46;-4920.46
2016;Misiones;Usos de la Tierra, Cambios de Uso de la Tierra y Silvicultura;4A. Tierras forestales;CO2;-375261.84;-375261.84
2016;Neuquén;Usos de la Tierra, Cambios de Uso de la Tierra y Silvicultura;4A. Tierras forestales;CO2;-13559.16;-13559.16
2016;Río Negro;Usos de la Tierra, Cambios de Uso de la Tierra y Silvicultura;4A. Tierras forestales;CO2;-15560.75;-15560.75
2016;Salta;Usos de la Tierra, Cambios de Uso de la Tierra y Silvicultura;4A. Tierras forestales;CO2;-169857.92;-169857.92
2016;San Juan;Usos de la Tierra, Cambios de Uso de la Tierra y Silvicultura;4A. Tierras forestales;CO2;-120.46;-120.46
2016;San Luis;Usos de la Tierra, Cambios de Uso de la Tierra y Silvicultura;4A. Tierras forestales;CO2;-82894.3;-82894.3
2016;Santa Cruz;Usos de la Tierra, Cambios de Uso de la Tierra y Silvicultura;4A. Tierras forestales;CO2;-652.16;-652.16
2016;Santa Fe;Usos de la Tierra, Cambios de Uso de la Tierra y Silvicultura;4A. Tierras forestales;CO2;-34983.76;-34983.76
2016;Santiago del Estero;Usos de la Tierra, Cambios de Uso de la Tierra y Silvicultura;4A. Tierras forestales;CO2;-750536.06;-750536.06
2016;Tucumán;Usos de la Tierra, Cambios de Uso de la Tierra y Silvicultura;4A. Tierras forestales;CO2;-2913.39;-2913.39
2016;Tierra del Fuego, Antártida e Islas del Atlántico Sur;Usos de la Tierra, Cambios de Uso de la Tierra y Silvicultura;4A. Tierras forestales;CO2;-67540.79;-67540.79
2017;Jurisdiccion sin determinar;Usos de la Tierra, Cambios de Uso de la Tierra y Silvicultura;4A. Tierras forestales;CO2;-13074.53;-13074.53
2017;Catamarca;Usos de la Tierra, Cambios de Uso de la Tierra y Silvicultura;4A. Tierras forestales;CO2;-36728.57;-36728.57
2017;Córdoba;Usos de la Tierra, Cambios de Uso de la Tierra y Silvicultura;4A. Tierras forestales;CO2;-85066.04;-85066.04
2017;Corrientes;Usos de la Tierra, Cambios de Uso de la Tierra y Silvicultura;4A. Tierras forestales;CO2;-4244.91;-4244.91
2017;Chaco;Usos de la Tierra, Cambios de Uso de la Tierra y Silvicultura;4A. Tierras forestales;CO2;-2454445.73;-2454445.73
2017;Chubut;Usos de la Tierra, Cambios de Uso de la Tierra y Silvicultura;4A. Tierras forestales;CO2;-47198.41;-47198.41
2017;Entre Ríos;Usos de la Tierra, Cambios de Uso de la Tierra y Silvicultura;4A. Tierras forestales;CO2;-17434.11;-17434.11
2017;Formosa;Usos de la Tierra, Cambios de Uso de la Tierra y Silvicultura;4A. Tierras forestales;CO2;-233035.74;-233035.74
2017;Jujuy;Usos de la Tierra, Cambios de Uso de la Tierra y Silvicultura;4A. Tierras forestales;CO2;-40345.67;-40345.67
2017;La Pampa;Usos de la Tierra, Cambios de Uso de la Tierra y Silvicultura;4A. Tierras forestales;CO2;-32814.52;-32814.52
2017;La Rioja;Usos de la Tierra, Cambios de Uso de la Tierra y Silvicultura;4A. Tierras forestales;CO2;-9226.12;-9226.12
2017;Mendoza;Usos de la Tierra, Cambios de Uso de la Tierra y Silvicultura;4A. Tierras forestales;CO2;-3914.27;-3914.27
2017;Misiones;Usos de la Tierra, Cambios de Uso de la Tierra y Silvicultura;4A. Tierras forestales;CO2;-360665.75;-360665.75
2017;Neuquén;Usos de la Tierra, Cambios de Uso de la Tierra y Silvicultura;4A. Tierras forestales;CO2;-13584.3;-13584.3
2017;Río Negro;Usos de la Tierra, Cambios de Uso de la Tierra y Silvicultura;4A. Tierras forestales;CO2;-15247.76;-15247.76
2017;Salta;Usos de la Tierra, Cambios de Uso de la Tierra y Silvicultura;4A. Tierras forestales;CO2;-159916.71;-159916.71
2017;San Juan;Usos de la Tierra, Cambios de Uso de la Tierra y Silvicultura;4A. Tierras forestales;CO2;-116.86;-116.86
2017;San Luis;Usos de la Tierra, Cambios de Uso de la Tierra y Silvicultura;4A. Tierras forestales;CO2;-89567.85;-89567.85
2017;Santa Cruz;Usos de la Tierra, Cambios de Uso de la Tierra y Silvicultura;4A. Tierras forestales;CO2;-646.85;-646.85
2017;Santa Fe;Usos de la Tierra, Cambios de Uso de la Tierra y Silvicultura;4A. Tierras forestales;CO2;-31047.47;-31047.47
2017;Santiago del Estero;Usos de la Tierra, Cambios de Uso de la Tierra y Silvicultura;4A. Tierras forestales;CO2;-757380.43;-757380.43
2017;Tucumán;Usos de la Tierra, Cambios de Uso de la Tierra y Silvicultura;4A. Tierras forestales;CO2;-2903.79;-2903.79
2017;Tierra del Fuego, Antártida e Islas del Atlántico Sur;Usos de la Tierra, Cambios de Uso de la Tierra y Silvicultura;4A. Tierras forestales;CO2;-67967.12;-67967.12
2018;Jurisdiccion sin determinar;Usos de la Tierra, Cambios de Uso de la Tierra y Silvicultura;4A. Tierras forestales;CO2;-12755.18;-12755.18
2018;Catamarca;Usos de la Tierra, Cambios de Uso de la Tierra y Silvicultura;4A. Tierras forestales;CO2;-37750.74;-37750.74
2018;Córdoba;Usos de la Tierra, Cambios de Uso de la Tierra y Silvicultura;4A. Tierras forestales;CO2;-73790.02;-73790.02
2018;Corrientes;Usos de la Tierra, Cambios de Uso de la Tierra y Silvicultura;4A. Tierras forestales;CO2;-4247.65;-4247.65
2018;Chaco;Usos de la Tierra, Cambios de Uso de la Tierra y Silvicultura;4A. Tierras forestales;CO2;-2448539.93;-2448539.93
2018;Chubut;Usos de la Tierra, Cambios de Uso de la Tierra y Silvicultura;4A. Tierras forestales;CO2;-46025.38;-46025.38
2018;Entre Ríos;Usos de la Tierra, Cambios de Uso de la Tierra y Silvicultura;4A. Tierras forestales;CO2;-16547.52;-16547.52
2018;Formosa;Usos de la Tierra, Cambios de Uso de la Tierra y Silvicultura;4A. Tierras forestales;CO2;-222836.44;-222836.44
2018;Jujuy;Usos de la Tierra, Cambios de Uso de la Tierra y Silvicultura;4A. Tierras forestales;CO2;-36930.47;-36930.47
2018;La Pampa;Usos de la Tierra, Cambios de Uso de la Tierra y Silvicultura;4A. Tierras forestales;CO2;-29735.72;-29735.72
2018;La Rioja;Usos de la Tierra, Cambios de Uso de la Tierra y Silvicultura;4A. Tierras forestales;CO2;-10085.57;-10085.57
2018;Mendoza;Usos de la Tierra, Cambios de Uso de la Tierra y Silvicultura;4A. Tierras forestales;CO2;-3070.2;-3070.2
2018;Misiones;Usos de la Tierra, Cambios de Uso de la Tierra y Silvicultura;4A. Tierras forestales;CO2;-348414.97;-348414.97
2018;Neuquén;Usos de la Tierra, Cambios de Uso de la Tierra y Silvicultura;4A. Tierras forestales;CO2;-13551.66;-13551.66
2018;Río Negro;Usos de la Tierra, Cambios de Uso de la Tierra y Silvicultura;4A. Tierras forestales;CO2;-14826.83;-14826.83
2018;Salta;Usos de la Tierra, Cambios de Uso de la Tierra y Silvicultura;4A. Tierras forestales;CO2;-146192.3;-146192.3
2018;San Juan;Usos de la Tierra, Cambios de Uso de la Tierra y Silvicultura;4A. Tierras forestales;CO2;-111.87;-111.87
2018;San Luis;Usos de la Tierra, Cambios de Uso de la Tierra y Silvicultura;4A. Tierras forestales;CO2;-91917.6;-91917.6
2018;Santa Cruz;Usos de la Tierra, Cambios de Uso de la Tierra y Silvicultura;4A. Tierras forestales;CO2;-632.46;-632.46
2018;Santa Fe;Usos de la Tierra, Cambios de Uso de la Tierra y Silvicultura;4A. Tierras forestales;CO2;-28327.69;-28327.69
2018;Santiago del Estero;Usos de la Tierra, Cambios de Uso de la Tierra y Silvicultura;4A. Tierras forestales;CO2;-763210.76;-763210.76
2018;Tucumán;Usos de la Tierra, Cambios de Uso de la Tierra y Silvicultura;4A. Tierras forestales;CO2;-3251.58;-3251.58
2018;Tierra del Fuego, Antártida e Islas del Atlántico Sur;Usos de la Tierra, Cambios de Uso de la Tierra y Silvicultura;4A. Tierras forestales;CO2;-69059.29;-69059.29
2019;Jurisdiccion sin determinar;Usos de la Tierra, Cambios de Uso de la Tierra y Silvicultura;4A. Tierras forestales;CO2;-12565.5;-12565.5
2019;Catamarca;Usos de la Tierra, Cambios de Uso de la Tierra y Silvicultura;4A. Tierras forestales;CO2;-38954.57;-38954.57
2019;Córdoba;Usos de la Tierra, Cambios de Uso de la Tierra y Silvicultura;4A. Tierras forestales;CO2;-64031.22;-64031.22
2019;Corrientes;Usos de la Tierra, Cambios de Uso de la Tierra y Silvicultura;4A. Tierras forestales;CO2;-4205.71;-4205.71
2019;Chaco;Usos de la Tierra, Cambios de Uso de la Tierra y Silvicultura;4A. Tierras forestales;CO2;-2384507.58;-2384507.58
2019;Chubut;Usos de la Tierra, Cambios de Uso de la Tierra y Silvicultura;4A. Tierras forestales;CO2;-45513.23;-45513.23
2019;Entre Ríos;Usos de la Tierra, Cambios de Uso de la Tierra y Silvicultura;4A. Tierras forestales;CO2;-15720.72;-15720.72
2019;Formosa;Usos de la Tierra, Cambios de Uso de la Tierra y Silvicultura;4A. Tierras forestales;CO2;-216380.1;-216380.1
2019;Jujuy;Usos de la Tierra, Cambios de Uso de la Tierra y Silvicultura;4A. Tierras forestales;CO2;-31344.5;-31344.5
2019;La Pampa;Usos de la Tierra, Cambios de Uso de la Tierra y Silvicultura;4A. Tierras forestales;CO2;-27349.34;-27349.34
2019;La Rioja;Usos de la Tierra, Cambios de Uso de la Tierra y Silvicultura;4A. Tierras forestales;CO2;-9824.68;-9824.68
2019;Mendoza;Usos de la Tierra, Cambios de Uso de la Tierra y Silvicultura;4A. Tierras forestales;CO2;-2014.02;-2014.02
2019;Misiones;Usos de la Tierra, Cambios de Uso de la Tierra y Silvicultura;4A. Tierras forestales;CO2;-335162.52;-335162.52
2019;Neuquén;Usos de la Tierra, Cambios de Uso de la Tierra y Silvicultura;4A. Tierras forestales;CO2;-13449.59;-13449.59
2019;Río Negro;Usos de la Tierra, Cambios de Uso de la Tierra y Silvicultura;4A. Tierras forestales;CO2;-14405.9;-14405.9
2019;Salta;Usos de la Tierra, Cambios de Uso de la Tierra y Silvicultura;4A. Tierras forestales;CO2;-138444.92;-138444.92
2019;San Juan;Usos de la Tierra, Cambios de Uso de la Tierra y Silvicultura;4A. Tierras forestales;CO2;-102.82;-102.82
2019;San Luis;Usos de la Tierra, Cambios de Uso de la Tierra y Silvicultura;4A. Tierras forestales;CO2;-94996.68;-94996.68
2019;Santa Cruz;Usos de la Tierra, Cambios de Uso de la Tierra y Silvicultura;4A. Tierras forestales;CO2;-629.93;-629.93
2019;Santa Fe;Usos de la Tierra, Cambios de Uso de la Tierra y Silvicultura;4A. Tierras forestales;CO2;-27552.54;-27552.54
2019;Santiago del Estero;Usos de la Tierra, Cambios de Uso de la Tierra y Silvicultura;4A. Tierras forestales;CO2;-759945.46;-759945.46
2019;Tucumán;Usos de la Tierra, Cambios de Uso de la Tierra y Silvicultura;4A. Tierras forestales;CO2;-3263.76;-3263.76
2019;Tierra del Fuego, Antártida e Islas del Atlántico Sur;Usos de la Tierra, Cambios de Uso de la Tierra y Silvicultura;4A. Tierras forestales;CO2;-70114.04;-70114.04
2020;Jurisdiccion sin determinar;Usos de la Tierra, Cambios de Uso de la Tierra y Silvicultura;4A. Tierras forestales;CO2;-12255.74;-12255.74
2020;Catamarca;Usos de la Tierra, Cambios de Uso de la Tierra y Silvicultura;4A. Tierras forestales;CO2;-39943.69;-39943.69
2020;Córdoba;Usos de la Tierra, Cambios de Uso de la Tierra y Silvicultura;4A. Tierras forestales;CO2;-51173.06;-51173.06
2020;Corrientes;Usos de la Tierra, Cambios de Uso de la Tierra y Silvicultura;4A. Tierras forestales;CO2;-3938.59;-3938.59
2020;Chaco;Usos de la Tierra, Cambios de Uso de la Tierra y Silvicultura;4A. Tierras forestales;CO2;-2343677.03;-2343677.03
2020;Chubut;Usos de la Tierra, Cambios de Uso de la Tierra y Silvicultura;4A. Tierras forestales;CO2;-44789.54;-44789.54
2020;Entre Ríos;Usos de la Tierra, Cambios de Uso de la Tierra y Silvicultura;4A. Tierras forestales;CO2;-14444.32;-14444.32
2020;Formosa;Usos de la Tierra, Cambios de Uso de la Tierra y Silvicultura;4A. Tierras forestales;CO2;-214273.06;-214273.06
2020;Jujuy;Usos de la Tierra, Cambios de Uso de la Tierra y Silvicultura;4A. Tierras forestales;CO2;-29698.57;-29698.57
2020;La Pampa;Usos de la Tierra, Cambios de Uso de la Tierra y Silvicultura;4A. Tierras forestales;CO2;-25201.74;-25201.74
2020;La Rioja;Usos de la Tierra, Cambios de Uso de la Tierra y Silvicultura;4A. Tierras forestales;CO2;-9551.31;-9551.31
2020;Mendoza;Usos de la Tierra, Cambios de Uso de la Tierra y Silvicultura;4A. Tierras forestales;CO2;-941.14;-941.14
2020;Misiones;Usos de la Tierra, Cambios de Uso de la Tierra y Silvicultura;4A. Tierras forestales;CO2;-323188.9;-323188.9
2020;Neuquén;Usos de la Tierra, Cambios de Uso de la Tierra y Silvicultura;4A. Tierras forestales;CO2;-13501.49;-13501.49
2020;Río Negro;Usos de la Tierra, Cambios de Uso de la Tierra y Silvicultura;4A. Tierras forestales;CO2;-13984.97;-13984.97
2020;Salta;Usos de la Tierra, Cambios de Uso de la Tierra y Silvicultura;4A. Tierras forestales;CO2;-125832.53;-125832.53
2020;San Juan;Usos de la Tierra, Cambios de Uso de la Tierra y Silvicultura;4A. Tierras forestales;CO2;-96.41;-96.41
2020;San Luis;Usos de la Tierra, Cambios de Uso de la Tierra y Silvicultura;4A. Tierras forestales;CO2;-94324.88;-94324.88
2020;Santa Cruz;Usos de la Tierra, Cambios de Uso de la Tierra y Silvicultura;4A. Tierras forestales;CO2;-547.39;-547.39
2020;Santa Fe;Usos de la Tierra, Cambios de Uso de la Tierra y Silvicultura;4A. Tierras forestales;CO2;-24363.63;-24363.63
2020;Santiago del Estero;Usos de la Tierra, Cambios de Uso de la Tierra y Silvicultura;4A. Tierras forestales;CO2;-759371.54;-759371.54
2020;Tucumán;Usos de la Tierra, Cambios de Uso de la Tierra y Silvicultura;4A. Tierras forestales;CO2;-1490.8;-1490.8
2020;Tierra del Fuego, Antártida e Islas del Atlántico Sur;Usos de la Tierra, Cambios de Uso de la Tierra y Silvicultura;4A. Tierras forestales;CO2;-71319.01;-71319.01
2021;Jurisdiccion sin determinar;Usos de la Tierra, Cambios de Uso de la Tierra y Silvicultura;4A. Tierras forestales;CO2;-11796.94;-11796.94
2021;Catamarca;Usos de la Tierra, Cambios de Uso de la Tierra y Silvicultura;4A. Tierras forestales;CO2;-42106.39;-42106.39
2021;Córdoba;Usos de la Tierra, Cambios de Uso de la Tierra y Silvicultura;4A. Tierras forestales;CO2;-48751.22;-48751.22
2021;Corrientes;Usos de la Tierra, Cambios de Uso de la Tierra y Silvicultura;4A. Tierras forestales;CO2;-3840.54;-3840.54
2021;Chaco;Usos de la Tierra, Cambios de Uso de la Tierra y Silvicultura;4A. Tierras forestales;CO2;-2320309.35;-2320309.35
2021;Chubut;Usos de la Tierra, Cambios de Uso de la Tierra y Silvicultura;4A. Tierras forestales;CO2;-44070.94;-44070.94
2021;Entre Ríos;Usos de la Tierra, Cambios de Uso de la Tierra y Silvicultura;4A. Tierras forestales;CO2;-13489.46;-13489.46
2021;Formosa;Usos de la Tierra, Cambios de Uso de la Tierra y Silvicultura;4A. Tierras forestales;CO2;-212945.84;-212945.84
2021;Jujuy;Usos de la Tierra, Cambios de Uso de la Tierra y Silvicultura;4A. Tierras forestales;CO2;-28311.06;-28311.06
2021;La Pampa;Usos de la Tierra, Cambios de Uso de la Tierra y Silvicultura;4A. Tierras forestales;CO2;-23327.48;-23327.48
2021;La Rioja;Usos de la Tierra, Cambios de Uso de la Tierra y Silvicultura;4A. Tierras forestales;CO2;-9872.43;-9872.43
2021;Mendoza;Usos de la Tierra, Cambios de Uso de la Tierra y Silvicultura;4A. Tierras forestales;CO2;-975.04;-975.04
2021;Misiones;Usos de la Tierra, Cambios de Uso de la Tierra y Silvicultura;4A. Tierras forestales;CO2;-312099.1;-312099.1
2021;Neuquén;Usos de la Tierra, Cambios de Uso de la Tierra y Silvicultura;4A. Tierras forestales;CO2;-13238.56;-13238.56
2021;Río Negro;Usos de la Tierra, Cambios de Uso de la Tierra y Silvicultura;4A. Tierras forestales;CO2;-13564.04;-13564.04
2021;Salta;Usos de la Tierra, Cambios de Uso de la Tierra y Silvicultura;4A. Tierras forestales;CO2;-124910.71;-124910.71
2021;San Juan;Usos de la Tierra, Cambios de Uso de la Tierra y Silvicultura;4A. Tierras forestales;CO2;-92.53;-92.53
2021;San Luis;Usos de la Tierra, Cambios de Uso de la Tierra y Silvicultura;4A. Tierras forestales;CO2;-94813.01;-94813.01
2021;Santa Cruz;Usos de la Tierra, Cambios de Uso de la Tierra y Silvicultura;4A. Tierras forestales;CO2;-465.3;-465.3
2021;Santa Fe;Usos de la Tierra, Cambios de Uso de la Tierra y Silvicultura;4A. Tierras forestales;CO2;-21689.45;-21689.45
2021;Santiago del Estero;Usos de la Tierra, Cambios de Uso de la Tierra y Silvicultura;4A. Tierras forestales;CO2;-767194.45;-767194.45
2021;Tucumán;Usos de la Tierra, Cambios de Uso de la Tierra y Silvicultura;4A. Tierras forestales;CO2;-1490.8;-1490.8
2021;Tierra del Fuego, Antártida e Islas del Atlántico Sur;Usos de la Tierra, Cambios de Uso de la Tierra y Silvicultura;4A. Tierras forestales;CO2;-73488.11;-73488.11
2022;Jurisdiccion sin determinar;Usos de la Tierra, Cambios de Uso de la Tierra y Silvicultura;4A. Tierras forestales;CO2;-11691.31;-11691.31
2022;Catamarca;Usos de la Tierra, Cambios de Uso de la Tierra y Silvicultura;4A. Tierras forestales;CO2;-44200.19;-44200.19
2022;Córdoba;Usos de la Tierra, Cambios de Uso de la Tierra y Silvicultura;4A. Tierras forestales;CO2;-37559.31;-37559.31
2022;Corrientes;Usos de la Tierra, Cambios de Uso de la Tierra y Silvicultura;4A. Tierras forestales;CO2;-3840.54;-3840.54
2022;Chaco;Usos de la Tierra, Cambios de Uso de la Tierra y Silvicultura;4A. Tierras forestales;CO2;-2298329.31;-2298329.31
2022;Chubut;Usos de la Tierra, Cambios de Uso de la Tierra y Silvicultura;4A. Tierras forestales;CO2;-43352.34;-43352.34
2022;Entre Ríos;Usos de la Tierra, Cambios de Uso de la Tierra y Silvicultura;4A. Tierras forestales;CO2;-12647.73;-12647.73
2022;Formosa;Usos de la Tierra, Cambios de Uso de la Tierra y Silvicultura;4A. Tierras forestales;CO2;-215722.33;-215722.33
2022;Jujuy;Usos de la Tierra, Cambios de Uso de la Tierra y Silvicultura;4A. Tierras forestales;CO2;-22660.0;-22660.0
2022;La Pampa;Usos de la Tierra, Cambios de Uso de la Tierra y Silvicultura;4A. Tierras forestales;CO2;-21822.95;-21822.95
2022;La Rioja;Usos de la Tierra, Cambios de Uso de la Tierra y Silvicultura;4A. Tierras forestales;CO2;-10204.51;-10204.51
2022;Mendoza;Usos de la Tierra, Cambios de Uso de la Tierra y Silvicultura;4A. Tierras forestales;CO2;-1117.76;-1117.76
2022;Misiones;Usos de la Tierra, Cambios de Uso de la Tierra y Silvicultura;4A. Tierras forestales;CO2;-317494.02;-317494.02
2022;Neuquén;Usos de la Tierra, Cambios de Uso de la Tierra y Silvicultura;4A. Tierras forestales;CO2;-13268.25;-13268.25
2022;Río Negro;Usos de la Tierra, Cambios de Uso de la Tierra y Silvicultura;4A. Tierras forestales;CO2;-13143.11;-13143.11
2022;Salta;Usos de la Tierra, Cambios de Uso de la Tierra y Silvicultura;4A. Tierras forestales;CO2;-119791.62;-119791.62
2022;San Juan;Usos de la Tierra, Cambios de Uso de la Tierra y Silvicultura;4A. Tierras forestales;CO2;-98.71;-98.71
2022;San Luis;Usos de la Tierra, Cambios de Uso de la Tierra y Silvicultura;4A. Tierras forestales;CO2;-94323.93;-94323.93
2022;Santa Cruz;Usos de la Tierra, Cambios de Uso de la Tierra y Silvicultura;4A. Tierras forestales;CO2;-462.08;-462.08
2022;Santa Fe;Usos de la Tierra, Cambios de Uso de la Tierra y Silvicultura;4A. Tierras forestales;CO2;-22545.3;-22545.3
2022;Santiago del Estero;Usos de la Tierra, Cambios de Uso de la Tierra y Silvicultura;4A. Tierras forestales;CO2;-800661.17;-800661.17
2022;Tucumán;Usos de la Tierra, Cambios de Uso de la Tierra y Silvicultura;4A. Tierras forestales;CO2;-1490.8;-1490.8
2022;Tierra del Fuego, Antártida e Islas del Atlántico Sur;Usos de la Tierra, Cambios de Uso de la Tierra y Silvicultura;4A. Tierras forestales;CO2;-75553.25;-75553.25
2010;Buenos Aires;Usos de la Tierra, Cambios de Uso de la Tierra y Silvicultura;4A. Tierras forestales;CO2;1632338.96;1632338.96
2011;Buenos Aires;Usos de la Tierra, Cambios de Uso de la Tierra y Silvicultura;4A. Tierras forestales;CO2;1318344.72;1318344.72
2012;Buenos Aires;Usos de la Tierra, Cambios de Uso de la Tierra y Silvicultura;4A. Tierras forestales;CO2;1230615.29;1230615.29
2013;Buenos Aires;Usos de la Tierra, Cambios de Uso de la Tierra y Silvicultura;4A. Tierras forestales;CO2;900301.47;900301.47
2014;Buenos Aires;Usos de la Tierra, Cambios de Uso de la Tierra y Silvicultura;4A. Tierras forestales;CO2;808467.24;808467.24
2015;Buenos Aires;Usos de la Tierra, Cambios de Uso de la Tierra y Silvicultura;4A. Tierras forestales;CO2;1227356.09;1227356.09
2016;Buenos Aires;Usos de la Tierra, Cambios de Uso de la Tierra y Silvicultura;4A. Tierras forestales;CO2;1558688.45;1558688.45
2017;Buenos Aires;Usos de la Tierra, Cambios de Uso de la Tierra y Silvicultura;4A. Tierras forestales;CO2;1577892.09;1577892.09
2018;Buenos Aires;Usos de la Tierra, Cambios de Uso de la Tierra y Silvicultura;4A. Tierras forestales;CO2;1745797.78;1745797.78
2019;Buenos Aires;Usos de la Tierra, Cambios de Uso de la Tierra y Silvicultura;4A. Tierras forestales;CO2;1354881.37;1354881.37
2020;Buenos Aires;Usos de la Tierra, Cambios de Uso de la Tierra y Silvicultura;4A. Tierras forestales;CO2;757766.25;757766.25
2021;Buenos Aires;Usos de la Tierra, Cambios de Uso de la Tierra y Silvicultura;4A. Tierras forestales;CO2;1084457.1;1084457.1
2022;Buenos Aires;Usos de la Tierra, Cambios de Uso de la Tierra y Silvicultura;4A. Tierras forestales;CO2;1583310.51;1583310.51
2010;Catamarca;Usos de la Tierra, Cambios de Uso de la Tierra y Silvicultura;4B. Tierras de cultivo;CO2;75591.49;75591.49
2010;Córdoba;Usos de la Tierra, Cambios de Uso de la Tierra y Silvicultura;4B. Tierras de cultivo;CO2;622586.08;622586.08
2010;Corrientes;Usos de la Tierra, Cambios de Uso de la Tierra y Silvicultura;4B. Tierras de cultivo;CO2;160375.74;160375.74
2010;Chaco;Usos de la Tierra, Cambios de Uso de la Tierra y Silvicultura;4B. Tierras de cultivo;CO2;5021858.25;5021858.25
2010;Entre Ríos;Usos de la Tierra, Cambios de Uso de la Tierra y Silvicultura;4B. Tierras de cultivo;CO2;2673876.75;2673876.75
2010;Formosa;Usos de la Tierra, Cambios de Uso de la Tierra y Silvicultura;4B. Tierras de cultivo;CO2;83928.49;83928.49
2010;Jujuy;Usos de la Tierra, Cambios de Uso de la Tierra y Silvicultura;4B. Tierras de cultivo;CO2;1301960.48;1301960.48
2010;Misiones;Usos de la Tierra, Cambios de Uso de la Tierra y Silvicultura;4B. Tierras de cultivo;CO2;587109.57;587109.57
2010;Salta;Usos de la Tierra, Cambios de Uso de la Tierra y Silvicultura;4B. Tierras de cultivo;CO2;6118772.14;6118772.14
2010;San Luis;Usos de la Tierra, Cambios de Uso de la Tierra y Silvicultura;4B. Tierras de cultivo;CO2;68011.01;68011.01
2010;Santa Fe;Usos de la Tierra, Cambios de Uso de la Tierra y Silvicultura;4B. Tierras de cultivo;CO2;336979.58;336979.58
2010;Santiago del Estero;Usos de la Tierra, Cambios de Uso de la Tierra y Silvicultura;4B. Tierras de cultivo;CO2;17914902.96;17914902.96
2010;Tucumán;Usos de la Tierra, Cambios de Uso de la Tierra y Silvicultura;4B. Tierras de cultivo;CO2;762786.91;762786.91
2010;Buenos Aires;Usos de la Tierra, Cambios de Uso de la Tierra y Silvicultura;4C. Pastizales;CO2;21395.82;21395.82
2010;Catamarca;Usos de la Tierra, Cambios de Uso de la Tierra y Silvicultura;4C. Pastizales;CO2;324935.65;324935.65
2010;Córdoba;Usos de la Tierra, Cambios de Uso de la Tierra y Silvicultura;4C. Pastizales;CO2;1928075.33;1928075.33
2010;Corrientes;Usos de la Tierra, Cambios de Uso de la Tierra y Silvicultura;4C. Pastizales;CO2;119970.9;119970.9
2010;Chaco;Usos de la Tierra, Cambios de Uso de la Tierra y Silvicultura;4C. Pastizales;CO2;115444.43;115444.43
2010;Chubut;Usos de la Tierra, Cambios de Uso de la Tierra y Silvicultura;4C. Pastizales;CO2;653248.4;653248.4
2010;Entre Ríos;Usos de la Tierra, Cambios de Uso de la Tierra y Silvicultura;4C. Pastizales;CO2;7691.77;7691.77
2010;Formosa;Usos de la Tierra, Cambios de Uso de la Tierra y Silvicultura;4C. Pastizales;CO2;12595954.47;12595954.47
2010;Jujuy;Usos de la Tierra, Cambios de Uso de la Tierra y Silvicultura;4C. Pastizales;CO2;414341.05;414341.05
2010;La Pampa;Usos de la Tierra, Cambios de Uso de la Tierra y Silvicultura;4C. Pastizales;CO2;173029.32;173029.32
2010;La Rioja;Usos de la Tierra, Cambios de Uso de la Tierra y Silvicultura;4C. Pastizales;CO2;1225806.18;1225806.18
2010;Misiones;Usos de la Tierra, Cambios de Uso de la Tierra y Silvicultura;4C. Pastizales;CO2;1942006.34;1942006.34
2010;Neuquén;Usos de la Tierra, Cambios de Uso de la Tierra y Silvicultura;4C. Pastizales;CO2;1311077.52;1311077.52
2010;Río Negro;Usos de la Tierra, Cambios de Uso de la Tierra y Silvicultura;4C. Pastizales;CO2;104375.72;104375.72
2010;Salta;Usos de la Tierra, Cambios de Uso de la Tierra y Silvicultura;4C. Pastizales;CO2;5005381.03;5005381.03
2010;San Juan;Usos de la Tierra, Cambios de Uso de la Tierra y Silvicultura;4C. Pastizales;CO2;3751.41;3751.41
2010;San Luis;Usos de la Tierra, Cambios de Uso de la Tierra y Silvicultura;4C. Pastizales;CO2;2584120.36;2584120.36
2010;Santa Cruz;Usos de la Tierra, Cambios de Uso de la Tierra y Silvicultura;4C. Pastizales;CO2;20362.56;20362.56
2010;Santiago del Estero;Usos de la Tierra, Cambios de Uso de la Tierra y Silvicultura;4C. Pastizales;CO2;6194507.5;6194507.5
2010;Tucumán;Usos de la Tierra, Cambios de Uso de la Tierra y Silvicultura;4C. Pastizales;CO2;749419.71;749419.71
2010;Tierra del Fuego, Antártida e Islas del Atlántico Sur;Usos de la Tierra, Cambios de Uso de la Tierra y Silvicultura;4C. Pastizales;CO2;1889707.99;1889707.99
2010;Mendoza;Usos de la Tierra, Cambios de Uso de la Tierra y Silvicultura;4C. Pastizales;CO2;1.89;1.89
2010;Santa Fe;Usos de la Tierra, Cambios de Uso de la Tierra y Silvicultura;4C. Pastizales;CO2;536361.88;536361.88
2010;Buenos Aires;Usos de la Tierra, Cambios de Uso de la Tierra y Silvicultura;4B. Tierras de cultivo;CO2;-3003977.31;-3003977.31
2010;La Pampa;Usos de la Tierra, Cambios de Uso de la Tierra y Silvicultura;4B. Tierras de cultivo;CO2;-415920.78;-415920.78
2010;Catamarca;Usos de la Tierra, Cambios de Uso de la Tierra y Silvicultura;4(IV). Quema de biomasa;CH4;112.32;3144.86
2010;Córdoba;Usos de la Tierra, Cambios de Uso de la Tierra y Silvicultura;4(IV). Quema de biomasa;CH4;907.23;25402.36
2010;Corrientes;Usos de la Tierra, Cambios de Uso de la Tierra y Silvicultura;4(IV). Quema de biomasa;CH4;235.14;6583.98
2010;Chaco;Usos de la Tierra, Cambios de Uso de la Tierra y Silvicultura;4(IV). Quema de biomasa;CH4;7286.79;204030.15
2010;Entre Ríos;Usos de la Tierra, Cambios de Uso de la Tierra y Silvicultura;4(IV). Quema de biomasa;CH4;4052.26;113463.31
2010;Formosa;Usos de la Tierra, Cambios de Uso de la Tierra y Silvicultura;4(IV). Quema de biomasa;CH4;122.85;3439.72
2010;Jujuy;Usos de la Tierra, Cambios de Uso de la Tierra y Silvicultura;4(IV). Quema de biomasa;CH4;1929.53;54026.87
2010;Misiones;Usos de la Tierra, Cambios de Uso de la Tierra y Silvicultura;4(IV). Quema de biomasa;CH4;870.33;24369.32
2010;Salta;Usos de la Tierra, Cambios de Uso de la Tierra y Silvicultura;4(IV). Quema de biomasa;CH4;8902.98;249283.34
2010;San Luis;Usos de la Tierra, Cambios de Uso de la Tierra y Silvicultura;4(IV). Quema de biomasa;CH4;101.67;2846.66
2010;Santa Fe;Usos de la Tierra, Cambios de Uso de la Tierra y Silvicultura;4(IV). Quema de biomasa;CH4;494.13;13835.62
2010;Santiago del Estero;Usos de la Tierra, Cambios de Uso de la Tierra y Silvicultura;4(IV). Quema de biomasa;CH4;26019.46;728544.98
2010;Tucumán;Usos de la Tierra, Cambios de Uso de la Tierra y Silvicultura;4(IV). Quema de biomasa;CH4;1111.38;31118.58
2010;Buenos Aires;Usos de la Tierra, Cambios de Uso de la Tierra y Silvicultura;4(IV). Quema de biomasa;CH4;31.3;876.35
2010;Chubut;Usos de la Tierra, Cambios de Uso de la Tierra y Silvicultura;4(IV). Quema de biomasa;CH4;918.98;25731.49
2010;La Pampa;Usos de la Tierra, Cambios de Uso de la Tierra y Silvicultura;4(IV). Quema de biomasa;CH4;253.71;7103.78
2010;La Rioja;Usos de la Tierra, Cambios de Uso de la Tierra y Silvicultura;4(IV). Quema de biomasa;CH4;1746.84;48911.55
2010;Neuquén;Usos de la Tierra, Cambios de Uso de la Tierra y Silvicultura;4(IV). Quema de biomasa;CH4;1870.7;52379.67
2010;Río Negro;Usos de la Tierra, Cambios de Uso de la Tierra y Silvicultura;4(IV). Quema de biomasa;CH4;146.64;4106.02
2010;San Juan;Usos de la Tierra, Cambios de Uso de la Tierra y Silvicultura;4(IV). Quema de biomasa;CH4;5.31;148.56
2010;Santa Cruz;Usos de la Tierra, Cambios de Uso de la Tierra y Silvicultura;4(IV). Quema de biomasa;CH4;28.8;806.52
2010;Tierra del Fuego, Antártida e Islas del Atlántico Sur;Usos de la Tierra, Cambios de Uso de la Tierra y Silvicultura;4(IV). Quema de biomasa;CH4;2700.12;75603.46
2010;Catamarca;Usos de la Tierra, Cambios de Uso de la Tierra y Silvicultura;4(IV). Quema de biomasa;N2O;3.3;875.41
2010;Córdoba;Usos de la Tierra, Cambios de Uso de la Tierra y Silvicultura;4(IV). Quema de biomasa;N2O;26.68;7071.04
2010;Corrientes;Usos de la Tierra, Cambios de Uso de la Tierra y Silvicultura;4(IV). Quema de biomasa;N2O;6.92;1832.72
2010;Chaco;Usos de la Tierra, Cambios de Uso de la Tierra y Silvicultura;4(IV). Quema de biomasa;N2O;214.32;56794.11
2010;Entre Ríos;Usos de la Tierra, Cambios de Uso de la Tierra y Silvicultura;4(IV). Quema de biomasa;N2O;119.18;31583.8
2010;Formosa;Usos de la Tierra, Cambios de Uso de la Tierra y Silvicultura;4(IV). Quema de biomasa;N2O;3.61;957.49
2010;Jujuy;Usos de la Tierra, Cambios de Uso de la Tierra y Silvicultura;4(IV). Quema de biomasa;N2O;56.75;15038.99
2010;Misiones;Usos de la Tierra, Cambios de Uso de la Tierra y Silvicultura;4(IV). Quema de biomasa;N2O;25.6;6783.48
2010;Salta;Usos de la Tierra, Cambios de Uso de la Tierra y Silvicultura;4(IV). Quema de biomasa;N2O;261.85;69390.85
2010;San Luis;Usos de la Tierra, Cambios de Uso de la Tierra y Silvicultura;4(IV). Quema de biomasa;N2O;2.99;792.4
2010;Santa Fe;Usos de la Tierra, Cambios de Uso de la Tierra y Silvicultura;4(IV). Quema de biomasa;N2O;14.53;3851.3
2010;Santiago del Estero;Usos de la Tierra, Cambios de Uso de la Tierra y Silvicultura;4(IV). Quema de biomasa;N2O;765.28;202798.76
2010;Tucumán;Usos de la Tierra, Cambios de Uso de la Tierra y Silvicultura;4(IV). Quema de biomasa;N2O;32.69;8662.21
2010;Buenos Aires;Usos de la Tierra, Cambios de Uso de la Tierra y Silvicultura;4(IV). Quema de biomasa;N2O;0.92;243.94
2010;Chubut;Usos de la Tierra, Cambios de Uso de la Tierra y Silvicultura;4(IV). Quema de biomasa;N2O;27.03;7162.65
2010;La Pampa;Usos de la Tierra, Cambios de Uso de la Tierra y Silvicultura;4(IV). Quema de biomasa;N2O;7.46;1977.42
2010;La Rioja;Usos de la Tierra, Cambios de Uso de la Tierra y Silvicultura;4(IV). Quema de biomasa;N2O;51.38;13615.08
2010;Neuquén;Usos de la Tierra, Cambios de Uso de la Tierra y Silvicultura;4(IV). Quema de biomasa;N2O;55.02;14580.48
2010;Río Negro;Usos de la Tierra, Cambios de Uso de la Tierra y Silvicultura;4(IV). Quema de biomasa;N2O;4.31;1142.96
2010;San Juan;Usos de la Tierra, Cambios de Uso de la Tierra y Silvicultura;4(IV). Quema de biomasa;N2O;0.16;41.35
2010;Santa Cruz;Usos de la Tierra, Cambios de Uso de la Tierra y Silvicultura;4(IV). Quema de biomasa;N2O;0.85;224.5
2010;Tierra del Fuego, Antártida e Islas del Atlántico Sur;Usos de la Tierra, Cambios de Uso de la Tierra y Silvicultura;4(IV). Quema de biomasa;N2O;79.42;21045.08
2010;Buenos Aires;Usos de la Tierra, Cambios de Uso de la Tierra y Silvicultura;4(IV). Quema de biomasa;CO2;-991682.83;-991682.83
2010;Catamarca;Usos de la Tierra, Cambios de Uso de la Tierra y Silvicultura;4(IV). Quema de biomasa;CO2;-236444.89;-236444.89
2010;Córdoba;Usos de la Tierra, Cambios de Uso de la Tierra y Silvicultura;4(IV). Quema de biomasa;CO2;3291781.64;3291781.64
2010;Corrientes;Usos de la Tierra, Cambios de Uso de la Tierra y Silvicultura;4(IV). Quema de biomasa;CO2;101542.59;101542.59
2010;Chaco;Usos de la Tierra, Cambios de Uso de la Tierra y Silvicultura;4(IV). Quema de biomasa;CO2;1775041.83;1775041.83
2010;Chubut;Usos de la Tierra, Cambios de Uso de la Tierra y Silvicultura;4(IV). Quema de biomasa;CO2;-8947.88;-8947.88
2010;Entre Ríos;Usos de la Tierra, Cambios de Uso de la Tierra y Silvicultura;4(IV). Quema de biomasa;CO2;2362060.95;2362060.95
2010;Formosa;Usos de la Tierra, Cambios de Uso de la Tierra y Silvicultura;4(IV). Quema de biomasa;CO2;-678352.06;-678352.06
2010;Jujuy;Usos de la Tierra, Cambios de Uso de la Tierra y Silvicultura;4(IV). Quema de biomasa;CO2;-91457.54;-91457.54
2010;La Pampa;Usos de la Tierra, Cambios de Uso de la Tierra y Silvicultura;4(IV). Quema de biomasa;CO2;-1412754.11;-1412754.11
2010;La Rioja;Usos de la Tierra, Cambios de Uso de la Tierra y Silvicultura;4(IV). Quema de biomasa;CO2;-124187.03;-124187.03
2010;Mendoza;Usos de la Tierra, Cambios de Uso de la Tierra y Silvicultura;4(IV). Quema de biomasa;CO2;-47015.6;-47015.6
2010;Misiones;Usos de la Tierra, Cambios de Uso de la Tierra y Silvicultura;4(IV). Quema de biomasa;CO2;-595748.38;-595748.38
2010;Neuquén;Usos de la Tierra, Cambios de Uso de la Tierra y Silvicultura;4(IV). Quema de biomasa;CO2;-15017.56;-15017.56
2010;Río Negro;Usos de la Tierra, Cambios de Uso de la Tierra y Silvicultura;4(IV). Quema de biomasa;CO2;-19106.9;-19106.9
2010;Salta;Usos de la Tierra, Cambios de Uso de la Tierra y Silvicultura;4(IV). Quema de biomasa;CO2;9401.0;9401.0
2010;San Juan;Usos de la Tierra, Cambios de Uso de la Tierra y Silvicultura;4(IV). Quema de biomasa;CO2;-15448.38;-15448.38
2010;San Luis;Usos de la Tierra, Cambios de Uso de la Tierra y Silvicultura;4(IV). Quema de biomasa;CO2;-29712.11;-29712.11
2010;Santa Cruz;Usos de la Tierra, Cambios de Uso de la Tierra y Silvicultura;4(IV). Quema de biomasa;CO2;-1379.67;-1379.67
2010;Santa Fe;Usos de la Tierra, Cambios de Uso de la Tierra y Silvicultura;4(IV). Quema de biomasa;CO2;1890994.3;1890994.3
2010;Santiago del Estero;Usos de la Tierra, Cambios de Uso de la Tierra y Silvicultura;4(IV). Quema de biomasa;CO2;88108.53;88108.53
2010;Tucumán;Usos de la Tierra, Cambios de Uso de la Tierra y Silvicultura;4(IV). Quema de biomasa;CO2;-417920.13;-417920.13
2010;Tierra del Fuego, Antártida e Islas del Atlántico Sur;Usos de la Tierra, Cambios de Uso de la Tierra y Silvicultura;4(IV). Quema de biomasa;CO2;-8063.57;-8063.57
2011;Buenos Aires;Usos de la Tierra, Cambios de Uso de la Tierra y Silvicultura;4B. Tierras de cultivo;CO2;20621.54;20621.54
2011;Córdoba;Usos de la Tierra, Cambios de Uso de la Tierra y Silvicultura;4B. Tierras de cultivo;CO2;1227426.53;1227426.53
2011;Corrientes;Usos de la Tierra, Cambios de Uso de la Tierra y Silvicultura;4B. Tierras de cultivo;CO2;81457.11;81457.11
2011;Chaco;Usos de la Tierra, Cambios de Uso de la Tierra y Silvicultura;4B. Tierras de cultivo;CO2;2450068.73;2450068.73
2011;Entre Ríos;Usos de la Tierra, Cambios de Uso de la Tierra y Silvicultura;4B. Tierras de cultivo;CO2;843158.06;843158.06
2011;Formosa;Usos de la Tierra, Cambios de Uso de la Tierra y Silvicultura;4B. Tierras de cultivo;CO2;1305488.71;1305488.71
2011;Jujuy;Usos de la Tierra, Cambios de Uso de la Tierra y Silvicultura;4B. Tierras de cultivo;CO2;1054487.14;1054487.14
2011;La Pampa;Usos de la Tierra, Cambios de Uso de la Tierra y Silvicultura;4B. Tierras de cultivo;CO2;83741.3;83741.3
2011;Misiones;Usos de la Tierra, Cambios de Uso de la Tierra y Silvicultura;4B. Tierras de cultivo;CO2;713661.38;713661.38
2011;Salta;Usos de la Tierra, Cambios de Uso de la Tierra y Silvicultura;4B. Tierras de cultivo;CO2;9596290.33;9596290.33
2011;San Luis;Usos de la Tierra, Cambios de Uso de la Tierra y Silvicultura;4B. Tierras de cultivo;CO2;2109432.45;2109432.45
2011;Santa Fe;Usos de la Tierra, Cambios de Uso de la Tierra y Silvicultura;4B. Tierras de cultivo;CO2;325100.47;325100.47
2011;Santiago del Estero;Usos de la Tierra, Cambios de Uso de la Tierra y Silvicultura;4B. Tierras de cultivo;CO2;21860330.73;21860330.73
2011;Tucumán;Usos de la Tierra, Cambios de Uso de la Tierra y Silvicultura;4B. Tierras de cultivo;CO2;343408.82;343408.82
2011;Catamarca;Usos de la Tierra, Cambios de Uso de la Tierra y Silvicultura;4C. Pastizales;CO2;735456.16;735456.16
2011;Córdoba;Usos de la Tierra, Cambios de Uso de la Tierra y Silvicultura;4C. Pastizales;CO2;583775.33;583775.33
2011;Corrientes;Usos de la Tierra, Cambios de Uso de la Tierra y Silvicultura;4C. Pastizales;CO2;43282.91;43282.91
2011;Chaco;Usos de la Tierra, Cambios de Uso de la Tierra y Silvicultura;4C. Pastizales;CO2;2708449.31;2708449.31
2011;Chubut;Usos de la Tierra, Cambios de Uso de la Tierra y Silvicultura;4C. Pastizales;CO2;653248.4;653248.4
2011;Entre Ríos;Usos de la Tierra, Cambios de Uso de la Tierra y Silvicultura;4C. Pastizales;CO2;1794725.75;1794725.75
2011;Formosa;Usos de la Tierra, Cambios de Uso de la Tierra y Silvicultura;4C. Pastizales;CO2;5075213.24;5075213.24
2011;Jujuy;Usos de la Tierra, Cambios de Uso de la Tierra y Silvicultura;4C. Pastizales;CO2;420768.27;420768.27
2011;La Pampa;Usos de la Tierra, Cambios de Uso de la Tierra y Silvicultura;4C. Pastizales;CO2;86224.14;86224.14
2011;La Rioja;Usos de la Tierra, Cambios de Uso de la Tierra y Silvicultura;4C. Pastizales;CO2;1225806.18;1225806.18
2011;Misiones;Usos de la Tierra, Cambios de Uso de la Tierra y Silvicultura;4C. Pastizales;CO2;1908115.99;1908115.99
2011;Neuquén;Usos de la Tierra, Cambios de Uso de la Tierra y Silvicultura;4C. Pastizales;CO2;1311077.52;1311077.52
2011;Río Negro;Usos de la Tierra, Cambios de Uso de la Tierra y Silvicultura;4C. Pastizales;CO2;104375.72;104375.72
2011;Salta;Usos de la Tierra, Cambios de Uso de la Tierra y Silvicultura;4C. Pastizales;CO2;1488543.41;1488543.41
2011;San Juan;Usos de la Tierra, Cambios de Uso de la Tierra y Silvicultura;4C. Pastizales;CO2;108980.8;108980.8
2011;San Luis;Usos de la Tierra, Cambios de Uso de la Tierra y Silvicultura;4C. Pastizales;CO2;458713.11;458713.11
2011;Santa Cruz;Usos de la Tierra, Cambios de Uso de la Tierra y Silvicultura;4C. Pastizales;CO2;20362.56;20362.56
2011;Santa Fe;Usos de la Tierra, Cambios de Uso de la Tierra y Silvicultura;4C. Pastizales;CO2;11642.39;11642.39
2011;Santiago del Estero;Usos de la Tierra, Cambios de Uso de la Tierra y Silvicultura;4C. Pastizales;CO2;2205520.96;2205520.96
2011;Tucumán;Usos de la Tierra, Cambios de Uso de la Tierra y Silvicultura;4C. Pastizales;CO2;733330.21;733330.21
2011;Tierra del Fuego, Antártida e Islas del Atlántico Sur;Usos de la Tierra, Cambios de Uso de la Tierra y Silvicultura;4C. Pastizales;CO2;1889707.99;1889707.99
2011;Buenos Aires;Usos de la Tierra, Cambios de Uso de la Tierra y Silvicultura;4C. Pastizales;CO2;655023.01;655023.01
2011;Mendoza;Usos de la Tierra, Cambios de Uso de la Tierra y Silvicultura;4C. Pastizales;CO2;1.89;1.89
2011;Buenos Aires;Usos de la Tierra, Cambios de Uso de la Tierra y Silvicultura;4(IV). Quema de biomasa;CH4;31.3;876.35
2011;Córdoba;Usos de la Tierra, Cambios de Uso de la Tierra y Silvicultura;4(IV). Quema de biomasa;CH4;1805.59;50556.55
2011;Corrientes;Usos de la Tierra, Cambios de Uso de la Tierra y Silvicultura;4(IV). Quema de biomasa;CH4;120.34;3369.59
2011;Chaco;Usos de la Tierra, Cambios de Uso de la Tierra y Silvicultura;4(IV). Quema de biomasa;CH4;3553.73;99504.47
2011;Entre Ríos;Usos de la Tierra, Cambios de Uso de la Tierra y Silvicultura;4(IV). Quema de biomasa;CH4;1277.04;35757.18
2011;Formosa;Usos de la Tierra, Cambios de Uso de la Tierra y Silvicultura;4(IV). Quema de biomasa;CH4;1897.72;53136.2
2011;Jujuy;Usos de la Tierra, Cambios de Uso de la Tierra y Silvicultura;4(IV). Quema de biomasa;CH4;1553.82;43507.01
2011;La Pampa;Usos de la Tierra, Cambios de Uso de la Tierra y Silvicultura;4(IV). Quema de biomasa;CH4;127.59;3572.63
2011;Misiones;Usos de la Tierra, Cambios de Uso de la Tierra y Silvicultura;4(IV). Quema de biomasa;CH4;1058.62;29641.41
2011;Salta;Usos de la Tierra, Cambios de Uso de la Tierra y Silvicultura;4(IV). Quema de biomasa;CH4;13975.74;391320.82
2011;San Luis;Usos de la Tierra, Cambios de Uso de la Tierra y Silvicultura;4(IV). Quema de biomasa;CH4;3127.99;87583.66
2011;Santa Fe;Usos de la Tierra, Cambios de Uso de la Tierra y Silvicultura;4(IV). Quema de biomasa;CH4;476.85;13351.88
2011;Santiago del Estero;Usos de la Tierra, Cambios de Uso de la Tierra y Silvicultura;4(IV). Quema de biomasa;CH4;31767.4;889487.23
2011;Tucumán;Usos de la Tierra, Cambios de Uso de la Tierra y Silvicultura;4(IV). Quema de biomasa;CH4;508.79;14246.24
2011;Catamarca;Usos de la Tierra, Cambios de Uso de la Tierra y Silvicultura;4(IV). Quema de biomasa;CH4;1054.89;29536.81
2011;Chubut;Usos de la Tierra, Cambios de Uso de la Tierra y Silvicultura;4(IV). Quema de biomasa;CH4;918.98;25731.49
2011;La Rioja;Usos de la Tierra, Cambios de Uso de la Tierra y Silvicultura;4(IV). Quema de biomasa;CH4;1746.84;48911.55
2011;Neuquén;Usos de la Tierra, Cambios de Uso de la Tierra y Silvicultura;4(IV). Quema de biomasa;CH4;1870.7;52379.67
2011;Río Negro;Usos de la Tierra, Cambios de Uso de la Tierra y Silvicultura;4(IV). Quema de biomasa;CH4;146.64;4106.02
2011;San Juan;Usos de la Tierra, Cambios de Uso de la Tierra y Silvicultura;4(IV). Quema de biomasa;CH4;154.14;4315.82
2011;Santa Cruz;Usos de la Tierra, Cambios de Uso de la Tierra y Silvicultura;4(IV). Quema de biomasa;CH4;28.8;806.52
2011;Tierra del Fuego, Antártida e Islas del Atlántico Sur;Usos de la Tierra, Cambios de Uso de la Tierra y Silvicultura;4(IV). Quema de biomasa;CH4;2700.12;75603.46
2011;Buenos Aires;Usos de la Tierra, Cambios de Uso de la Tierra y Silvicultura;4(IV). Quema de biomasa;N2O;0.92;243.94
2011;Córdoba;Usos de la Tierra, Cambios de Uso de la Tierra y Silvicultura;4(IV). Quema de biomasa;N2O;53.11;14072.99
2011;Corrientes;Usos de la Tierra, Cambios de Uso de la Tierra y Silvicultura;4(IV). Quema de biomasa;N2O;3.54;937.96
2011;Chaco;Usos de la Tierra, Cambios de Uso de la Tierra y Silvicultura;4(IV). Quema de biomasa;N2O;104.52;27698.2
2011;Entre Ríos;Usos de la Tierra, Cambios de Uso de la Tierra y Silvicultura;4(IV). Quema de biomasa;N2O;37.56;9953.42
2011;Formosa;Usos de la Tierra, Cambios de Uso de la Tierra y Silvicultura;4(IV). Quema de biomasa;N2O;55.82;14791.06
2011;Jujuy;Usos de la Tierra, Cambios de Uso de la Tierra y Silvicultura;4(IV). Quema de biomasa;N2O;45.7;12110.67
2011;La Pampa;Usos de la Tierra, Cambios de Uso de la Tierra y Silvicultura;4(IV). Quema de biomasa;N2O;3.75;994.48
2011;Misiones;Usos de la Tierra, Cambios de Uso de la Tierra y Silvicultura;4(IV). Quema de biomasa;N2O;31.14;8251.02
2011;Salta;Usos de la Tierra, Cambios de Uso de la Tierra y Silvicultura;4(IV). Quema de biomasa;N2O;411.05;108928.59
2011;San Luis;Usos de la Tierra, Cambios de Uso de la Tierra y Silvicultura;4(IV). Quema de biomasa;N2O;92.0;24379.91
2011;Santa Fe;Usos de la Tierra, Cambios de Uso de la Tierra y Silvicultura;4(IV). Quema de biomasa;N2O;14.03;3716.65
2011;Santiago del Estero;Usos de la Tierra, Cambios de Uso de la Tierra y Silvicultura;4(IV). Quema de biomasa;N2O;934.34;247598.86
2011;Tucumán;Usos de la Tierra, Cambios de Uso de la Tierra y Silvicultura;4(IV). Quema de biomasa;N2O;14.96;3965.6
2011;Catamarca;Usos de la Tierra, Cambios de Uso de la Tierra y Silvicultura;4(IV). Quema de biomasa;N2O;31.03;8221.91
2011;Chubut;Usos de la Tierra, Cambios de Uso de la Tierra y Silvicultura;4(IV). Quema de biomasa;N2O;27.03;7162.65
2011;La Rioja;Usos de la Tierra, Cambios de Uso de la Tierra y Silvicultura;4(IV). Quema de biomasa;N2O;51.38;13615.08
2011;Neuquén;Usos de la Tierra, Cambios de Uso de la Tierra y Silvicultura;4(IV). Quema de biomasa;N2O;55.02;14580.48
2011;Río Negro;Usos de la Tierra, Cambios de Uso de la Tierra y Silvicultura;4(IV). Quema de biomasa;N2O;4.31;1142.96
2011;San Juan;Usos de la Tierra, Cambios de Uso de la Tierra y Silvicultura;4(IV). Quema de biomasa;N2O;4.53;1201.36
2011;Santa Cruz;Usos de la Tierra, Cambios de Uso de la Tierra y Silvicultura;4(IV). Quema de biomasa;N2O;0.85;224.5
2011;Tierra del Fuego, Antártida e Islas del Atlántico Sur;Usos de la Tierra, Cambios de Uso de la Tierra y Silvicultura;4(IV). Quema de biomasa;N2O;79.42;21045.08
2011;Buenos Aires;Usos de la Tierra, Cambios de Uso de la Tierra y Silvicultura;4(IV). Quema de biomasa;CO2;2552109.58;2552109.58
2011;Catamarca;Usos de la Tierra, Cambios de Uso de la Tierra y Silvicultura;4(IV). Quema de biomasa;CO2;-234085.1;-234085.1
2011;Córdoba;Usos de la Tierra, Cambios de Uso de la Tierra y Silvicultura;4(IV). Quema de biomasa;CO2;3733614.82;3733614.82
2011;Corrientes;Usos de la Tierra, Cambios de Uso de la Tierra y Silvicultura;4(IV). Quema de biomasa;CO2;320130.01;320130.01
2011;Chaco;Usos de la Tierra, Cambios de Uso de la Tierra y Silvicultura;4(IV). Quema de biomasa;CO2;1403475.18;1403475.18
2011;Chubut;Usos de la Tierra, Cambios de Uso de la Tierra y Silvicultura;4(IV). Quema de biomasa;CO2;-8786.77;-8786.77
2011;Entre Ríos;Usos de la Tierra, Cambios de Uso de la Tierra y Silvicultura;4(IV). Quema de biomasa;CO2;2986201.71;2986201.71
2011;Formosa;Usos de la Tierra, Cambios de Uso de la Tierra y Silvicultura;4(IV). Quema de biomasa;CO2;-631080.75;-631080.75
2011;Jujuy;Usos de la Tierra, Cambios de Uso de la Tierra y Silvicultura;4(IV). Quema de biomasa;CO2;-60610.11;-60610.11
2011;La Pampa;Usos de la Tierra, Cambios de Uso de la Tierra y Silvicultura;4(IV). Quema de biomasa;CO2;-1468544.24;-1468544.24
2011;La Rioja;Usos de la Tierra, Cambios de Uso de la Tierra y Silvicultura;4(IV). Quema de biomasa;CO2;-122209.55;-122209.55
2011;Mendoza;Usos de la Tierra, Cambios de Uso de la Tierra y Silvicultura;4(IV). Quema de biomasa;CO2;-36186.24;-36186.24
2011;Misiones;Usos de la Tierra, Cambios de Uso de la Tierra y Silvicultura;4(IV). Quema de biomasa;CO2;-446802.51;-446802.51
2011;Neuquén;Usos de la Tierra, Cambios de Uso de la Tierra y Silvicultura;4(IV). Quema de biomasa;CO2;-17198.79;-17198.79
2011;Río Negro;Usos de la Tierra, Cambios de Uso de la Tierra y Silvicultura;4(IV). Quema de biomasa;CO2;-10473.58;-10473.58
2011;Salta;Usos de la Tierra, Cambios de Uso de la Tierra y Silvicultura;4(IV). Quema de biomasa;CO2;338615.89;338615.89
2011;San Juan;Usos de la Tierra, Cambios de Uso de la Tierra y Silvicultura;4(IV). Quema de biomasa;CO2;-18517.6;-18517.6
2011;San Luis;Usos de la Tierra, Cambios de Uso de la Tierra y Silvicultura;4(IV). Quema de biomasa;CO2;76521.71;76521.71
2011;Santa Cruz;Usos de la Tierra, Cambios de Uso de la Tierra y Silvicultura;4(IV). Quema de biomasa;CO2;-250.52;-250.52
2011;Santa Fe;Usos de la Tierra, Cambios de Uso de la Tierra y Silvicultura;4(IV). Quema de biomasa;CO2;1044369.98;1044369.98
2011;Santiago del Estero;Usos de la Tierra, Cambios de Uso de la Tierra y Silvicultura;4(IV). Quema de biomasa;CO2;2174817.48;2174817.48
2011;Tucumán;Usos de la Tierra, Cambios de Uso de la Tierra y Silvicultura;4(IV). Quema de biomasa;CO2;-459570.06;-459570.06
2011;Tierra del Fuego, Antártida e Islas del Atlántico Sur;Usos de la Tierra, Cambios de Uso de la Tierra y Silvicultura;4(IV). Quema de biomasa;CO2;-11569.7;-11569.7
2012;Buenos Aires;Usos de la Tierra, Cambios de Uso de la Tierra y Silvicultura;4B. Tierras de cultivo;CO2;1759.04;1759.04
2012;Córdoba;Usos de la Tierra, Cambios de Uso de la Tierra y Silvicultura;4B. Tierras de cultivo;CO2;83552.19;83552.19
2012;Corrientes;Usos de la Tierra, Cambios de Uso de la Tierra y Silvicultura;4B. Tierras de cultivo;CO2;10559.6;10559.6
2012;Chaco;Usos de la Tierra, Cambios de Uso de la Tierra y Silvicultura;4B. Tierras de cultivo;CO2;6209893.66;6209893.66
2012;Entre Ríos;Usos de la Tierra, Cambios de Uso de la Tierra y Silvicultura;4B. Tierras de cultivo;CO2;1369035.83;1369035.83
2012;Formosa;Usos de la Tierra, Cambios de Uso de la Tierra y Silvicultura;4B. Tierras de cultivo;CO2;939984.48;939984.48
2012;Jujuy;Usos de la Tierra, Cambios de Uso de la Tierra y Silvicultura;4B. Tierras de cultivo;CO2;1534520.94;1534520.94
2012;La Pampa;Usos de la Tierra, Cambios de Uso de la Tierra y Silvicultura;4B. Tierras de cultivo;CO2;72571.64;72571.64
2012;Misiones;Usos de la Tierra, Cambios de Uso de la Tierra y Silvicultura;4B. Tierras de cultivo;CO2;545740.05;545740.05
2012;Salta;Usos de la Tierra, Cambios de Uso de la Tierra y Silvicultura;4B. Tierras de cultivo;CO2;10078676.28;10078676.28
2012;San Luis;Usos de la Tierra, Cambios de Uso de la Tierra y Silvicultura;4B. Tierras de cultivo;CO2;1991677.95;1991677.95
2012;Santa Fe;Usos de la Tierra, Cambios de Uso de la Tierra y Silvicultura;4B. Tierras de cultivo;CO2;292793.28;292793.28
2012;Santiago del Estero;Usos de la Tierra, Cambios de Uso de la Tierra y Silvicultura;4B. Tierras de cultivo;CO2;3270835.28;3270835.28
2012;Tucumán;Usos de la Tierra, Cambios de Uso de la Tierra y Silvicultura;4B. Tierras de cultivo;CO2;355040.62;355040.62
2012;Buenos Aires;Usos de la Tierra, Cambios de Uso de la Tierra y Silvicultura;4C. Pastizales;CO2;175985.07;175985.07
2012;Catamarca;Usos de la Tierra, Cambios de Uso de la Tierra y Silvicultura;4C. Pastizales;CO2;782861.83;782861.83
2012;Córdoba;Usos de la Tierra, Cambios de Uso de la Tierra y Silvicultura;4C. Pastizales;CO2;536083.1;536083.1
2012;Corrientes;Usos de la Tierra, Cambios de Uso de la Tierra y Silvicultura;4C. Pastizales;CO2;114966.13;114966.13
2012;Chaco;Usos de la Tierra, Cambios de Uso de la Tierra y Silvicultura;4C. Pastizales;CO2;8040634.36;8040634.36
2012;Chubut;Usos de la Tierra, Cambios de Uso de la Tierra y Silvicultura;4C. Pastizales;CO2;653248.4;653248.4
2012;Entre Ríos;Usos de la Tierra, Cambios de Uso de la Tierra y Silvicultura;4C. Pastizales;CO2;2355407.94;2355407.94
2012;Formosa;Usos de la Tierra, Cambios de Uso de la Tierra y Silvicultura;4C. Pastizales;CO2;10997457.13;10997457.13
2012;La Pampa;Usos de la Tierra, Cambios de Uso de la Tierra y Silvicultura;4C. Pastizales;CO2;158936.43;158936.43
2012;La Rioja;Usos de la Tierra, Cambios de Uso de la Tierra y Silvicultura;4C. Pastizales;CO2;2464173.4;2464173.4
2012;Misiones;Usos de la Tierra, Cambios de Uso de la Tierra y Silvicultura;4C. Pastizales;CO2;798867.59;798867.59
2012;Neuquén;Usos de la Tierra, Cambios de Uso de la Tierra y Silvicultura;4C. Pastizales;CO2;1311077.52;1311077.52
2012;Río Negro;Usos de la Tierra, Cambios de Uso de la Tierra y Silvicultura;4C. Pastizales;CO2;104375.72;104375.72
2012;Salta;Usos de la Tierra, Cambios de Uso de la Tierra y Silvicultura;4C. Pastizales;CO2;19157810.93;19157810.93
2012;San Luis;Usos de la Tierra, Cambios de Uso de la Tierra y Silvicultura;4C. Pastizales;CO2;484787.82;484787.82
2012;Santa Cruz;Usos de la Tierra, Cambios de Uso de la Tierra y Silvicultura;4C. Pastizales;CO2;20362.56;20362.56
2012;Santa Fe;Usos de la Tierra, Cambios de Uso de la Tierra y Silvicultura;4C. Pastizales;CO2;252532.02;252532.02
2012;Santiago del Estero;Usos de la Tierra, Cambios de Uso de la Tierra y Silvicultura;4C. Pastizales;CO2;18870541.39;18870541.39
2012;Tucumán;Usos de la Tierra, Cambios de Uso de la Tierra y Silvicultura;4C. Pastizales;CO2;1276381.63;1276381.63
2012;Tierra del Fuego, Antártida e Islas del Atlántico Sur;Usos de la Tierra, Cambios de Uso de la Tierra y Silvicultura;4C. Pastizales;CO2;1889707.99;1889707.99
2012;Mendoza;Usos de la Tierra, Cambios de Uso de la Tierra y Silvicultura;4C. Pastizales;CO2;1.89;1.89
2012;San Juan;Usos de la Tierra, Cambios de Uso de la Tierra y Silvicultura;4C. Pastizales;CO2;3.03;3.03
2012;Buenos Aires;Usos de la Tierra, Cambios de Uso de la Tierra y Silvicultura;4(IV). Quema de biomasa;CH4;2.57;71.97
2012;Córdoba;Usos de la Tierra, Cambios de Uso de la Tierra y Silvicultura;4(IV). Quema de biomasa;CH4;121.84;3411.42
2012;Corrientes;Usos de la Tierra, Cambios de Uso de la Tierra y Silvicultura;4(IV). Quema de biomasa;CH4;15.5;434.01
2012;Chaco;Usos de la Tierra, Cambios de Uso de la Tierra y Silvicultura;4(IV). Quema de biomasa;CH4;9010.75;252301.08
2012;Entre Ríos;Usos de la Tierra, Cambios de Uso de la Tierra y Silvicultura;4(IV). Quema de biomasa;CH4;2080.77;58261.54
2012;Formosa;Usos de la Tierra, Cambios de Uso de la Tierra y Silvicultura;4(IV). Quema de biomasa;CH4;1370.6;38376.86
2012;Jujuy;Usos de la Tierra, Cambios de Uso de la Tierra y Silvicultura;4(IV). Quema de biomasa;CH4;2266.76;63469.26
2012;La Pampa;Usos de la Tierra, Cambios de Uso de la Tierra y Silvicultura;4(IV). Quema de biomasa;CH4;107.7;3015.61
2012;Misiones;Usos de la Tierra, Cambios de Uso de la Tierra y Silvicultura;4(IV). Quema de biomasa;CH4;810.32;22689.09
2012;Salta;Usos de la Tierra, Cambios de Uso de la Tierra y Silvicultura;4(IV). Quema de biomasa;CH4;14642.45;409988.63
2012;San Luis;Usos de la Tierra, Cambios de Uso de la Tierra y Silvicultura;4(IV). Quema de biomasa;CH4;2966.42;83059.84
2012;Santa Fe;Usos de la Tierra, Cambios de Uso de la Tierra y Silvicultura;4(IV). Quema de biomasa;CH4;431.37;12078.25
2012;Santiago del Estero;Usos de la Tierra, Cambios de Uso de la Tierra y Silvicultura;4(IV). Quema de biomasa;CH4;4765.34;133429.46
2012;Tucumán;Usos de la Tierra, Cambios de Uso de la Tierra y Silvicultura;4(IV). Quema de biomasa;CH4;519.93;14558.1
2012;Catamarca;Usos de la Tierra, Cambios de Uso de la Tierra y Silvicultura;4(IV). Quema de biomasa;CH4;1119.19;31337.29
2012;Chubut;Usos de la Tierra, Cambios de Uso de la Tierra y Silvicultura;4(IV). Quema de biomasa;CH4;918.98;25731.49
2012;La Rioja;Usos de la Tierra, Cambios de Uso de la Tierra y Silvicultura;4(IV). Quema de biomasa;CH4;3494.2;97837.55
2012;Neuquén;Usos de la Tierra, Cambios de Uso de la Tierra y Silvicultura;4(IV). Quema de biomasa;CH4;1870.7;52379.67
2012;Río Negro;Usos de la Tierra, Cambios de Uso de la Tierra y Silvicultura;4(IV). Quema de biomasa;CH4;146.64;4106.02
2012;Santa Cruz;Usos de la Tierra, Cambios de Uso de la Tierra y Silvicultura;4(IV). Quema de biomasa;CH4;28.8;806.52
2012;Tierra del Fuego, Antártida e Islas del Atlántico Sur;Usos de la Tierra, Cambios de Uso de la Tierra y Silvicultura;4(IV). Quema de biomasa;CH4;2700.12;75603.46
2012;Buenos Aires;Usos de la Tierra, Cambios de Uso de la Tierra y Silvicultura;4(IV). Quema de biomasa;N2O;0.08;20.03
2012;Córdoba;Usos de la Tierra, Cambios de Uso de la Tierra y Silvicultura;4(IV). Quema de biomasa;N2O;3.58;949.61
2012;Corrientes;Usos de la Tierra, Cambios de Uso de la Tierra y Silvicultura;4(IV). Quema de biomasa;N2O;0.46;120.81
2012;Chaco;Usos de la Tierra, Cambios de Uso de la Tierra y Silvicultura;4(IV). Quema de biomasa;N2O;265.02;70230.87
2012;Entre Ríos;Usos de la Tierra, Cambios de Uso de la Tierra y Silvicultura;4(IV). Quema de biomasa;N2O;61.2;16217.76
2012;Formosa;Usos de la Tierra, Cambios de Uso de la Tierra y Silvicultura;4(IV). Quema de biomasa;N2O;40.31;10682.63
2012;Jujuy;Usos de la Tierra, Cambios de Uso de la Tierra y Silvicultura;4(IV). Quema de biomasa;N2O;66.67;17667.39
2012;La Pampa;Usos de la Tierra, Cambios de Uso de la Tierra y Silvicultura;4(IV). Quema de biomasa;N2O;3.17;839.43
2012;Misiones;Usos de la Tierra, Cambios de Uso de la Tierra y Silvicultura;4(IV). Quema de biomasa;N2O;23.83;6315.77
2012;Salta;Usos de la Tierra, Cambios de Uso de la Tierra y Silvicultura;4(IV). Quema de biomasa;N2O;430.66;114124.99
2012;San Luis;Usos de la Tierra, Cambios de Uso de la Tierra y Silvicultura;4(IV). Quema de biomasa;N2O;87.25;23120.65
2012;Santa Fe;Usos de la Tierra, Cambios de Uso de la Tierra y Silvicultura;4(IV). Quema de biomasa;N2O;12.69;3362.12
2012;Santiago del Estero;Usos de la Tierra, Cambios de Uso de la Tierra y Silvicultura;4(IV). Quema de biomasa;N2O;140.16;37141.6
2012;Tucumán;Usos de la Tierra, Cambios de Uso de la Tierra y Silvicultura;4(IV). Quema de biomasa;N2O;15.29;4052.41
2012;Catamarca;Usos de la Tierra, Cambios de Uso de la Tierra y Silvicultura;4(IV). Quema de biomasa;N2O;32.92;8723.09
2012;Chubut;Usos de la Tierra, Cambios de Uso de la Tierra y Silvicultura;4(IV). Quema de biomasa;N2O;27.03;7162.65
2012;La Rioja;Usos de la Tierra, Cambios de Uso de la Tierra y Silvicultura;4(IV). Quema de biomasa;N2O;102.77;27234.19
2012;Neuquén;Usos de la Tierra, Cambios de Uso de la Tierra y Silvicultura;4(IV). Quema de biomasa;N2O;55.02;14580.48
2012;Río Negro;Usos de la Tierra, Cambios de Uso de la Tierra y Silvicultura;4(IV). Quema de biomasa;N2O;4.31;1142.96
2012;Santa Cruz;Usos de la Tierra, Cambios de Uso de la Tierra y Silvicultura;4(IV). Quema de biomasa;N2O;0.85;224.5
2012;Tierra del Fuego, Antártida e Islas del Atlántico Sur;Usos de la Tierra, Cambios de Uso de la Tierra y Silvicultura;4(IV). Quema de biomasa;N2O;79.42;21045.08
2012;Buenos Aires;Usos de la Tierra, Cambios de Uso de la Tierra y Silvicultura;4(IV). Quema de biomasa;CO2;3452665.68;3452665.68
2012;Catamarca;Usos de la Tierra, Cambios de Uso de la Tierra y Silvicultura;4(IV). Quema de biomasa;CO2;-292623.58;-292623.58
2012;Córdoba;Usos de la Tierra, Cambios de Uso de la Tierra y Silvicultura;4(IV). Quema de biomasa;CO2;3108603.36;3108603.36
2012;Corrientes;Usos de la Tierra, Cambios de Uso de la Tierra y Silvicultura;4(IV). Quema de biomasa;CO2;142077.94;142077.94
2012;Chaco;Usos de la Tierra, Cambios de Uso de la Tierra y Silvicultura;4(IV). Quema de biomasa;CO2;649567.7;649567.7
2012;Chubut;Usos de la Tierra, Cambios de Uso de la Tierra y Silvicultura;4(IV). Quema de biomasa;CO2;-9661.14;-9661.14
2012;Entre Ríos;Usos de la Tierra, Cambios de Uso de la Tierra y Silvicultura;4(IV). Quema de biomasa;CO2;2526911.68;2526911.68
2012;Formosa;Usos de la Tierra, Cambios de Uso de la Tierra y Silvicultura;4(IV). Quema de biomasa;CO2;-581475.41;-581475.41
2012;Jujuy;Usos de la Tierra, Cambios de Uso de la Tierra y Silvicultura;4(IV). Quema de biomasa;CO2;310.5;310.5
2012;La Pampa;Usos de la Tierra, Cambios de Uso de la Tierra y Silvicultura;4(IV). Quema de biomasa;CO2;-1164255.81;-1164255.81
2012;La Rioja;Usos de la Tierra, Cambios de Uso de la Tierra y Silvicultura;4(IV). Quema de biomasa;CO2;-124342.71;-124342.71
2012;Mendoza;Usos de la Tierra, Cambios de Uso de la Tierra y Silvicultura;4(IV). Quema de biomasa;CO2;-40965.89;-40965.89
2012;Misiones;Usos de la Tierra, Cambios de Uso de la Tierra y Silvicultura;4(IV). Quema de biomasa;CO2;-438529.2;-438529.2
2012;Neuquén;Usos de la Tierra, Cambios de Uso de la Tierra y Silvicultura;4(IV). Quema de biomasa;CO2;-22193.81;-22193.81
2012;Río Negro;Usos de la Tierra, Cambios de Uso de la Tierra y Silvicultura;4(IV). Quema de biomasa;CO2;-12032.34;-12032.34
2012;Salta;Usos de la Tierra, Cambios de Uso de la Tierra y Silvicultura;4(IV). Quema de biomasa;CO2;201845.04;201845.04
2012;San Juan;Usos de la Tierra, Cambios de Uso de la Tierra y Silvicultura;4(IV). Quema de biomasa;CO2;-20208.01;-20208.01
2012;San Luis;Usos de la Tierra, Cambios de Uso de la Tierra y Silvicultura;4(IV). Quema de biomasa;CO2;29487.87;29487.87
2012;Santa Cruz;Usos de la Tierra, Cambios de Uso de la Tierra y Silvicultura;4(IV). Quema de biomasa;CO2;-284.62;-284.62
2012;Santa Fe;Usos de la Tierra, Cambios de Uso de la Tierra y Silvicultura;4(IV). Quema de biomasa;CO2;1352939.22;1352939.22
2012;Santiago del Estero;Usos de la Tierra, Cambios de Uso de la Tierra y Silvicultura;4(IV). Quema de biomasa;CO2;1161248.35;1161248.35
2012;Tucumán;Usos de la Tierra, Cambios de Uso de la Tierra y Silvicultura;4(IV). Quema de biomasa;CO2;-476588.85;-476588.85
2012;Tierra del Fuego, Antártida e Islas del Atlántico Sur;Usos de la Tierra, Cambios de Uso de la Tierra y Silvicultura;4(IV). Quema de biomasa;CO2;-15076.24;-15076.24
2013;Buenos Aires;Usos de la Tierra, Cambios de Uso de la Tierra y Silvicultura;4B. Tierras de cultivo;CO2;1759.04;1759.04
2013;Córdoba;Usos de la Tierra, Cambios de Uso de la Tierra y Silvicultura;4B. Tierras de cultivo;CO2;156907.73;156907.73
2013;Chaco;Usos de la Tierra, Cambios de Uso de la Tierra y Silvicultura;4B. Tierras de cultivo;CO2;4445126.39;4445126.39
2013;Entre Ríos;Usos de la Tierra, Cambios de Uso de la Tierra y Silvicultura;4B. Tierras de cultivo;CO2;2319049.21;2319049.21
2013;Jujuy;Usos de la Tierra, Cambios de Uso de la Tierra y Silvicultura;4B. Tierras de cultivo;CO2;382969.15;382969.15
2013;La Pampa;Usos de la Tierra, Cambios de Uso de la Tierra y Silvicultura;4B. Tierras de cultivo;CO2;54453.53;54453.53
2013;Misiones;Usos de la Tierra, Cambios de Uso de la Tierra y Silvicultura;4B. Tierras de cultivo;CO2;150461.28;150461.28
2013;Salta;Usos de la Tierra, Cambios de Uso de la Tierra y Silvicultura;4B. Tierras de cultivo;CO2;2644280.9;2644280.9
2013;San Luis;Usos de la Tierra, Cambios de Uso de la Tierra y Silvicultura;4B. Tierras de cultivo;CO2;1689025.68;1689025.68
2013;Santa Fe;Usos de la Tierra, Cambios de Uso de la Tierra y Silvicultura;4B. Tierras de cultivo;CO2;191859.24;191859.24
2013;Santiago del Estero;Usos de la Tierra, Cambios de Uso de la Tierra y Silvicultura;4B. Tierras de cultivo;CO2;12768521.46;12768521.46
2013;Tucumán;Usos de la Tierra, Cambios de Uso de la Tierra y Silvicultura;4B. Tierras de cultivo;CO2;1110675.7;1110675.7
2013;Buenos Aires;Usos de la Tierra, Cambios de Uso de la Tierra y Silvicultura;4C. Pastizales;CO2;165287.16;165287.16
2013;Catamarca;Usos de la Tierra, Cambios de Uso de la Tierra y Silvicultura;4C. Pastizales;CO2;782861.83;782861.83
2013;Córdoba;Usos de la Tierra, Cambios de Uso de la Tierra y Silvicultura;4C. Pastizales;CO2;459667.94;459667.94
2013;Corrientes;Usos de la Tierra, Cambios de Uso de la Tierra y Silvicultura;4C. Pastizales;CO2;125161.51;125161.51
2013;Chaco;Usos de la Tierra, Cambios de Uso de la Tierra y Silvicultura;4C. Pastizales;CO2;9844043.39;9844043.39
2013;Chubut;Usos de la Tierra, Cambios de Uso de la Tierra y Silvicultura;4C. Pastizales;CO2;653248.4;653248.4
2013;Entre Ríos;Usos de la Tierra, Cambios de Uso de la Tierra y Silvicultura;4C. Pastizales;CO2;118678.63;118678.63
2013;Formosa;Usos de la Tierra, Cambios de Uso de la Tierra y Silvicultura;4C. Pastizales;CO2;11917470.1;11917470.1
2013;Jujuy;Usos de la Tierra, Cambios de Uso de la Tierra y Silvicultura;4C. Pastizales;CO2;1162112.26;1162112.26
2013;La Pampa;Usos de la Tierra, Cambios de Uso de la Tierra y Silvicultura;4C. Pastizales;CO2;91192.93;91192.93
2013;La Rioja;Usos de la Tierra, Cambios de Uso de la Tierra y Silvicultura;4C. Pastizales;CO2;1851270.3;1851270.3
2013;Misiones;Usos de la Tierra, Cambios de Uso de la Tierra y Silvicultura;4C. Pastizales;CO2;1185948.22;1185948.22
2013;Neuquén;Usos de la Tierra, Cambios de Uso de la Tierra y Silvicultura;4C. Pastizales;CO2;1311077.52;1311077.52
2013;Río Negro;Usos de la Tierra, Cambios de Uso de la Tierra y Silvicultura;4C. Pastizales;CO2;104375.72;104375.72
2013;Salta;Usos de la Tierra, Cambios de Uso de la Tierra y Silvicultura;4C. Pastizales;CO2;26677716.09;26677716.09
2013;San Luis;Usos de la Tierra, Cambios de Uso de la Tierra y Silvicultura;4C. Pastizales;CO2;804650.21;804650.21
2013;Santa Cruz;Usos de la Tierra, Cambios de Uso de la Tierra y Silvicultura;4C. Pastizales;CO2;20362.56;20362.56
2013;Santa Fe;Usos de la Tierra, Cambios de Uso de la Tierra y Silvicultura;4C. Pastizales;CO2;369187.38;369187.38
2013;Santiago del Estero;Usos de la Tierra, Cambios de Uso de la Tierra y Silvicultura;4C. Pastizales;CO2;9241585.94;9241585.94
2013;Tucumán;Usos de la Tierra, Cambios de Uso de la Tierra y Silvicultura;4C. Pastizales;CO2;502581.79;502581.79
2013;Tierra del Fuego, Antártida e Islas del Atlántico Sur;Usos de la Tierra, Cambios de Uso de la Tierra y Silvicultura;4C. Pastizales;CO2;1889707.99;1889707.99
2013;Mendoza;Usos de la Tierra, Cambios de Uso de la Tierra y Silvicultura;4C. Pastizales;CO2;1.89;1.89
2013;San Juan;Usos de la Tierra, Cambios de Uso de la Tierra y Silvicultura;4C. Pastizales;CO2;3.03;3.03
2013;Buenos Aires;Usos de la Tierra, Cambios de Uso de la Tierra y Silvicultura;4(IV). Quema de biomasa;CH4;2.57;71.97
2013;Córdoba;Usos de la Tierra, Cambios de Uso de la Tierra y Silvicultura;4(IV). Quema de biomasa;CH4;229.7;6431.61
2013;Chaco;Usos de la Tierra, Cambios de Uso de la Tierra y Silvicultura;4(IV). Quema de biomasa;CH4;6449.52;180586.47
2013;Entre Ríos;Usos de la Tierra, Cambios de Uso de la Tierra y Silvicultura;4(IV). Quema de biomasa;CH4;3526.4;98739.14
2013;Jujuy;Usos de la Tierra, Cambios de Uso de la Tierra y Silvicultura;4(IV). Quema de biomasa;CH4;559.58;15668.13
2013;La Pampa;Usos de la Tierra, Cambios de Uso de la Tierra y Silvicultura;4(IV). Quema de biomasa;CH4;80.03;2240.94
2013;Misiones;Usos de la Tierra, Cambios de Uso de la Tierra y Silvicultura;4(IV). Quema de biomasa;CH4;222.94;6242.35
2013;Salta;Usos de la Tierra, Cambios de Uso de la Tierra y Silvicultura;4(IV). Quema de biomasa;CH4;3846.0;107688.05
2013;San Luis;Usos de la Tierra, Cambios de Uso de la Tierra y Silvicultura;4(IV). Quema de biomasa;CH4;2514.15;70396.19
2013;Santa Fe;Usos de la Tierra, Cambios de Uso de la Tierra y Silvicultura;4(IV). Quema de biomasa;CH4;278.74;7804.69
2013;Santiago del Estero;Usos de la Tierra, Cambios de Uso de la Tierra y Silvicultura;4(IV). Quema de biomasa;CH4;18537.18;519041.17
2013;Tucumán;Usos de la Tierra, Cambios de Uso de la Tierra y Silvicultura;4(IV). Quema de biomasa;CH4;1624.94;45498.34
2013;Catamarca;Usos de la Tierra, Cambios de Uso de la Tierra y Silvicultura;4(IV). Quema de biomasa;CH4;1119.19;31337.29
2013;Corrientes;Usos de la Tierra, Cambios de Uso de la Tierra y Silvicultura;4(IV). Quema de biomasa;CH4;189.99;5319.81
2013;Chubut;Usos de la Tierra, Cambios de Uso de la Tierra y Silvicultura;4(IV). Quema de biomasa;CH4;918.98;25731.49
2013;Formosa;Usos de la Tierra, Cambios de Uso de la Tierra y Silvicultura;4(IV). Quema de biomasa;CH4;17198.86;481568.2
2013;La Rioja;Usos de la Tierra, Cambios de Uso de la Tierra y Silvicultura;4(IV). Quema de biomasa;CH4;2620.78;73381.77
2013;Neuquén;Usos de la Tierra, Cambios de Uso de la Tierra y Silvicultura;4(IV). Quema de biomasa;CH4;1870.7;52379.67
2013;Río Negro;Usos de la Tierra, Cambios de Uso de la Tierra y Silvicultura;4(IV). Quema de biomasa;CH4;146.64;4106.02
2013;Santa Cruz;Usos de la Tierra, Cambios de Uso de la Tierra y Silvicultura;4(IV). Quema de biomasa;CH4;28.8;806.52
2013;Tierra del Fuego, Antártida e Islas del Atlántico Sur;Usos de la Tierra, Cambios de Uso de la Tierra y Silvicultura;4(IV). Quema de biomasa;CH4;2700.12;75603.46
2013;Buenos Aires;Usos de la Tierra, Cambios de Uso de la Tierra y Silvicultura;4(IV). Quema de biomasa;N2O;0.08;20.03
2013;Córdoba;Usos de la Tierra, Cambios de Uso de la Tierra y Silvicultura;4(IV). Quema de biomasa;N2O;6.76;1790.31
2013;Chaco;Usos de la Tierra, Cambios de Uso de la Tierra y Silvicultura;4(IV). Quema de biomasa;N2O;189.69;50268.29
2013;Entre Ríos;Usos de la Tierra, Cambios de Uso de la Tierra y Silvicultura;4(IV). Quema de biomasa;N2O;103.72;27485.16
2013;Jujuy;Usos de la Tierra, Cambios de Uso de la Tierra y Silvicultura;4(IV). Quema de biomasa;N2O;16.46;4361.4
2013;La Pampa;Usos de la Tierra, Cambios de Uso de la Tierra y Silvicultura;4(IV). Quema de biomasa;N2O;2.35;623.79
2013;Misiones;Usos de la Tierra, Cambios de Uso de la Tierra y Silvicultura;4(IV). Quema de biomasa;N2O;6.56;1737.63
2013;Salta;Usos de la Tierra, Cambios de Uso de la Tierra y Silvicultura;4(IV). Quema de biomasa;N2O;113.12;29976.19
2013;San Luis;Usos de la Tierra, Cambios de Uso de la Tierra y Silvicultura;4(IV). Quema de biomasa;N2O;73.95;19595.58
2013;Santa Fe;Usos de la Tierra, Cambios de Uso de la Tierra y Silvicultura;4(IV). Quema de biomasa;N2O;8.2;2172.52
2013;Santiago del Estero;Usos de la Tierra, Cambios de Uso de la Tierra y Silvicultura;4(IV). Quema de biomasa;N2O;545.21;144481.0
2013;Tucumán;Usos de la Tierra, Cambios de Uso de la Tierra y Silvicultura;4(IV). Quema de biomasa;N2O;47.79;12664.98
2013;Catamarca;Usos de la Tierra, Cambios de Uso de la Tierra y Silvicultura;4(IV). Quema de biomasa;N2O;32.92;8723.09
2013;Corrientes;Usos de la Tierra, Cambios de Uso de la Tierra y Silvicultura;4(IV). Quema de biomasa;N2O;5.59;1480.83
2013;Chubut;Usos de la Tierra, Cambios de Uso de la Tierra y Silvicultura;4(IV). Quema de biomasa;N2O;27.03;7162.65
2013;Formosa;Usos de la Tierra, Cambios de Uso de la Tierra y Silvicultura;4(IV). Quema de biomasa;N2O;505.85;134049.97
2013;La Rioja;Usos de la Tierra, Cambios de Uso de la Tierra y Silvicultura;4(IV). Quema de biomasa;N2O;77.08;20426.65
2013;Neuquén;Usos de la Tierra, Cambios de Uso de la Tierra y Silvicultura;4(IV). Quema de biomasa;N2O;55.02;14580.48
2013;Río Negro;Usos de la Tierra, Cambios de Uso de la Tierra y Silvicultura;4(IV). Quema de biomasa;N2O;4.31;1142.96
2013;Santa Cruz;Usos de la Tierra, Cambios de Uso de la Tierra y Silvicultura;4(IV). Quema de biomasa;N2O;0.85;224.5
2013;Tierra del Fuego, Antártida e Islas del Atlántico Sur;Usos de la Tierra, Cambios de Uso de la Tierra y Silvicultura;4(IV). Quema de biomasa;N2O;79.42;21045.08
2013;Buenos Aires;Usos de la Tierra, Cambios de Uso de la Tierra y Silvicultura;4(IV). Quema de biomasa;CO2;1459084.87;1459084.87
2013;Catamarca;Usos de la Tierra, Cambios de Uso de la Tierra y Silvicultura;4(IV). Quema de biomasa;CO2;-275573.59;-275573.59
2013;Córdoba;Usos de la Tierra, Cambios de Uso de la Tierra y Silvicultura;4(IV). Quema de biomasa;CO2;3878491.83;3878491.83
2013;Corrientes;Usos de la Tierra, Cambios de Uso de la Tierra y Silvicultura;4(IV). Quema de biomasa;CO2;34192.89;34192.89
2013;Chaco;Usos de la Tierra, Cambios de Uso de la Tierra y Silvicultura;4(IV). Quema de biomasa;CO2;574800.22;574800.22
2013;Chubut;Usos de la Tierra, Cambios de Uso de la Tierra y Silvicultura;4(IV). Quema de biomasa;CO2;-10563.99;-10563.99
2013;Entre Ríos;Usos de la Tierra, Cambios de Uso de la Tierra y Silvicultura;4(IV). Quema de biomasa;CO2;2764287.27;2764287.27
2013;Formosa;Usos de la Tierra, Cambios de Uso de la Tierra y Silvicultura;4(IV). Quema de biomasa;CO2;-423891.04;-423891.04
2013;Jujuy;Usos de la Tierra, Cambios de Uso de la Tierra y Silvicultura;4(IV). Quema de biomasa;CO2;2170.65;2170.65
2013;La Pampa;Usos de la Tierra, Cambios de Uso de la Tierra y Silvicultura;4(IV). Quema de biomasa;CO2;-1769638.12;-1769638.12
2013;La Rioja;Usos de la Tierra, Cambios de Uso de la Tierra y Silvicultura;4(IV). Quema de biomasa;CO2;-124962.45;-124962.45
2013;Mendoza;Usos de la Tierra, Cambios de Uso de la Tierra y Silvicultura;4(IV). Quema de biomasa;CO2;-40232.7;-40232.7
2013;Misiones;Usos de la Tierra, Cambios de Uso de la Tierra y Silvicultura;4(IV). Quema de biomasa;CO2;-640529.68;-640529.68
2013;Neuquén;Usos de la Tierra, Cambios de Uso de la Tierra y Silvicultura;4(IV). Quema de biomasa;CO2;-27153.15;-27153.15
2013;Río Negro;Usos de la Tierra, Cambios de Uso de la Tierra y Silvicultura;4(IV). Quema de biomasa;CO2;-13879.92;-13879.92
2013;Salta;Usos de la Tierra, Cambios de Uso de la Tierra y Silvicultura;4(IV). Quema de biomasa;CO2;69838.04;69838.04
2013;San Juan;Usos de la Tierra, Cambios de Uso de la Tierra y Silvicultura;4(IV). Quema de biomasa;CO2;-20946.07;-20946.07
2013;San Luis;Usos de la Tierra, Cambios de Uso de la Tierra y Silvicultura;4(IV). Quema de biomasa;CO2;309612.82;309612.82
2013;Santa Cruz;Usos de la Tierra, Cambios de Uso de la Tierra y Silvicultura;4(IV). Quema de biomasa;CO2;-317.08;-317.08
2013;Santa Fe;Usos de la Tierra, Cambios de Uso de la Tierra y Silvicultura;4(IV). Quema de biomasa;CO2;1729138.3;1729138.3
2013;Santiago del Estero;Usos de la Tierra, Cambios de Uso de la Tierra y Silvicultura;4(IV). Quema de biomasa;CO2;1927332.2;1927332.2
2013;Tucumán;Usos de la Tierra, Cambios de Uso de la Tierra y Silvicultura;4(IV). Quema de biomasa;CO2;-298030.99;-298030.99
2013;Tierra del Fuego, Antártida e Islas del Atlántico Sur;Usos de la Tierra, Cambios de Uso de la Tierra y Silvicultura;4(IV). Quema de biomasa;CO2;-18582.78;-18582.78
2014;Catamarca;Usos de la Tierra, Cambios de Uso de la Tierra y Silvicultura;4B. Tierras de cultivo;CO2;19881.22;19881.22
2014;Córdoba;Usos de la Tierra, Cambios de Uso de la Tierra y Silvicultura;4B. Tierras de cultivo;CO2;309394.88;309394.88
2014;Corrientes;Usos de la Tierra, Cambios de Uso de la Tierra y Silvicultura;4B. Tierras de cultivo;CO2;159604.3;159604.3
2014;Chaco;Usos de la Tierra, Cambios de Uso de la Tierra y Silvicultura;4B. Tierras de cultivo;CO2;4617737.11;4617737.11
2014;Entre Ríos;Usos de la Tierra, Cambios de Uso de la Tierra y Silvicultura;4B. Tierras de cultivo;CO2;463939.57;463939.57
2014;La Pampa;Usos de la Tierra, Cambios de Uso de la Tierra y Silvicultura;4B. Tierras de cultivo;CO2;141328.51;141328.51
2014;Misiones;Usos de la Tierra, Cambios de Uso de la Tierra y Silvicultura;4B. Tierras de cultivo;CO2;7955.17;7955.17
2014;Salta;Usos de la Tierra, Cambios de Uso de la Tierra y Silvicultura;4B. Tierras de cultivo;CO2;9670936.9;9670936.9
2014;San Luis;Usos de la Tierra, Cambios de Uso de la Tierra y Silvicultura;4B. Tierras de cultivo;CO2;22266.3;22266.3
2014;Santa Fe;Usos de la Tierra, Cambios de Uso de la Tierra y Silvicultura;4B. Tierras de cultivo;CO2;301203.81;301203.81
2014;Santiago del Estero;Usos de la Tierra, Cambios de Uso de la Tierra y Silvicultura;4B. Tierras de cultivo;CO2;2531519.94;2531519.94
2014;Tucumán;Usos de la Tierra, Cambios de Uso de la Tierra y Silvicultura;4B. Tierras de cultivo;CO2;366614.72;366614.72
2014;Buenos Aires;Usos de la Tierra, Cambios de Uso de la Tierra y Silvicultura;4C. Pastizales;CO2;5968.65;5968.65
2014;Catamarca;Usos de la Tierra, Cambios de Uso de la Tierra y Silvicultura;4C. Pastizales;CO2;28291.0;28291.0
2014;Córdoba;Usos de la Tierra, Cambios de Uso de la Tierra y Silvicultura;4C. Pastizales;CO2;154514.54;154514.54
2014;Corrientes;Usos de la Tierra, Cambios de Uso de la Tierra y Silvicultura;4C. Pastizales;CO2;9181.99;9181.99
2014;Chaco;Usos de la Tierra, Cambios de Uso de la Tierra y Silvicultura;4C. Pastizales;CO2;1451424.77;1451424.77
2014;Chubut;Usos de la Tierra, Cambios de Uso de la Tierra y Silvicultura;4C. Pastizales;CO2;9376233.05;9376233.05
2014;Entre Ríos;Usos de la Tierra, Cambios de Uso de la Tierra y Silvicultura;4C. Pastizales;CO2;744484.39;744484.39
2014;Formosa;Usos de la Tierra, Cambios de Uso de la Tierra y Silvicultura;4C. Pastizales;CO2;6045482.51;6045482.51
2014;Jujuy;Usos de la Tierra, Cambios de Uso de la Tierra y Silvicultura;4C. Pastizales;CO2;470274.15;470274.15
2014;La Pampa;Usos de la Tierra, Cambios de Uso de la Tierra y Silvicultura;4C. Pastizales;CO2;5332549.97;5332549.97
2014;La Rioja;Usos de la Tierra, Cambios de Uso de la Tierra y Silvicultura;4C. Pastizales;CO2;1405521.77;1405521.77
2014;Misiones;Usos de la Tierra, Cambios de Uso de la Tierra y Silvicultura;4C. Pastizales;CO2;452264.47;452264.47
2014;Neuquén;Usos de la Tierra, Cambios de Uso de la Tierra y Silvicultura;4C. Pastizales;CO2;307120.95;307120.95
2014;Río Negro;Usos de la Tierra, Cambios de Uso de la Tierra y Silvicultura;4C. Pastizales;CO2;7347.9;7347.9
2014;Salta;Usos de la Tierra, Cambios de Uso de la Tierra y Silvicultura;4C. Pastizales;CO2;6083609.07;6083609.07
2014;San Luis;Usos de la Tierra, Cambios de Uso de la Tierra y Silvicultura;4C. Pastizales;CO2;2447037.91;2447037.91
2014;Santa Cruz;Usos de la Tierra, Cambios de Uso de la Tierra y Silvicultura;4C. Pastizales;CO2;29716.35;29716.35
2014;Santa Fe;Usos de la Tierra, Cambios de Uso de la Tierra y Silvicultura;4C. Pastizales;CO2;77273.64;77273.64
2014;Santiago del Estero;Usos de la Tierra, Cambios de Uso de la Tierra y Silvicultura;4C. Pastizales;CO2;10043113.35;10043113.35
2014;Tierra del Fuego, Antártida e Islas del Atlántico Sur;Usos de la Tierra, Cambios de Uso de la Tierra y Silvicultura;4C. Pastizales;CO2;102226.13;102226.13
2014;Mendoza;Usos de la Tierra, Cambios de Uso de la Tierra y Silvicultura;4C. Pastizales;CO2;1.89;1.89
2014;San Juan;Usos de la Tierra, Cambios de Uso de la Tierra y Silvicultura;4C. Pastizales;CO2;3.03;3.03
2014;Buenos Aires;Usos de la Tierra, Cambios de Uso de la Tierra y Silvicultura;4B. Tierras de cultivo;CO2;-4668592.12;-4668592.12
2014;Jujuy;Usos de la Tierra, Cambios de Uso de la Tierra y Silvicultura;4B. Tierras de cultivo;CO2;1182.84;1182.84
2014;Catamarca;Usos de la Tierra, Cambios de Uso de la Tierra y Silvicultura;4(IV). Quema de biomasa;CH4;28.82;807.04
2014;Córdoba;Usos de la Tierra, Cambios de Uso de la Tierra y Silvicultura;4(IV). Quema de biomasa;CH4;450.73;12620.57
2014;Corrientes;Usos de la Tierra, Cambios de Uso de la Tierra y Silvicultura;4(IV). Quema de biomasa;CH4;236.88;6632.67
2014;Chaco;Usos de la Tierra, Cambios de Uso de la Tierra y Silvicultura;4(IV). Quema de biomasa;CH4;6703.32;187693.09
2014;Entre Ríos;Usos de la Tierra, Cambios de Uso de la Tierra y Silvicultura;4(IV). Quema de biomasa;CH4;704.49;19725.77
2014;La Pampa;Usos de la Tierra, Cambios de Uso de la Tierra y Silvicultura;4(IV). Quema de biomasa;CH4;209.6;5868.67
2014;Misiones;Usos de la Tierra, Cambios de Uso de la Tierra y Silvicultura;4(IV). Quema de biomasa;CH4;11.92;333.71
2014;Salta;Usos de la Tierra, Cambios de Uso de la Tierra y Silvicultura;4(IV). Quema de biomasa;CH4;14073.35;394053.7
2014;San Luis;Usos de la Tierra, Cambios de Uso de la Tierra y Silvicultura;4(IV). Quema de biomasa;CH4;32.83;919.22
2014;Santa Fe;Usos de la Tierra, Cambios de Uso de la Tierra y Silvicultura;4(IV). Quema de biomasa;CH4;441.74;12368.63
2014;Santiago del Estero;Usos de la Tierra, Cambios de Uso de la Tierra y Silvicultura;4(IV). Quema de biomasa;CH4;3678.03;102984.72
2014;Tucumán;Usos de la Tierra, Cambios de Uso de la Tierra y Silvicultura;4(IV). Quema de biomasa;CH4;534.08;14954.36
2014;Buenos Aires;Usos de la Tierra, Cambios de Uso de la Tierra y Silvicultura;4(IV). Quema de biomasa;CH4;8.52;238.6
2014;Chubut;Usos de la Tierra, Cambios de Uso de la Tierra y Silvicultura;4(IV). Quema de biomasa;CH4;13201.21;369633.88
2014;Formosa;Usos de la Tierra, Cambios de Uso de la Tierra y Silvicultura;4(IV). Quema de biomasa;CH4;8759.02;245252.5
2014;Jujuy;Usos de la Tierra, Cambios de Uso de la Tierra y Silvicultura;4(IV). Quema de biomasa;CH4;692.78;19397.83
2014;La Rioja;Usos de la Tierra, Cambios de Uso de la Tierra y Silvicultura;4(IV). Quema de biomasa;CH4;1994.22;55838.05
2014;Neuquén;Usos de la Tierra, Cambios de Uso de la Tierra y Silvicultura;4(IV). Quema de biomasa;CH4;431.73;12088.43
2014;Río Negro;Usos de la Tierra, Cambios de Uso de la Tierra y Silvicultura;4(IV). Quema de biomasa;CH4;10.45;292.55
2014;Santa Cruz;Usos de la Tierra, Cambios de Uso de la Tierra y Silvicultura;4(IV). Quema de biomasa;CH4;42.01;1176.36
2014;Tierra del Fuego, Antártida e Islas del Atlántico Sur;Usos de la Tierra, Cambios de Uso de la Tierra y Silvicultura;4(IV). Quema de biomasa;CH4;146.07;4089.94
2014;Catamarca;Usos de la Tierra, Cambios de Uso de la Tierra y Silvicultura;4(IV). Quema de biomasa;N2O;0.85;224.65
2014;Córdoba;Usos de la Tierra, Cambios de Uso de la Tierra y Silvicultura;4(IV). Quema de biomasa;N2O;13.26;3513.08
2014;Corrientes;Usos de la Tierra, Cambios de Uso de la Tierra y Silvicultura;4(IV). Quema de biomasa;N2O;6.97;1846.28
2014;Chaco;Usos de la Tierra, Cambios de Uso de la Tierra y Silvicultura;4(IV). Quema de biomasa;N2O;197.16;52246.5
2014;Entre Ríos;Usos de la Tierra, Cambios de Uso de la Tierra y Silvicultura;4(IV). Quema de biomasa;N2O;20.72;5490.89
2014;La Pampa;Usos de la Tierra, Cambios de Uso de la Tierra y Silvicultura;4(IV). Quema de biomasa;N2O;6.16;1633.61
2014;Misiones;Usos de la Tierra, Cambios de Uso de la Tierra y Silvicultura;4(IV). Quema de biomasa;N2O;0.35;92.89
2014;Salta;Usos de la Tierra, Cambios de Uso de la Tierra y Silvicultura;4(IV). Quema de biomasa;N2O;413.92;109689.32
2014;San Luis;Usos de la Tierra, Cambios de Uso de la Tierra y Silvicultura;4(IV). Quema de biomasa;N2O;0.97;255.88
2014;Santa Fe;Usos de la Tierra, Cambios de Uso de la Tierra y Silvicultura;4(IV). Quema de biomasa;N2O;12.99;3442.95
2014;Santiago del Estero;Usos de la Tierra, Cambios de Uso de la Tierra y Silvicultura;4(IV). Quema de biomasa;N2O;108.18;28666.96
2014;Tucumán;Usos de la Tierra, Cambios de Uso de la Tierra y Silvicultura;4(IV). Quema de biomasa;N2O;15.71;4162.72
2014;Buenos Aires;Usos de la Tierra, Cambios de Uso de la Tierra y Silvicultura;4(IV). Quema de biomasa;N2O;0.25;66.42
2014;Chubut;Usos de la Tierra, Cambios de Uso de la Tierra y Silvicultura;4(IV). Quema de biomasa;N2O;388.27;102891.78
2014;Formosa;Usos de la Tierra, Cambios de Uso de la Tierra y Silvicultura;4(IV). Quema de biomasa;N2O;257.62;68268.82
2014;Jujuy;Usos de la Tierra, Cambios de Uso de la Tierra y Silvicultura;4(IV). Quema de biomasa;N2O;20.38;5399.61
2014;La Rioja;Usos de la Tierra, Cambios de Uso de la Tierra y Silvicultura;4(IV). Quema de biomasa;N2O;58.65;15543.15
2014;Neuquén;Usos de la Tierra, Cambios de Uso de la Tierra y Silvicultura;4(IV). Quema de biomasa;N2O;12.7;3364.95
2014;Río Negro;Usos de la Tierra, Cambios de Uso de la Tierra y Silvicultura;4(IV). Quema de biomasa;N2O;0.31;81.44
2014;Santa Cruz;Usos de la Tierra, Cambios de Uso de la Tierra y Silvicultura;4(IV). Quema de biomasa;N2O;1.24;327.45
2014;Tierra del Fuego, Antártida e Islas del Atlántico Sur;Usos de la Tierra, Cambios de Uso de la Tierra y Silvicultura;4(IV). Quema de biomasa;N2O;4.3;1138.48
2014;Buenos Aires;Usos de la Tierra, Cambios de Uso de la Tierra y Silvicultura;4(IV). Quema de biomasa;CO2;3054769.88;3054769.88
2014;Catamarca;Usos de la Tierra, Cambios de Uso de la Tierra y Silvicultura;4(IV). Quema de biomasa;CO2;-266702.74;-266702.74
2014;Córdoba;Usos de la Tierra, Cambios de Uso de la Tierra y Silvicultura;4(IV). Quema de biomasa;CO2;3159612.27;3159612.27
2014;Corrientes;Usos de la Tierra, Cambios de Uso de la Tierra y Silvicultura;4(IV). Quema de biomasa;CO2;163000.7;163000.7
2014;Chaco;Usos de la Tierra, Cambios de Uso de la Tierra y Silvicultura;4(IV). Quema de biomasa;CO2;757669.03;757669.03
2014;Chubut;Usos de la Tierra, Cambios de Uso de la Tierra y Silvicultura;4(IV). Quema de biomasa;CO2;-21267.51;-21267.51
2014;Entre Ríos;Usos de la Tierra, Cambios de Uso de la Tierra y Silvicultura;4(IV). Quema de biomasa;CO2;3344890.49;3344890.49
2014;Formosa;Usos de la Tierra, Cambios de Uso de la Tierra y Silvicultura;4(IV). Quema de biomasa;CO2;-619935.58;-619935.58
2014;Jujuy;Usos de la Tierra, Cambios de Uso de la Tierra y Silvicultura;4(IV). Quema de biomasa;CO2;-64613.64;-64613.64
2014;La Pampa;Usos de la Tierra, Cambios de Uso de la Tierra y Silvicultura;4(IV). Quema de biomasa;CO2;-1566738.29;-1566738.29
2014;La Rioja;Usos de la Tierra, Cambios de Uso de la Tierra y Silvicultura;4(IV). Quema de biomasa;CO2;-122067.75;-122067.75
2014;Mendoza;Usos de la Tierra, Cambios de Uso de la Tierra y Silvicultura;4(IV). Quema de biomasa;CO2;-37417.65;-37417.65
2014;Misiones;Usos de la Tierra, Cambios de Uso de la Tierra y Silvicultura;4(IV). Quema de biomasa;CO2;-746542.75;-746542.75
2014;Neuquén;Usos de la Tierra, Cambios de Uso de la Tierra y Silvicultura;4(IV). Quema de biomasa;CO2;-27916.47;-27916.47
2014;Río Negro;Usos de la Tierra, Cambios de Uso de la Tierra y Silvicultura;4(IV). Quema de biomasa;CO2;-13026.13;-13026.13
2014;Salta;Usos de la Tierra, Cambios de Uso de la Tierra y Silvicultura;4(IV). Quema de biomasa;CO2;103149.26;103149.26
2014;San Juan;Usos de la Tierra, Cambios de Uso de la Tierra y Silvicultura;4(IV). Quema de biomasa;CO2;-17923.29;-17923.29
2014;San Luis;Usos de la Tierra, Cambios de Uso de la Tierra y Silvicultura;4(IV). Quema de biomasa;CO2;89513.48;89513.48
2014;Santa Cruz;Usos de la Tierra, Cambios de Uso de la Tierra y Silvicultura;4(IV). Quema de biomasa;CO2;-332.93;-332.93
2014;Santa Fe;Usos de la Tierra, Cambios de Uso de la Tierra y Silvicultura;4(IV). Quema de biomasa;CO2;1149846.65;1149846.65
2014;Santiago del Estero;Usos de la Tierra, Cambios de Uso de la Tierra y Silvicultura;4(IV). Quema de biomasa;CO2;1848509.38;1848509.38
2014;Tucumán;Usos de la Tierra, Cambios de Uso de la Tierra y Silvicultura;4(IV). Quema de biomasa;CO2;62608.32;62608.32
2014;Tierra del Fuego, Antártida e Islas del Atlántico Sur;Usos de la Tierra, Cambios de Uso de la Tierra y Silvicultura;4(IV). Quema de biomasa;CO2;-18771.1;-18771.1
2015;Buenos Aires;Usos de la Tierra, Cambios de Uso de la Tierra y Silvicultura;4B. Tierras de cultivo;CO2;7203.69;7203.69
2015;Catamarca;Usos de la Tierra, Cambios de Uso de la Tierra y Silvicultura;4B. Tierras de cultivo;CO2;8987.4;8987.4
2015;Córdoba;Usos de la Tierra, Cambios de Uso de la Tierra y Silvicultura;4B. Tierras de cultivo;CO2;94319.19;94319.19
2015;Chaco;Usos de la Tierra, Cambios de Uso de la Tierra y Silvicultura;4B. Tierras de cultivo;CO2;309540.1;309540.1
2015;Entre Ríos;Usos de la Tierra, Cambios de Uso de la Tierra y Silvicultura;4B. Tierras de cultivo;CO2;529116.71;529116.71
2015;Formosa;Usos de la Tierra, Cambios de Uso de la Tierra y Silvicultura;4B. Tierras de cultivo;CO2;3493618.54;3493618.54
2015;Jujuy;Usos de la Tierra, Cambios de Uso de la Tierra y Silvicultura;4B. Tierras de cultivo;CO2;598479.61;598479.61
2015;La Pampa;Usos de la Tierra, Cambios de Uso de la Tierra y Silvicultura;4B. Tierras de cultivo;CO2;1064659.11;1064659.11
2015;Salta;Usos de la Tierra, Cambios de Uso de la Tierra y Silvicultura;4B. Tierras de cultivo;CO2;7857333.73;7857333.73
2015;San Luis;Usos de la Tierra, Cambios de Uso de la Tierra y Silvicultura;4B. Tierras de cultivo;CO2;789247.6;789247.6
2015;Santa Fe;Usos de la Tierra, Cambios de Uso de la Tierra y Silvicultura;4B. Tierras de cultivo;CO2;240989.08;240989.08
2015;Santiago del Estero;Usos de la Tierra, Cambios de Uso de la Tierra y Silvicultura;4B. Tierras de cultivo;CO2;312669.77;312669.77
2015;Catamarca;Usos de la Tierra, Cambios de Uso de la Tierra y Silvicultura;4C. Pastizales;CO2;121967.08;121967.08
2015;Córdoba;Usos de la Tierra, Cambios de Uso de la Tierra y Silvicultura;4C. Pastizales;CO2;32338.09;32338.09
2015;Corrientes;Usos de la Tierra, Cambios de Uso de la Tierra y Silvicultura;4C. Pastizales;CO2;104695.1;104695.1
2015;Chaco;Usos de la Tierra, Cambios de Uso de la Tierra y Silvicultura;4C. Pastizales;CO2;5781102.89;5781102.89
2015;Chubut;Usos de la Tierra, Cambios de Uso de la Tierra y Silvicultura;4C. Pastizales;CO2;9376233.05;9376233.05
2015;Entre Ríos;Usos de la Tierra, Cambios de Uso de la Tierra y Silvicultura;4C. Pastizales;CO2;706569.72;706569.72
2015;Formosa;Usos de la Tierra, Cambios de Uso de la Tierra y Silvicultura;4C. Pastizales;CO2;1294175.98;1294175.98
2015;La Pampa;Usos de la Tierra, Cambios de Uso de la Tierra y Silvicultura;4C. Pastizales;CO2;1098080.14;1098080.14
2015;La Rioja;Usos de la Tierra, Cambios de Uso de la Tierra y Silvicultura;4C. Pastizales;CO2;1935119.66;1935119.66
2015;Misiones;Usos de la Tierra, Cambios de Uso de la Tierra y Silvicultura;4C. Pastizales;CO2;497640.2;497640.2
2015;Neuquén;Usos de la Tierra, Cambios de Uso de la Tierra y Silvicultura;4C. Pastizales;CO2;307120.95;307120.95
2015;Río Negro;Usos de la Tierra, Cambios de Uso de la Tierra y Silvicultura;4C. Pastizales;CO2;7347.9;7347.9
2015;Salta;Usos de la Tierra, Cambios de Uso de la Tierra y Silvicultura;4C. Pastizales;CO2;2867841.82;2867841.82
2015;San Luis;Usos de la Tierra, Cambios de Uso de la Tierra y Silvicultura;4C. Pastizales;CO2;1106298.52;1106298.52
2015;Santa Cruz;Usos de la Tierra, Cambios de Uso de la Tierra y Silvicultura;4C. Pastizales;CO2;29716.35;29716.35
2015;Santa Fe;Usos de la Tierra, Cambios de Uso de la Tierra y Silvicultura;4C. Pastizales;CO2;55801.46;55801.46
2015;Santiago del Estero;Usos de la Tierra, Cambios de Uso de la Tierra y Silvicultura;4C. Pastizales;CO2;8418498.31;8418498.31
2015;Tucumán;Usos de la Tierra, Cambios de Uso de la Tierra y Silvicultura;4C. Pastizales;CO2;236994.27;236994.27
2015;Tierra del Fuego, Antártida e Islas del Atlántico Sur;Usos de la Tierra, Cambios de Uso de la Tierra y Silvicultura;4C. Pastizales;CO2;102226.13;102226.13
2015;Buenos Aires;Usos de la Tierra, Cambios de Uso de la Tierra y Silvicultura;4C. Pastizales;CO2;2090698.88;2090698.88
2015;Jujuy;Usos de la Tierra, Cambios de Uso de la Tierra y Silvicultura;4C. Pastizales;CO2;-326.57;-326.57
2015;Mendoza;Usos de la Tierra, Cambios de Uso de la Tierra y Silvicultura;4C. Pastizales;CO2;1.89;1.89
2015;San Juan;Usos de la Tierra, Cambios de Uso de la Tierra y Silvicultura;4C. Pastizales;CO2;3.03;3.03
2015;Corrientes;Usos de la Tierra, Cambios de Uso de la Tierra y Silvicultura;4B. Tierras de cultivo;CO2;840.63;840.63
2015;Buenos Aires;Usos de la Tierra, Cambios de Uso de la Tierra y Silvicultura;4(IV). Quema de biomasa;CH4;10.53;294.75
2015;Catamarca;Usos de la Tierra, Cambios de Uso de la Tierra y Silvicultura;4(IV). Quema de biomasa;CH4;13.03;364.82
2015;Córdoba;Usos de la Tierra, Cambios de Uso de la Tierra y Silvicultura;4(IV). Quema de biomasa;CH4;138.05;3865.53
2015;Chaco;Usos de la Tierra, Cambios de Uso de la Tierra y Silvicultura;4(IV). Quema de biomasa;CH4;449.23;12578.53
2015;Entre Ríos;Usos de la Tierra, Cambios de Uso de la Tierra y Silvicultura;4(IV). Quema de biomasa;CH4;806.02;22568.51
2015;Formosa;Usos de la Tierra, Cambios de Uso de la Tierra y Silvicultura;4(IV). Quema de biomasa;CH4;5083.32;142333.01
2015;Jujuy;Usos de la Tierra, Cambios de Uso de la Tierra y Silvicultura;4(IV). Quema de biomasa;CH4;881.07;24670.03
2015;La Pampa;Usos de la Tierra, Cambios de Uso de la Tierra y Silvicultura;4(IV). Quema de biomasa;CH4;1622.41;45427.48
2015;Salta;Usos de la Tierra, Cambios de Uso de la Tierra y Silvicultura;4(IV). Quema de biomasa;CH4;11398.94;319170.27
2015;San Luis;Usos de la Tierra, Cambios de Uso de la Tierra y Silvicultura;4(IV). Quema de biomasa;CH4;1165.74;32640.68
2015;Santa Fe;Usos de la Tierra, Cambios de Uso de la Tierra y Silvicultura;4(IV). Quema de biomasa;CH4;356.78;9989.91
2015;Santiago del Estero;Usos de la Tierra, Cambios de Uso de la Tierra y Silvicultura;4(IV). Quema de biomasa;CH4;455.87;12764.31
2015;Corrientes;Usos de la Tierra, Cambios de Uso de la Tierra y Silvicultura;4(IV). Quema de biomasa;CH4;159.11;4455.03
2015;Chubut;Usos de la Tierra, Cambios de Uso de la Tierra y Silvicultura;4(IV). Quema de biomasa;CH4;13201.21;369633.88
2015;La Rioja;Usos de la Tierra, Cambios de Uso de la Tierra y Silvicultura;4(IV). Quema de biomasa;CH4;2747.17;76920.8
2015;Misiones;Usos de la Tierra, Cambios de Uso de la Tierra y Silvicultura;4(IV). Quema de biomasa;CH4;750.84;21023.41
2015;Neuquén;Usos de la Tierra, Cambios de Uso de la Tierra y Silvicultura;4(IV). Quema de biomasa;CH4;431.73;12088.43
2015;Río Negro;Usos de la Tierra, Cambios de Uso de la Tierra y Silvicultura;4(IV). Quema de biomasa;CH4;10.45;292.55
2015;Santa Cruz;Usos de la Tierra, Cambios de Uso de la Tierra y Silvicultura;4(IV). Quema de biomasa;CH4;42.01;1176.36
2015;Tucumán;Usos de la Tierra, Cambios de Uso de la Tierra y Silvicultura;4(IV). Quema de biomasa;CH4;336.05;9409.54
2015;Tierra del Fuego, Antártida e Islas del Atlántico Sur;Usos de la Tierra, Cambios de Uso de la Tierra y Silvicultura;4(IV). Quema de biomasa;CH4;146.07;4089.94
2015;Buenos Aires;Usos de la Tierra, Cambios de Uso de la Tierra y Silvicultura;4(IV). Quema de biomasa;N2O;0.31;82.05
2015;Catamarca;Usos de la Tierra, Cambios de Uso de la Tierra y Silvicultura;4(IV). Quema de biomasa;N2O;0.38;101.55
2015;Córdoba;Usos de la Tierra, Cambios de Uso de la Tierra y Silvicultura;4(IV). Quema de biomasa;N2O;4.06;1076.01
2015;Chaco;Usos de la Tierra, Cambios de Uso de la Tierra y Silvicultura;4(IV). Quema de biomasa;N2O;13.21;3501.38
2015;Entre Ríos;Usos de la Tierra, Cambios de Uso de la Tierra y Silvicultura;4(IV). Quema de biomasa;N2O;23.71;6282.2
2015;Formosa;Usos de la Tierra, Cambios de Uso de la Tierra y Silvicultura;4(IV). Quema de biomasa;N2O;149.51;39620.01
2015;Jujuy;Usos de la Tierra, Cambios de Uso de la Tierra y Silvicultura;4(IV). Quema de biomasa;N2O;25.91;6867.18
2015;La Pampa;Usos de la Tierra, Cambios de Uso de la Tierra y Silvicultura;4(IV). Quema de biomasa;N2O;47.72;12645.25
2015;Salta;Usos de la Tierra, Cambios de Uso de la Tierra y Silvicultura;4(IV). Quema de biomasa;N2O;335.26;88844.67
2015;San Luis;Usos de la Tierra, Cambios de Uso de la Tierra y Silvicultura;4(IV). Quema de biomasa;N2O;34.29;9085.9
2015;Santa Fe;Usos de la Tierra, Cambios de Uso de la Tierra y Silvicultura;4(IV). Quema de biomasa;N2O;10.49;2780.8
2015;Santiago del Estero;Usos de la Tierra, Cambios de Uso de la Tierra y Silvicultura;4(IV). Quema de biomasa;N2O;13.41;3553.09
2015;Corrientes;Usos de la Tierra, Cambios de Uso de la Tierra y Silvicultura;4(IV). Quema de biomasa;N2O;4.68;1240.11
2015;Chubut;Usos de la Tierra, Cambios de Uso de la Tierra y Silvicultura;4(IV). Quema de biomasa;N2O;388.27;102891.78
2015;La Rioja;Usos de la Tierra, Cambios de Uso de la Tierra y Silvicultura;4(IV). Quema de biomasa;N2O;80.8;21411.78
2015;Misiones;Usos de la Tierra, Cambios de Uso de la Tierra y Silvicultura;4(IV). Quema de biomasa;N2O;22.08;5852.1
2015;Neuquén;Usos de la Tierra, Cambios de Uso de la Tierra y Silvicultura;4(IV). Quema de biomasa;N2O;12.7;3364.95
2015;Río Negro;Usos de la Tierra, Cambios de Uso de la Tierra y Silvicultura;4(IV). Quema de biomasa;N2O;0.31;81.44
2015;Santa Cruz;Usos de la Tierra, Cambios de Uso de la Tierra y Silvicultura;4(IV). Quema de biomasa;N2O;1.24;327.45
2015;Tucumán;Usos de la Tierra, Cambios de Uso de la Tierra y Silvicultura;4(IV). Quema de biomasa;N2O;9.88;2619.25
2015;Tierra del Fuego, Antártida e Islas del Atlántico Sur;Usos de la Tierra, Cambios de Uso de la Tierra y Silvicultura;4(IV). Quema de biomasa;N2O;4.3;1138.48
2015;Buenos Aires;Usos de la Tierra, Cambios de Uso de la Tierra y Silvicultura;4(IV). Quema de biomasa;CO2;1282049.78;1282049.78
2015;Catamarca;Usos de la Tierra, Cambios de Uso de la Tierra y Silvicultura;4(IV). Quema de biomasa;CO2;-243679.68;-243679.68
2015;Córdoba;Usos de la Tierra, Cambios de Uso de la Tierra y Silvicultura;4(IV). Quema de biomasa;CO2;2975984.71;2975984.71
2015;Corrientes;Usos de la Tierra, Cambios de Uso de la Tierra y Silvicultura;4(IV). Quema de biomasa;CO2;31285.02;31285.02
2015;Chaco;Usos de la Tierra, Cambios de Uso de la Tierra y Silvicultura;4(IV). Quema de biomasa;CO2;-637523.33;-637523.33
2015;Chubut;Usos de la Tierra, Cambios de Uso de la Tierra y Silvicultura;4(IV). Quema de biomasa;CO2;-32081.63;-32081.63
2015;Entre Ríos;Usos de la Tierra, Cambios de Uso de la Tierra y Silvicultura;4(IV). Quema de biomasa;CO2;2561374.1;2561374.1
2015;Formosa;Usos de la Tierra, Cambios de Uso de la Tierra y Silvicultura;4(IV). Quema de biomasa;CO2;-383808.29;-383808.29
2015;Jujuy;Usos de la Tierra, Cambios de Uso de la Tierra y Silvicultura;4(IV). Quema de biomasa;CO2;-55962.75;-55962.75
2015;La Pampa;Usos de la Tierra, Cambios de Uso de la Tierra y Silvicultura;4(IV). Quema de biomasa;CO2;-1642283.13;-1642283.13
2015;La Rioja;Usos de la Tierra, Cambios de Uso de la Tierra y Silvicultura;4(IV). Quema de biomasa;CO2;-121309.39;-121309.39
2015;Mendoza;Usos de la Tierra, Cambios de Uso de la Tierra y Silvicultura;4(IV). Quema de biomasa;CO2;-32630.48;-32630.48
2015;Misiones;Usos de la Tierra, Cambios de Uso de la Tierra y Silvicultura;4(IV). Quema de biomasa;CO2;-726624.45;-726624.45
2015;Neuquén;Usos de la Tierra, Cambios de Uso de la Tierra y Silvicultura;4(IV). Quema de biomasa;CO2;-28757.21;-28757.21
2015;Río Negro;Usos de la Tierra, Cambios de Uso de la Tierra y Silvicultura;4(IV). Quema de biomasa;CO2;-12710.81;-12710.81
2015;Salta;Usos de la Tierra, Cambios de Uso de la Tierra y Silvicultura;4(IV). Quema de biomasa;CO2;423844.92;423844.92
2015;San Juan;Usos de la Tierra, Cambios de Uso de la Tierra y Silvicultura;4(IV). Quema de biomasa;CO2;-15991.54;-15991.54
2015;San Luis;Usos de la Tierra, Cambios de Uso de la Tierra y Silvicultura;4(IV). Quema de biomasa;CO2;97406.45;97406.45
2015;Santa Cruz;Usos de la Tierra, Cambios de Uso de la Tierra y Silvicultura;4(IV). Quema de biomasa;CO2;-350.85;-350.85
2015;Santa Fe;Usos de la Tierra, Cambios de Uso de la Tierra y Silvicultura;4(IV). Quema de biomasa;CO2;1237352.52;1237352.52
2015;Santiago del Estero;Usos de la Tierra, Cambios de Uso de la Tierra y Silvicultura;4(IV). Quema de biomasa;CO2;525217.1;525217.1
2015;Tucumán;Usos de la Tierra, Cambios de Uso de la Tierra y Silvicultura;4(IV). Quema de biomasa;CO2;105128.19;105128.19
2015;Tierra del Fuego, Antártida e Islas del Atlántico Sur;Usos de la Tierra, Cambios de Uso de la Tierra y Silvicultura;4(IV). Quema de biomasa;CO2;-18959.42;-18959.42
2016;Catamarca;Usos de la Tierra, Cambios de Uso de la Tierra y Silvicultura;4B. Tierras de cultivo;CO2;82023.73;82023.73
2016;Córdoba;Usos de la Tierra, Cambios de Uso de la Tierra y Silvicultura;4B. Tierras de cultivo;CO2;17637.52;17637.52
2016;Chaco;Usos de la Tierra, Cambios de Uso de la Tierra y Silvicultura;4B. Tierras de cultivo;CO2;6766541.87;6766541.87
2016;Entre Ríos;Usos de la Tierra, Cambios de Uso de la Tierra y Silvicultura;4B. Tierras de cultivo;CO2;99070.52;99070.52
2016;Jujuy;Usos de la Tierra, Cambios de Uso de la Tierra y Silvicultura;4B. Tierras de cultivo;CO2;188143.98;188143.98
2016;La Pampa;Usos de la Tierra, Cambios de Uso de la Tierra y Silvicultura;4B. Tierras de cultivo;CO2;636546.04;636546.04
2016;Misiones;Usos de la Tierra, Cambios de Uso de la Tierra y Silvicultura;4B. Tierras de cultivo;CO2;251731.47;251731.47
2016;Salta;Usos de la Tierra, Cambios de Uso de la Tierra y Silvicultura;4B. Tierras de cultivo;CO2;831780.02;831780.02
2016;San Luis;Usos de la Tierra, Cambios de Uso de la Tierra y Silvicultura;4B. Tierras de cultivo;CO2;290362.02;290362.02
2016;Santa Fe;Usos de la Tierra, Cambios de Uso de la Tierra y Silvicultura;4B. Tierras de cultivo;CO2;24495.28;24495.28
2016;Santiago del Estero;Usos de la Tierra, Cambios de Uso de la Tierra y Silvicultura;4B. Tierras de cultivo;CO2;6124293.11;6124293.11
2016;Buenos Aires;Usos de la Tierra, Cambios de Uso de la Tierra y Silvicultura;4C. Pastizales;CO2;53867.95;53867.95
2016;Catamarca;Usos de la Tierra, Cambios de Uso de la Tierra y Silvicultura;4C. Pastizales;CO2;557694.71;557694.71
2016;Córdoba;Usos de la Tierra, Cambios de Uso de la Tierra y Silvicultura;4C. Pastizales;CO2;57638.34;57638.34
2016;Chaco;Usos de la Tierra, Cambios de Uso de la Tierra y Silvicultura;4C. Pastizales;CO2;995704.5;995704.5
2016;Chubut;Usos de la Tierra, Cambios de Uso de la Tierra y Silvicultura;4C. Pastizales;CO2;9376233.05;9376233.05
2016;Entre Ríos;Usos de la Tierra, Cambios de Uso de la Tierra y Silvicultura;4C. Pastizales;CO2;399592.39;399592.39
2016;Formosa;Usos de la Tierra, Cambios de Uso de la Tierra y Silvicultura;4C. Pastizales;CO2;6711022.08;6711022.08
2016;La Pampa;Usos de la Tierra, Cambios de Uso de la Tierra y Silvicultura;4C. Pastizales;CO2;148557.15;148557.15
2016;La Rioja;Usos de la Tierra, Cambios de Uso de la Tierra y Silvicultura;4C. Pastizales;CO2;2089945.05;2089945.05
2016;Misiones;Usos de la Tierra, Cambios de Uso de la Tierra y Silvicultura;4C. Pastizales;CO2;229765.79;229765.79
2016;Neuquén;Usos de la Tierra, Cambios de Uso de la Tierra y Silvicultura;4C. Pastizales;CO2;307120.95;307120.95
2016;Río Negro;Usos de la Tierra, Cambios de Uso de la Tierra y Silvicultura;4C. Pastizales;CO2;7347.9;7347.9
2016;Salta;Usos de la Tierra, Cambios de Uso de la Tierra y Silvicultura;4C. Pastizales;CO2;5856073.69;5856073.69
2016;San Luis;Usos de la Tierra, Cambios de Uso de la Tierra y Silvicultura;4C. Pastizales;CO2;1778727.68;1778727.68
2016;Santa Cruz;Usos de la Tierra, Cambios de Uso de la Tierra y Silvicultura;4C. Pastizales;CO2;29716.35;29716.35
2016;Santa Fe;Usos de la Tierra, Cambios de Uso de la Tierra y Silvicultura;4C. Pastizales;CO2;82500.08;82500.08
2016;Santiago del Estero;Usos de la Tierra, Cambios de Uso de la Tierra y Silvicultura;4C. Pastizales;CO2;2486858.97;2486858.97
2016;Tucumán;Usos de la Tierra, Cambios de Uso de la Tierra y Silvicultura;4C. Pastizales;CO2;43904.1;43904.1
2016;Tierra del Fuego, Antártida e Islas del Atlántico Sur;Usos de la Tierra, Cambios de Uso de la Tierra y Silvicultura;4C. Pastizales;CO2;102226.13;102226.13
2016;Corrientes;Usos de la Tierra, Cambios de Uso de la Tierra y Silvicultura;4C. Pastizales;CO2;-101080.59;-101080.59
2016;Mendoza;Usos de la Tierra, Cambios de Uso de la Tierra y Silvicultura;4C. Pastizales;CO2;1.89;1.89
2016;San Juan;Usos de la Tierra, Cambios de Uso de la Tierra y Silvicultura;4C. Pastizales;CO2;3.03;3.03
2016;Buenos Aires;Usos de la Tierra, Cambios de Uso de la Tierra y Silvicultura;4B. Tierras de cultivo;CO2;-1996527.52;-1996527.52
2016;Tucumán;Usos de la Tierra, Cambios de Uso de la Tierra y Silvicultura;4B. Tierras de cultivo;CO2;-33840.47;-33840.47
2016;Catamarca;Usos de la Tierra, Cambios de Uso de la Tierra y Silvicultura;4(IV). Quema de biomasa;CH4;120.39;3371.0
2016;Córdoba;Usos de la Tierra, Cambios de Uso de la Tierra y Silvicultura;4(IV). Quema de biomasa;CH4;26.39;739.05
2016;Chaco;Usos de la Tierra, Cambios de Uso de la Tierra y Silvicultura;4(IV). Quema de biomasa;CH4;9818.91;274929.59
2016;Entre Ríos;Usos de la Tierra, Cambios de Uso de la Tierra y Silvicultura;4(IV). Quema de biomasa;CH4;150.1;4202.89
2016;Jujuy;Usos de la Tierra, Cambios de Uso de la Tierra y Silvicultura;4(IV). Quema de biomasa;CH4;275.09;7702.44
2016;La Pampa;Usos de la Tierra, Cambios de Uso de la Tierra y Silvicultura;4(IV). Quema de biomasa;CH4;958.38;26834.59
2016;Misiones;Usos de la Tierra, Cambios de Uso de la Tierra y Silvicultura;4(IV). Quema de biomasa;CH4;373.97;10471.23
2016;Salta;Usos de la Tierra, Cambios de Uso de la Tierra y Silvicultura;4(IV). Quema de biomasa;CH4;1207.02;33796.67
2016;San Luis;Usos de la Tierra, Cambios de Uso de la Tierra y Silvicultura;4(IV). Quema de biomasa;CH4;427.51;11970.23
2016;Santa Fe;Usos de la Tierra, Cambios de Uso de la Tierra y Silvicultura;4(IV). Quema de biomasa;CH4;36.14;1011.78
2016;Santiago del Estero;Usos de la Tierra, Cambios de Uso de la Tierra y Silvicultura;4(IV). Quema de biomasa;CH4;8892.43;248987.91
2016;Buenos Aires;Usos de la Tierra, Cambios de Uso de la Tierra y Silvicultura;4(IV). Quema de biomasa;CH4;75.71;2120.0
2016;Chubut;Usos de la Tierra, Cambios de Uso de la Tierra y Silvicultura;4(IV). Quema de biomasa;CH4;13201.21;369633.88
2016;Formosa;Usos de la Tierra, Cambios de Uso de la Tierra y Silvicultura;4(IV). Quema de biomasa;CH4;9793.9;274229.31
2016;La Rioja;Usos de la Tierra, Cambios de Uso de la Tierra y Silvicultura;4(IV). Quema de biomasa;CH4;3029.05;84813.4
2016;Neuquén;Usos de la Tierra, Cambios de Uso de la Tierra y Silvicultura;4(IV). Quema de biomasa;CH4;431.73;12088.43
2016;Río Negro;Usos de la Tierra, Cambios de Uso de la Tierra y Silvicultura;4(IV). Quema de biomasa;CH4;10.45;292.55
2016;Santa Cruz;Usos de la Tierra, Cambios de Uso de la Tierra y Silvicultura;4(IV). Quema de biomasa;CH4;42.01;1176.36
2016;Tucumán;Usos de la Tierra, Cambios de Uso de la Tierra y Silvicultura;4(IV). Quema de biomasa;CH4;64.73;1812.37
2016;Tierra del Fuego, Antártida e Islas del Atlántico Sur;Usos de la Tierra, Cambios de Uso de la Tierra y Silvicultura;4(IV). Quema de biomasa;CH4;146.07;4089.94
2016;Catamarca;Usos de la Tierra, Cambios de Uso de la Tierra y Silvicultura;4(IV). Quema de biomasa;N2O;3.54;938.36
2016;Córdoba;Usos de la Tierra, Cambios de Uso de la Tierra y Silvicultura;4(IV). Quema de biomasa;N2O;0.78;205.72
2016;Chaco;Usos de la Tierra, Cambios de Uso de la Tierra y Silvicultura;4(IV). Quema de biomasa;N2O;288.79;76529.77
2016;Entre Ríos;Usos de la Tierra, Cambios de Uso de la Tierra y Silvicultura;4(IV). Quema de biomasa;N2O;4.41;1169.92
2016;Jujuy;Usos de la Tierra, Cambios de Uso de la Tierra y Silvicultura;4(IV). Quema de biomasa;N2O;8.09;2144.06
2016;La Pampa;Usos de la Tierra, Cambios de Uso de la Tierra y Silvicultura;4(IV). Quema de biomasa;N2O;28.19;7469.71
2016;Misiones;Usos de la Tierra, Cambios de Uso de la Tierra y Silvicultura;4(IV). Quema de biomasa;N2O;11.0;2914.79
2016;Salta;Usos de la Tierra, Cambios de Uso de la Tierra y Silvicultura;4(IV). Quema de biomasa;N2O;35.5;9407.69
2016;San Luis;Usos de la Tierra, Cambios de Uso de la Tierra y Silvicultura;4(IV). Quema de biomasa;N2O;12.57;3332.05
2016;Santa Fe;Usos de la Tierra, Cambios de Uso de la Tierra y Silvicultura;4(IV). Quema de biomasa;N2O;1.06;281.64
2016;Santiago del Estero;Usos de la Tierra, Cambios de Uso de la Tierra y Silvicultura;4(IV). Quema de biomasa;N2O;261.54;69308.61
2016;Buenos Aires;Usos de la Tierra, Cambios de Uso de la Tierra y Silvicultura;4(IV). Quema de biomasa;N2O;2.23;590.13
2016;Chubut;Usos de la Tierra, Cambios de Uso de la Tierra y Silvicultura;4(IV). Quema de biomasa;N2O;388.27;102891.78
2016;Formosa;Usos de la Tierra, Cambios de Uso de la Tierra y Silvicultura;4(IV). Quema de biomasa;N2O;288.06;76334.84
2016;La Rioja;Usos de la Tierra, Cambios de Uso de la Tierra y Silvicultura;4(IV). Quema de biomasa;N2O;89.09;23608.77
2016;Neuquén;Usos de la Tierra, Cambios de Uso de la Tierra y Silvicultura;4(IV). Quema de biomasa;N2O;12.7;3364.95
2016;Río Negro;Usos de la Tierra, Cambios de Uso de la Tierra y Silvicultura;4(IV). Quema de biomasa;N2O;0.31;81.44
2016;Santa Cruz;Usos de la Tierra, Cambios de Uso de la Tierra y Silvicultura;4(IV). Quema de biomasa;N2O;1.24;327.45
2016;Tucumán;Usos de la Tierra, Cambios de Uso de la Tierra y Silvicultura;4(IV). Quema de biomasa;N2O;1.9;504.49
2016;Tierra del Fuego, Antártida e Islas del Atlántico Sur;Usos de la Tierra, Cambios de Uso de la Tierra y Silvicultura;4(IV). Quema de biomasa;N2O;4.3;1138.48
2016;Buenos Aires;Usos de la Tierra, Cambios de Uso de la Tierra y Silvicultura;4(IV). Quema de biomasa;CO2;514869.82;514869.82
2016;Catamarca;Usos de la Tierra, Cambios de Uso de la Tierra y Silvicultura;4(IV). Quema de biomasa;CO2;-200371.08;-200371.08
2016;Córdoba;Usos de la Tierra, Cambios de Uso de la Tierra y Silvicultura;4(IV). Quema de biomasa;CO2;3277158.32;3277158.32
2016;Corrientes;Usos de la Tierra, Cambios de Uso de la Tierra y Silvicultura;4(IV). Quema de biomasa;CO2;-120899.68;-120899.68
2016;Chaco;Usos de la Tierra, Cambios de Uso de la Tierra y Silvicultura;4(IV). Quema de biomasa;CO2;-1131935.85;-1131935.85
2016;Chubut;Usos de la Tierra, Cambios de Uso de la Tierra y Silvicultura;4(IV). Quema de biomasa;CO2;-43306.14;-43306.14
2016;Entre Ríos;Usos de la Tierra, Cambios de Uso de la Tierra y Silvicultura;4(IV). Quema de biomasa;CO2;1566503.76;1566503.76
2016;Formosa;Usos de la Tierra, Cambios de Uso de la Tierra y Silvicultura;4(IV). Quema de biomasa;CO2;-576720.6;-576720.6
2016;Jujuy;Usos de la Tierra, Cambios de Uso de la Tierra y Silvicultura;4(IV). Quema de biomasa;CO2;-30940.64;-30940.64
2016;La Pampa;Usos de la Tierra, Cambios de Uso de la Tierra y Silvicultura;4(IV). Quema de biomasa;CO2;-1534991.65;-1534991.65
2016;La Rioja;Usos de la Tierra, Cambios de Uso de la Tierra y Silvicultura;4(IV). Quema de biomasa;CO2;-126642.42;-126642.42
2016;Mendoza;Usos de la Tierra, Cambios de Uso de la Tierra y Silvicultura;4(IV). Quema de biomasa;CO2;-31960.27;-31960.27
2016;Misiones;Usos de la Tierra, Cambios de Uso de la Tierra y Silvicultura;4(IV). Quema de biomasa;CO2;-718154.7;-718154.7
2016;Neuquén;Usos de la Tierra, Cambios de Uso de la Tierra y Silvicultura;4(IV). Quema de biomasa;CO2;-31819.72;-31819.72
2016;Río Negro;Usos de la Tierra, Cambios de Uso de la Tierra y Silvicultura;4(IV). Quema de biomasa;CO2;-13189.04;-13189.04
2016;Salta;Usos de la Tierra, Cambios de Uso de la Tierra y Silvicultura;4(IV). Quema de biomasa;CO2;486519.96;486519.96
2016;San Juan;Usos de la Tierra, Cambios de Uso de la Tierra y Silvicultura;4(IV). Quema de biomasa;CO2;-17677.4;-17677.4
2016;San Luis;Usos de la Tierra, Cambios de Uso de la Tierra y Silvicultura;4(IV). Quema de biomasa;CO2;198173.51;198173.51
2016;Santa Cruz;Usos de la Tierra, Cambios de Uso de la Tierra y Silvicultura;4(IV). Quema de biomasa;CO2;-372.45;-372.45
2016;Santa Fe;Usos de la Tierra, Cambios de Uso de la Tierra y Silvicultura;4(IV). Quema de biomasa;CO2;871998.94;871998.94
2016;Santiago del Estero;Usos de la Tierra, Cambios de Uso de la Tierra y Silvicultura;4(IV). Quema de biomasa;CO2;1178304.96;1178304.96
2016;Tucumán;Usos de la Tierra, Cambios de Uso de la Tierra y Silvicultura;4(IV). Quema de biomasa;CO2;-513576.45;-513576.45
2016;Tierra del Fuego, Antártida e Islas del Atlántico Sur;Usos de la Tierra, Cambios de Uso de la Tierra y Silvicultura;4(IV). Quema de biomasa;CO2;-19147.84;-19147.84
2017;Buenos Aires;Usos de la Tierra, Cambios de Uso de la Tierra y Silvicultura;4B. Tierras de cultivo;CO2;84867.05;84867.05
2017;Catamarca;Usos de la Tierra, Cambios de Uso de la Tierra y Silvicultura;4B. Tierras de cultivo;CO2;4902.22;4902.22
2017;Córdoba;Usos de la Tierra, Cambios de Uso de la Tierra y Silvicultura;4B. Tierras de cultivo;CO2;127874.65;127874.65
2017;Corrientes;Usos de la Tierra, Cambios de Uso de la Tierra y Silvicultura;4B. Tierras de cultivo;CO2;5684.72;5684.72
2017;Chaco;Usos de la Tierra, Cambios de Uso de la Tierra y Silvicultura;4B. Tierras de cultivo;CO2;4187670.95;4187670.95
2017;Entre Ríos;Usos de la Tierra, Cambios de Uso de la Tierra y Silvicultura;4B. Tierras de cultivo;CO2;173710.94;173710.94
2017;Formosa;Usos de la Tierra, Cambios de Uso de la Tierra y Silvicultura;4B. Tierras de cultivo;CO2;1688043.25;1688043.25
2017;La Pampa;Usos de la Tierra, Cambios de Uso de la Tierra y Silvicultura;4B. Tierras de cultivo;CO2;651741.16;651741.16
2017;Misiones;Usos de la Tierra, Cambios de Uso de la Tierra y Silvicultura;4B. Tierras de cultivo;CO2;733026.87;733026.87
2017;Salta;Usos de la Tierra, Cambios de Uso de la Tierra y Silvicultura;4B. Tierras de cultivo;CO2;2824407.41;2824407.41
2017;San Luis;Usos de la Tierra, Cambios de Uso de la Tierra y Silvicultura;4B. Tierras de cultivo;CO2;329880.11;329880.11
2017;Santa Fe;Usos de la Tierra, Cambios de Uso de la Tierra y Silvicultura;4B. Tierras de cultivo;CO2;118545.66;118545.66
2017;Santiago del Estero;Usos de la Tierra, Cambios de Uso de la Tierra y Silvicultura;4B. Tierras de cultivo;CO2;1160474.78;1160474.78
2017;Tucumán;Usos de la Tierra, Cambios de Uso de la Tierra y Silvicultura;4B. Tierras de cultivo;CO2;141717.24;141717.24
2017;Buenos Aires;Usos de la Tierra, Cambios de Uso de la Tierra y Silvicultura;4C. Pastizales;CO2;6487.9;6487.9
2017;Catamarca;Usos de la Tierra, Cambios de Uso de la Tierra y Silvicultura;4C. Pastizales;CO2;469141.18;469141.18
2017;Córdoba;Usos de la Tierra, Cambios de Uso de la Tierra y Silvicultura;4C. Pastizales;CO2;58032.52;58032.52
2017;Corrientes;Usos de la Tierra, Cambios de Uso de la Tierra y Silvicultura;4C. Pastizales;CO2;1561.39;1561.39
2017;Chaco;Usos de la Tierra, Cambios de Uso de la Tierra y Silvicultura;4C. Pastizales;CO2;7414871.47;7414871.47
2017;Chubut;Usos de la Tierra, Cambios de Uso de la Tierra y Silvicultura;4C. Pastizales;CO2;9376233.05;9376233.05
2017;Entre Ríos;Usos de la Tierra, Cambios de Uso de la Tierra y Silvicultura;4C. Pastizales;CO2;419896.52;419896.52
2017;Formosa;Usos de la Tierra, Cambios de Uso de la Tierra y Silvicultura;4C. Pastizales;CO2;3951026.99;3951026.99
2017;Jujuy;Usos de la Tierra, Cambios de Uso de la Tierra y Silvicultura;4C. Pastizales;CO2;414747.07;414747.07
2017;La Pampa;Usos de la Tierra, Cambios de Uso de la Tierra y Silvicultura;4C. Pastizales;CO2;1787847.31;1787847.31
2017;La Rioja;Usos de la Tierra, Cambios de Uso de la Tierra y Silvicultura;4C. Pastizales;CO2;618334.84;618334.84
2017;Misiones;Usos de la Tierra, Cambios de Uso de la Tierra y Silvicultura;4C. Pastizales;CO2;920600.02;920600.02
2017;Neuquén;Usos de la Tierra, Cambios de Uso de la Tierra y Silvicultura;4C. Pastizales;CO2;307120.95;307120.95
2017;Río Negro;Usos de la Tierra, Cambios de Uso de la Tierra y Silvicultura;4C. Pastizales;CO2;7347.9;7347.9
2017;Salta;Usos de la Tierra, Cambios de Uso de la Tierra y Silvicultura;4C. Pastizales;CO2;2785945.42;2785945.42
2017;San Luis;Usos de la Tierra, Cambios de Uso de la Tierra y Silvicultura;4C. Pastizales;CO2;3188662.67;3188662.67
2017;Santa Cruz;Usos de la Tierra, Cambios de Uso de la Tierra y Silvicultura;4C. Pastizales;CO2;29716.35;29716.35
2017;Santa Fe;Usos de la Tierra, Cambios de Uso de la Tierra y Silvicultura;4C. Pastizales;CO2;89899.71;89899.71
2017;Santiago del Estero;Usos de la Tierra, Cambios de Uso de la Tierra y Silvicultura;4C. Pastizales;CO2;8391987.48;8391987.48
2017;Tucumán;Usos de la Tierra, Cambios de Uso de la Tierra y Silvicultura;4C. Pastizales;CO2;139213.03;139213.03
2017;Tierra del Fuego, Antártida e Islas del Atlántico Sur;Usos de la Tierra, Cambios de Uso de la Tierra y Silvicultura;4C. Pastizales;CO2;102226.13;102226.13
2017;Mendoza;Usos de la Tierra, Cambios de Uso de la Tierra y Silvicultura;4C. Pastizales;CO2;1.89;1.89
2017;San Juan;Usos de la Tierra, Cambios de Uso de la Tierra y Silvicultura;4C. Pastizales;CO2;3.03;3.03
2017;Buenos Aires;Usos de la Tierra, Cambios de Uso de la Tierra y Silvicultura;4(IV). Quema de biomasa;CH4;124.77;3493.52
2017;Catamarca;Usos de la Tierra, Cambios de Uso de la Tierra y Silvicultura;4(IV). Quema de biomasa;CH4;7.11;199.0
2017;Córdoba;Usos de la Tierra, Cambios de Uso de la Tierra y Silvicultura;4(IV). Quema de biomasa;CH4;188.14;5268.01
2017;Corrientes;Usos de la Tierra, Cambios de Uso de la Tierra y Silvicultura;4(IV). Quema de biomasa;CH4;8.28;231.98
2017;Chaco;Usos de la Tierra, Cambios de Uso de la Tierra y Silvicultura;4(IV). Quema de biomasa;CH4;6080.28;170247.7
2017;Entre Ríos;Usos de la Tierra, Cambios de Uso de la Tierra y Silvicultura;4(IV). Quema de biomasa;CH4;265.68;7438.9
2017;Formosa;Usos de la Tierra, Cambios de Uso de la Tierra y Silvicultura;4(IV). Quema de biomasa;CH4;2456.17;68772.77
2017;La Pampa;Usos de la Tierra, Cambios de Uso de la Tierra y Silvicultura;4(IV). Quema de biomasa;CH4;996.9;27913.17
2017;Misiones;Usos de la Tierra, Cambios de Uso de la Tierra y Silvicultura;4(IV). Quema de biomasa;CH4;1086.47;30421.09
2017;Salta;Usos de la Tierra, Cambios de Uso de la Tierra y Silvicultura;4(IV). Quema de biomasa;CH4;4099.37;114782.28
2017;San Luis;Usos de la Tierra, Cambios de Uso de la Tierra y Silvicultura;4(IV). Quema de biomasa;CH4;490.24;13726.75
2017;Santa Fe;Usos de la Tierra, Cambios de Uso de la Tierra y Silvicultura;4(IV). Quema de biomasa;CH4;173.23;4850.36
2017;Santiago del Estero;Usos de la Tierra, Cambios de Uso de la Tierra y Silvicultura;4(IV). Quema de biomasa;CH4;1690.53;47334.88
2017;Tucumán;Usos de la Tierra, Cambios de Uso de la Tierra y Silvicultura;4(IV). Quema de biomasa;CH4;207.59;5812.59
2017;Chubut;Usos de la Tierra, Cambios de Uso de la Tierra y Silvicultura;4(IV). Quema de biomasa;CH4;13201.21;369633.88
2017;Jujuy;Usos de la Tierra, Cambios de Uso de la Tierra y Silvicultura;4(IV). Quema de biomasa;CH4;600.91;16825.51
2017;La Rioja;Usos de la Tierra, Cambios de Uso de la Tierra y Silvicultura;4(IV). Quema de biomasa;CH4;883.51;24738.23
2017;Neuquén;Usos de la Tierra, Cambios de Uso de la Tierra y Silvicultura;4(IV). Quema de biomasa;CH4;431.73;12088.43
2017;Río Negro;Usos de la Tierra, Cambios de Uso de la Tierra y Silvicultura;4(IV). Quema de biomasa;CH4;10.45;292.55
2017;Santa Cruz;Usos de la Tierra, Cambios de Uso de la Tierra y Silvicultura;4(IV). Quema de biomasa;CH4;42.01;1176.36
2017;Tierra del Fuego, Antártida e Islas del Atlántico Sur;Usos de la Tierra, Cambios de Uso de la Tierra y Silvicultura;4(IV). Quema de biomasa;CH4;146.07;4089.94
2017;Buenos Aires;Usos de la Tierra, Cambios de Uso de la Tierra y Silvicultura;4(IV). Quema de biomasa;N2O;3.67;972.46
2017;Catamarca;Usos de la Tierra, Cambios de Uso de la Tierra y Silvicultura;4(IV). Quema de biomasa;N2O;0.21;55.39
2017;Córdoba;Usos de la Tierra, Cambios de Uso de la Tierra y Silvicultura;4(IV). Quema de biomasa;N2O;5.53;1466.41
2017;Corrientes;Usos de la Tierra, Cambios de Uso de la Tierra y Silvicultura;4(IV). Quema de biomasa;N2O;0.24;64.57
2017;Chaco;Usos de la Tierra, Cambios de Uso de la Tierra y Silvicultura;4(IV). Quema de biomasa;N2O;178.83;47390.38
2017;Entre Ríos;Usos de la Tierra, Cambios de Uso de la Tierra y Silvicultura;4(IV). Quema de biomasa;N2O;7.81;2070.7
2017;Formosa;Usos de la Tierra, Cambios de Uso de la Tierra y Silvicultura;4(IV). Quema de biomasa;N2O;72.24;19143.68
2017;La Pampa;Usos de la Tierra, Cambios de Uso de la Tierra y Silvicultura;4(IV). Quema de biomasa;N2O;29.32;7769.95
2017;Misiones;Usos de la Tierra, Cambios de Uso de la Tierra y Silvicultura;4(IV). Quema de biomasa;N2O;31.95;8468.06
2017;Salta;Usos de la Tierra, Cambios de Uso de la Tierra y Silvicultura;4(IV). Quema de biomasa;N2O;120.57;31950.95
2017;San Luis;Usos de la Tierra, Cambios de Uso de la Tierra y Silvicultura;4(IV). Quema de biomasa;N2O;14.42;3821.0
2017;Santa Fe;Usos de la Tierra, Cambios de Uso de la Tierra y Silvicultura;4(IV). Quema de biomasa;N2O;5.09;1350.15
2017;Santiago del Estero;Usos de la Tierra, Cambios de Uso de la Tierra y Silvicultura;4(IV). Quema de biomasa;N2O;49.72;13176.2
2017;Tucumán;Usos de la Tierra, Cambios de Uso de la Tierra y Silvicultura;4(IV). Quema de biomasa;N2O;6.11;1618.0
2017;Chubut;Usos de la Tierra, Cambios de Uso de la Tierra y Silvicultura;4(IV). Quema de biomasa;N2O;388.27;102891.78
2017;Jujuy;Usos de la Tierra, Cambios de Uso de la Tierra y Silvicultura;4(IV). Quema de biomasa;N2O;17.67;4683.57
2017;La Rioja;Usos de la Tierra, Cambios de Uso de la Tierra y Silvicultura;4(IV). Quema de biomasa;N2O;25.99;6886.17
2017;Neuquén;Usos de la Tierra, Cambios de Uso de la Tierra y Silvicultura;4(IV). Quema de biomasa;N2O;12.7;3364.95
2017;Río Negro;Usos de la Tierra, Cambios de Uso de la Tierra y Silvicultura;4(IV). Quema de biomasa;N2O;0.31;81.44
2017;Santa Cruz;Usos de la Tierra, Cambios de Uso de la Tierra y Silvicultura;4(IV). Quema de biomasa;N2O;1.24;327.45
2017;Tierra del Fuego, Antártida e Islas del Atlántico Sur;Usos de la Tierra, Cambios de Uso de la Tierra y Silvicultura;4(IV). Quema de biomasa;N2O;4.3;1138.48
2017;Buenos Aires;Usos de la Tierra, Cambios de Uso de la Tierra y Silvicultura;4(IV). Quema de biomasa;CO2;-3684403.46;-3684403.46
2017;Catamarca;Usos de la Tierra, Cambios de Uso de la Tierra y Silvicultura;4(IV). Quema de biomasa;CO2;-222229.9;-222229.9
2017;Córdoba;Usos de la Tierra, Cambios de Uso de la Tierra y Silvicultura;4(IV). Quema de biomasa;CO2;2106322.99;2106322.99
2017;Corrientes;Usos de la Tierra, Cambios de Uso de la Tierra y Silvicultura;4(IV). Quema de biomasa;CO2;-124043.57;-124043.57
2017;Chaco;Usos de la Tierra, Cambios de Uso de la Tierra y Silvicultura;4(IV). Quema de biomasa;CO2;-1800829.82;-1800829.82
2017;Chubut;Usos de la Tierra, Cambios de Uso de la Tierra y Silvicultura;4(IV). Quema de biomasa;CO2;-54575.39;-54575.39
2017;Entre Ríos;Usos de la Tierra, Cambios de Uso de la Tierra y Silvicultura;4(IV). Quema de biomasa;CO2;764513.69;764513.69
2017;Formosa;Usos de la Tierra, Cambios de Uso de la Tierra y Silvicultura;4(IV). Quema de biomasa;CO2;-316940.8;-316940.8
2017;Jujuy;Usos de la Tierra, Cambios de Uso de la Tierra y Silvicultura;4(IV). Quema de biomasa;CO2;-88359.77;-88359.77
2017;La Pampa;Usos de la Tierra, Cambios de Uso de la Tierra y Silvicultura;4(IV). Quema de biomasa;CO2;-1821994.62;-1821994.62
2017;La Rioja;Usos de la Tierra, Cambios de Uso de la Tierra y Silvicultura;4(IV). Quema de biomasa;CO2;-121287.57;-121287.57
2017;Mendoza;Usos de la Tierra, Cambios de Uso de la Tierra y Silvicultura;4(IV). Quema de biomasa;CO2;-46113.37;-46113.37
2017;Misiones;Usos de la Tierra, Cambios de Uso de la Tierra y Silvicultura;4(IV). Quema de biomasa;CO2;-723170.47;-723170.47
2017;Neuquén;Usos de la Tierra, Cambios de Uso de la Tierra y Silvicultura;4(IV). Quema de biomasa;CO2;-34945.13;-34945.13
2017;Río Negro;Usos de la Tierra, Cambios de Uso de la Tierra y Silvicultura;4(IV). Quema de biomasa;CO2;-14376.51;-14376.51
2017;Salta;Usos de la Tierra, Cambios de Uso de la Tierra y Silvicultura;4(IV). Quema de biomasa;CO2;318094.08;318094.08
2017;San Juan;Usos de la Tierra, Cambios de Uso de la Tierra y Silvicultura;4(IV). Quema de biomasa;CO2;-13529.42;-13529.42
2017;San Luis;Usos de la Tierra, Cambios de Uso de la Tierra y Silvicultura;4(IV). Quema de biomasa;CO2;123920.67;123920.67
2017;Santa Cruz;Usos de la Tierra, Cambios de Uso de la Tierra y Silvicultura;4(IV). Quema de biomasa;CO2;-393.87;-393.87
2017;Santa Fe;Usos de la Tierra, Cambios de Uso de la Tierra y Silvicultura;4(IV). Quema de biomasa;CO2;-831097.9;-831097.9
2017;Santiago del Estero;Usos de la Tierra, Cambios de Uso de la Tierra y Silvicultura;4(IV). Quema de biomasa;CO2;450665.85;450665.85
2017;Tucumán;Usos de la Tierra, Cambios de Uso de la Tierra y Silvicultura;4(IV). Quema de biomasa;CO2;-638326.81;-638326.81
2017;Tierra del Fuego, Antártida e Islas del Atlántico Sur;Usos de la Tierra, Cambios de Uso de la Tierra y Silvicultura;4(IV). Quema de biomasa;CO2;-19336.26;-19336.26
2018;Catamarca;Usos de la Tierra, Cambios de Uso de la Tierra y Silvicultura;4B. Tierras de cultivo;CO2;8492.09;8492.09
2018;Córdoba;Usos de la Tierra, Cambios de Uso de la Tierra y Silvicultura;4B. Tierras de cultivo;CO2;11469.51;11469.51
2018;Chaco;Usos de la Tierra, Cambios de Uso de la Tierra y Silvicultura;4B. Tierras de cultivo;CO2;5216682.89;5216682.89
2018;Entre Ríos;Usos de la Tierra, Cambios de Uso de la Tierra y Silvicultura;4B. Tierras de cultivo;CO2;365890.94;365890.94
2018;Formosa;Usos de la Tierra, Cambios de Uso de la Tierra y Silvicultura;4B. Tierras de cultivo;CO2;4220096.57;4220096.57
2018;Jujuy;Usos de la Tierra, Cambios de Uso de la Tierra y Silvicultura;4B. Tierras de cultivo;CO2;281561.67;281561.67
2018;La Pampa;Usos de la Tierra, Cambios de Uso de la Tierra y Silvicultura;4B. Tierras de cultivo;CO2;536728.26;536728.26
2018;Misiones;Usos de la Tierra, Cambios de Uso de la Tierra y Silvicultura;4B. Tierras de cultivo;CO2;562247.94;562247.94
2018;Salta;Usos de la Tierra, Cambios de Uso de la Tierra y Silvicultura;4B. Tierras de cultivo;CO2;147423.49;147423.49
2018;San Luis;Usos de la Tierra, Cambios de Uso de la Tierra y Silvicultura;4B. Tierras de cultivo;CO2;4698761.83;4698761.83
2018;Santa Fe;Usos de la Tierra, Cambios de Uso de la Tierra y Silvicultura;4B. Tierras de cultivo;CO2;1346.38;1346.38
2018;Santiago del Estero;Usos de la Tierra, Cambios de Uso de la Tierra y Silvicultura;4B. Tierras de cultivo;CO2;3416538.92;3416538.92
2018;Buenos Aires;Usos de la Tierra, Cambios de Uso de la Tierra y Silvicultura;4C. Pastizales;CO2;33842.31;33842.31
2018;Catamarca;Usos de la Tierra, Cambios de Uso de la Tierra y Silvicultura;4C. Pastizales;CO2;78445.35;78445.35
2018;Córdoba;Usos de la Tierra, Cambios de Uso de la Tierra y Silvicultura;4C. Pastizales;CO2;21205.79;21205.79
2018;Corrientes;Usos de la Tierra, Cambios de Uso de la Tierra y Silvicultura;4C. Pastizales;CO2;36438.43;36438.43
2018;Chaco;Usos de la Tierra, Cambios de Uso de la Tierra y Silvicultura;4C. Pastizales;CO2;5365016.02;5365016.02
2018;Chubut;Usos de la Tierra, Cambios de Uso de la Tierra y Silvicultura;4C. Pastizales;CO2;14013.29;14013.29
2018;Entre Ríos;Usos de la Tierra, Cambios de Uso de la Tierra y Silvicultura;4C. Pastizales;CO2;20014.2;20014.2
2018;Formosa;Usos de la Tierra, Cambios de Uso de la Tierra y Silvicultura;4C. Pastizales;CO2;1806759.9;1806759.9
2018;La Pampa;Usos de la Tierra, Cambios de Uso de la Tierra y Silvicultura;4C. Pastizales;CO2;6732544.17;6732544.17
2018;La Rioja;Usos de la Tierra, Cambios de Uso de la Tierra y Silvicultura;4C. Pastizales;CO2;446890.92;446890.92
2018;Misiones;Usos de la Tierra, Cambios de Uso de la Tierra y Silvicultura;4C. Pastizales;CO2;210325.92;210325.92
2018;Neuquén;Usos de la Tierra, Cambios de Uso de la Tierra y Silvicultura;4C. Pastizales;CO2;235171.48;235171.48
2018;Río Negro;Usos de la Tierra, Cambios de Uso de la Tierra y Silvicultura;4C. Pastizales;CO2;1851.34;1851.34
2018;Salta;Usos de la Tierra, Cambios de Uso de la Tierra y Silvicultura;4C. Pastizales;CO2;5167741.46;5167741.46
2018;San Luis;Usos de la Tierra, Cambios de Uso de la Tierra y Silvicultura;4C. Pastizales;CO2;394300.07;394300.07
2018;Santa Cruz;Usos de la Tierra, Cambios de Uso de la Tierra y Silvicultura;4C. Pastizales;CO2;47910.93;47910.93
2018;Santa Fe;Usos de la Tierra, Cambios de Uso de la Tierra y Silvicultura;4C. Pastizales;CO2;9592.17;9592.17
2018;Santiago del Estero;Usos de la Tierra, Cambios de Uso de la Tierra y Silvicultura;4C. Pastizales;CO2;4623314.7;4623314.7
2018;Tucumán;Usos de la Tierra, Cambios de Uso de la Tierra y Silvicultura;4C. Pastizales;CO2;4942.6;4942.6
2018;Tierra del Fuego, Antártida e Islas del Atlántico Sur;Usos de la Tierra, Cambios de Uso de la Tierra y Silvicultura;4C. Pastizales;CO2;20906.15;20906.15
2018;Mendoza;Usos de la Tierra, Cambios de Uso de la Tierra y Silvicultura;4C. Pastizales;CO2;1.89;1.89
2018;San Juan;Usos de la Tierra, Cambios de Uso de la Tierra y Silvicultura;4C. Pastizales;CO2;3.03;3.03
2018;Buenos Aires;Usos de la Tierra, Cambios de Uso de la Tierra y Silvicultura;4B. Tierras de cultivo;CO2;-1877275.87;-1877275.87
2018;Tucumán;Usos de la Tierra, Cambios de Uso de la Tierra y Silvicultura;4B. Tierras de cultivo;CO2;7483.34;7483.34
2018;Catamarca;Usos de la Tierra, Cambios de Uso de la Tierra y Silvicultura;4(IV). Quema de biomasa;CH4;12.36;346.19
2018;Córdoba;Usos de la Tierra, Cambios de Uso de la Tierra y Silvicultura;4(IV). Quema de biomasa;CH4;17.09;478.62
2018;Chaco;Usos de la Tierra, Cambios de Uso de la Tierra y Silvicultura;4(IV). Quema de biomasa;CH4;7569.55;211947.4
2018;Entre Ríos;Usos de la Tierra, Cambios de Uso de la Tierra y Silvicultura;4(IV). Quema de biomasa;CH4;556.08;15570.24
2018;Formosa;Usos de la Tierra, Cambios de Uso de la Tierra y Silvicultura;4(IV). Quema de biomasa;CH4;6136.08;171810.35
2018;Jujuy;Usos de la Tierra, Cambios de Uso de la Tierra y Silvicultura;4(IV). Quema de biomasa;CH4;413.04;11565.2
2018;La Pampa;Usos de la Tierra, Cambios de Uso de la Tierra y Silvicultura;4(IV). Quema de biomasa;CH4;819.72;22952.24
2018;Misiones;Usos de la Tierra, Cambios de Uso de la Tierra y Silvicultura;4(IV). Quema de biomasa;CH4;833.69;23343.35
2018;Salta;Usos de la Tierra, Cambios de Uso de la Tierra y Silvicultura;4(IV). Quema de biomasa;CH4;215.05;6021.54
2018;San Luis;Usos de la Tierra, Cambios de Uso de la Tierra y Silvicultura;4(IV). Quema de biomasa;CH4;6985.43;195592.17
2018;Santa Fe;Usos de la Tierra, Cambios de Uso de la Tierra y Silvicultura;4(IV). Quema de biomasa;CH4;2.01;56.42
2018;Santiago del Estero;Usos de la Tierra, Cambios de Uso de la Tierra y Silvicultura;4(IV). Quema de biomasa;CH4;4967.81;139098.72
2018;Buenos Aires;Usos de la Tierra, Cambios de Uso de la Tierra y Silvicultura;4(IV). Quema de biomasa;CH4;47.25;1322.94
2018;Corrientes;Usos de la Tierra, Cambios de Uso de la Tierra y Silvicultura;4(IV). Quema de biomasa;CH4;55.73;1560.34
2018;Chubut;Usos de la Tierra, Cambios de Uso de la Tierra y Silvicultura;4(IV). Quema de biomasa;CH4;19.78;553.82
2018;La Rioja;Usos de la Tierra, Cambios de Uso de la Tierra y Silvicultura;4(IV). Quema de biomasa;CH4;632.64;17713.93
2018;Neuquén;Usos de la Tierra, Cambios de Uso de la Tierra y Silvicultura;4(IV). Quema de biomasa;CH4;335.2;9385.7
2018;Río Negro;Usos de la Tierra, Cambios de Uso de la Tierra y Silvicultura;4(IV). Quema de biomasa;CH4;2.52;70.57
2018;Santa Cruz;Usos de la Tierra, Cambios de Uso de la Tierra y Silvicultura;4(IV). Quema de biomasa;CH4;67.79;1898.02
2018;Tucumán;Usos de la Tierra, Cambios de Uso de la Tierra y Silvicultura;4(IV). Quema de biomasa;CH4;7.25;202.87
2018;Tierra del Fuego, Antártida e Islas del Atlántico Sur;Usos de la Tierra, Cambios de Uso de la Tierra y Silvicultura;4(IV). Quema de biomasa;CH4;29.88;836.5
2018;Catamarca;Usos de la Tierra, Cambios de Uso de la Tierra y Silvicultura;4(IV). Quema de biomasa;N2O;0.36;96.37
2018;Córdoba;Usos de la Tierra, Cambios de Uso de la Tierra y Silvicultura;4(IV). Quema de biomasa;N2O;0.5;133.23
2018;Chaco;Usos de la Tierra, Cambios de Uso de la Tierra y Silvicultura;4(IV). Quema de biomasa;N2O;222.63;58997.96
2018;Entre Ríos;Usos de la Tierra, Cambios de Uso de la Tierra y Silvicultura;4(IV). Quema de biomasa;N2O;16.36;4334.15
2018;Formosa;Usos de la Tierra, Cambios de Uso de la Tierra y Silvicultura;4(IV). Quema de biomasa;N2O;180.47;47825.36
2018;Jujuy;Usos de la Tierra, Cambios de Uso de la Tierra y Silvicultura;4(IV). Quema de biomasa;N2O;12.15;3219.31
2018;La Pampa;Usos de la Tierra, Cambios de Uso de la Tierra y Silvicultura;4(IV). Quema de biomasa;N2O;24.11;6389.02
2018;Misiones;Usos de la Tierra, Cambios de Uso de la Tierra y Silvicultura;4(IV). Quema de biomasa;N2O;24.52;6497.89
2018;Salta;Usos de la Tierra, Cambios de Uso de la Tierra y Silvicultura;4(IV). Quema de biomasa;N2O;6.33;1676.16
2018;San Luis;Usos de la Tierra, Cambios de Uso de la Tierra y Silvicultura;4(IV). Quema de biomasa;N2O;205.45;54445.3
2018;Santa Fe;Usos de la Tierra, Cambios de Uso de la Tierra y Silvicultura;4(IV). Quema de biomasa;N2O;0.06;15.7
2018;Santiago del Estero;Usos de la Tierra, Cambios de Uso de la Tierra y Silvicultura;4(IV). Quema de biomasa;N2O;146.11;38719.71
2018;Buenos Aires;Usos de la Tierra, Cambios de Uso de la Tierra y Silvicultura;4(IV). Quema de biomasa;N2O;1.39;368.25
2018;Corrientes;Usos de la Tierra, Cambios de Uso de la Tierra y Silvicultura;4(IV). Quema de biomasa;N2O;1.64;434.34
2018;Chubut;Usos de la Tierra, Cambios de Uso de la Tierra y Silvicultura;4(IV). Quema de biomasa;N2O;0.58;154.16
2018;La Rioja;Usos de la Tierra, Cambios de Uso de la Tierra y Silvicultura;4(IV). Quema de biomasa;N2O;18.61;4930.87
2018;Neuquén;Usos de la Tierra, Cambios de Uso de la Tierra y Silvicultura;4(IV). Quema de biomasa;N2O;9.86;2612.62
2018;Río Negro;Usos de la Tierra, Cambios de Uso de la Tierra y Silvicultura;4(IV). Quema de biomasa;N2O;0.07;19.64
2018;Santa Cruz;Usos de la Tierra, Cambios de Uso de la Tierra y Silvicultura;4(IV). Quema de biomasa;N2O;1.99;528.34
2018;Tucumán;Usos de la Tierra, Cambios de Uso de la Tierra y Silvicultura;4(IV). Quema de biomasa;N2O;0.21;56.47
2018;Tierra del Fuego, Antártida e Islas del Atlántico Sur;Usos de la Tierra, Cambios de Uso de la Tierra y Silvicultura;4(IV). Quema de biomasa;N2O;0.88;232.85
2018;Buenos Aires;Usos de la Tierra, Cambios de Uso de la Tierra y Silvicultura;4(IV). Quema de biomasa;CO2;-3405538.82;-3405538.82
2018;Catamarca;Usos de la Tierra, Cambios de Uso de la Tierra y Silvicultura;4(IV). Quema de biomasa;CO2;-167620.55;-167620.55
2018;Córdoba;Usos de la Tierra, Cambios de Uso de la Tierra y Silvicultura;4(IV). Quema de biomasa;CO2;2165393.91;2165393.91
2018;Corrientes;Usos de la Tierra, Cambios de Uso de la Tierra y Silvicultura;4(IV). Quema de biomasa;CO2;-190518.91;-190518.91
2018;Chaco;Usos de la Tierra, Cambios de Uso de la Tierra y Silvicultura;4(IV). Quema de biomasa;CO2;-1863318.51;-1863318.51
2018;Chubut;Usos de la Tierra, Cambios de Uso de la Tierra y Silvicultura;4(IV). Quema de biomasa;CO2;-55209.16;-55209.16
2018;Entre Ríos;Usos de la Tierra, Cambios de Uso de la Tierra y Silvicultura;4(IV). Quema de biomasa;CO2;709159.95;709159.95
2018;Formosa;Usos de la Tierra, Cambios de Uso de la Tierra y Silvicultura;4(IV). Quema de biomasa;CO2;-125712.41;-125712.41
2018;Jujuy;Usos de la Tierra, Cambios de Uso de la Tierra y Silvicultura;4(IV). Quema de biomasa;CO2;-73264.83;-73264.83
2018;La Pampa;Usos de la Tierra, Cambios de Uso de la Tierra y Silvicultura;4(IV). Quema de biomasa;CO2;-2246686.1;-2246686.1
2018;La Rioja;Usos de la Tierra, Cambios de Uso de la Tierra y Silvicultura;4(IV). Quema de biomasa;CO2;-113913.81;-113913.81
2018;Mendoza;Usos de la Tierra, Cambios de Uso de la Tierra y Silvicultura;4(IV). Quema de biomasa;CO2;-49029.73;-49029.73
2018;Misiones;Usos de la Tierra, Cambios de Uso de la Tierra y Silvicultura;4(IV). Quema de biomasa;CO2;-733657.21;-733657.21
2018;Neuquén;Usos de la Tierra, Cambios de Uso de la Tierra y Silvicultura;4(IV). Quema de biomasa;CO2;-37856.92;-37856.92
2018;Río Negro;Usos de la Tierra, Cambios de Uso de la Tierra y Silvicultura;4(IV). Quema de biomasa;CO2;-14012.07;-14012.07
2018;Salta;Usos de la Tierra, Cambios de Uso de la Tierra y Silvicultura;4(IV). Quema de biomasa;CO2;155058.53;155058.53
2018;San Juan;Usos de la Tierra, Cambios de Uso de la Tierra y Silvicultura;4(IV). Quema de biomasa;CO2;-12326.98;-12326.98
2018;San Luis;Usos de la Tierra, Cambios de Uso de la Tierra y Silvicultura;4(IV). Quema de biomasa;CO2;274644.34;274644.34
2018;Santa Cruz;Usos de la Tierra, Cambios de Uso de la Tierra y Silvicultura;4(IV). Quema de biomasa;CO2;-436.71;-436.71
2018;Santa Fe;Usos de la Tierra, Cambios de Uso de la Tierra y Silvicultura;4(IV). Quema de biomasa;CO2;344829.05;344829.05
2018;Santiago del Estero;Usos de la Tierra, Cambios de Uso de la Tierra y Silvicultura;4(IV). Quema de biomasa;CO2;106994.09;106994.09
2018;Tucumán;Usos de la Tierra, Cambios de Uso de la Tierra y Silvicultura;4(IV). Quema de biomasa;CO2;-677871.5;-677871.5
2018;Tierra del Fuego, Antártida e Islas del Atlántico Sur;Usos de la Tierra, Cambios de Uso de la Tierra y Silvicultura;4(IV). Quema de biomasa;CO2;-19373.57;-19373.57
2019;Buenos Aires;Usos de la Tierra, Cambios de Uso de la Tierra y Silvicultura;4B. Tierras de cultivo;CO2;358391.4;358391.4
2019;Catamarca;Usos de la Tierra, Cambios de Uso de la Tierra y Silvicultura;4B. Tierras de cultivo;CO2;30710.85;30710.85
2019;Córdoba;Usos de la Tierra, Cambios de Uso de la Tierra y Silvicultura;4B. Tierras de cultivo;CO2;59447.61;59447.61
2019;Corrientes;Usos de la Tierra, Cambios de Uso de la Tierra y Silvicultura;4B. Tierras de cultivo;CO2;19132.53;19132.53
2019;Chaco;Usos de la Tierra, Cambios de Uso de la Tierra y Silvicultura;4B. Tierras de cultivo;CO2;3111449.11;3111449.11
2019;La Pampa;Usos de la Tierra, Cambios de Uso de la Tierra y Silvicultura;4B. Tierras de cultivo;CO2;458284.92;458284.92
2019;Misiones;Usos de la Tierra, Cambios de Uso de la Tierra y Silvicultura;4B. Tierras de cultivo;CO2;810886.23;810886.23
2019;Salta;Usos de la Tierra, Cambios de Uso de la Tierra y Silvicultura;4B. Tierras de cultivo;CO2;2757174.96;2757174.96
2019;San Luis;Usos de la Tierra, Cambios de Uso de la Tierra y Silvicultura;4B. Tierras de cultivo;CO2;131760.26;131760.26
2019;Santiago del Estero;Usos de la Tierra, Cambios de Uso de la Tierra y Silvicultura;4B. Tierras de cultivo;CO2;4830026.7;4830026.7
2019;Tucumán;Usos de la Tierra, Cambios de Uso de la Tierra y Silvicultura;4B. Tierras de cultivo;CO2;213487.28;213487.28
2019;Catamarca;Usos de la Tierra, Cambios de Uso de la Tierra y Silvicultura;4C. Pastizales;CO2;329578.04;329578.04
2019;Córdoba;Usos de la Tierra, Cambios de Uso de la Tierra y Silvicultura;4C. Pastizales;CO2;70925.36;70925.36
2019;Corrientes;Usos de la Tierra, Cambios de Uso de la Tierra y Silvicultura;4C. Pastizales;CO2;5401.61;5401.61
2019;Chaco;Usos de la Tierra, Cambios de Uso de la Tierra y Silvicultura;4C. Pastizales;CO2;1542329.38;1542329.38
2019;Chubut;Usos de la Tierra, Cambios de Uso de la Tierra y Silvicultura;4C. Pastizales;CO2;590328.23;590328.23
2019;Entre Ríos;Usos de la Tierra, Cambios de Uso de la Tierra y Silvicultura;4C. Pastizales;CO2;764663.1;764663.1
2019;Formosa;Usos de la Tierra, Cambios de Uso de la Tierra y Silvicultura;4C. Pastizales;CO2;6084944.83;6084944.83
2019;Jujuy;Usos de la Tierra, Cambios de Uso de la Tierra y Silvicultura;4C. Pastizales;CO2;609239.82;609239.82
2019;La Pampa;Usos de la Tierra, Cambios de Uso de la Tierra y Silvicultura;4C. Pastizales;CO2;2043724.99;2043724.99
2019;La Rioja;Usos de la Tierra, Cambios de Uso de la Tierra y Silvicultura;4C. Pastizales;CO2;459659.58;459659.58
2019;Misiones;Usos de la Tierra, Cambios de Uso de la Tierra y Silvicultura;4C. Pastizales;CO2;513902.92;513902.92
2019;Neuquén;Usos de la Tierra, Cambios de Uso de la Tierra y Silvicultura;4C. Pastizales;CO2;86365.47;86365.47
2019;Río Negro;Usos de la Tierra, Cambios de Uso de la Tierra y Silvicultura;4C. Pastizales;CO2;42302.76;42302.76
2019;Salta;Usos de la Tierra, Cambios de Uso de la Tierra y Silvicultura;4C. Pastizales;CO2;1883494.99;1883494.99
2019;San Luis;Usos de la Tierra, Cambios de Uso de la Tierra y Silvicultura;4C. Pastizales;CO2;3870176.31;3870176.31
2019;Santa Cruz;Usos de la Tierra, Cambios de Uso de la Tierra y Silvicultura;4C. Pastizales;CO2;50627.53;50627.53
2019;Santa Fe;Usos de la Tierra, Cambios de Uso de la Tierra y Silvicultura;4C. Pastizales;CO2;81338.25;81338.25
2019;Santiago del Estero;Usos de la Tierra, Cambios de Uso de la Tierra y Silvicultura;4C. Pastizales;CO2;2078566.96;2078566.96
2019;Tucumán;Usos de la Tierra, Cambios de Uso de la Tierra y Silvicultura;4C. Pastizales;CO2;17232.9;17232.9
2019;Tierra del Fuego, Antártida e Islas del Atlántico Sur;Usos de la Tierra, Cambios de Uso de la Tierra y Silvicultura;4C. Pastizales;CO2;376255.36;376255.36
2019;Buenos Aires;Usos de la Tierra, Cambios de Uso de la Tierra y Silvicultura;4C. Pastizales;CO2;2405220.22;2405220.22
2019;Mendoza;Usos de la Tierra, Cambios de Uso de la Tierra y Silvicultura;4C. Pastizales;CO2;1.89;1.89
2019;San Juan;Usos de la Tierra, Cambios de Uso de la Tierra y Silvicultura;4C. Pastizales;CO2;3.03;3.03
2019;Entre Ríos;Usos de la Tierra, Cambios de Uso de la Tierra y Silvicultura;4B. Tierras de cultivo;CO2;12221.83;12221.83
2019;Formosa;Usos de la Tierra, Cambios de Uso de la Tierra y Silvicultura;4B. Tierras de cultivo;CO2;164470.08;164470.08
2019;Jujuy;Usos de la Tierra, Cambios de Uso de la Tierra y Silvicultura;4B. Tierras de cultivo;CO2;79.18;79.18
2019;Santa Fe;Usos de la Tierra, Cambios de Uso de la Tierra y Silvicultura;4B. Tierras de cultivo;CO2;-671669.77;-671669.77
2019;Buenos Aires;Usos de la Tierra, Cambios de Uso de la Tierra y Silvicultura;4(IV). Quema de biomasa;CH4;532.47;14909.26
2019;Catamarca;Usos de la Tierra, Cambios de Uso de la Tierra y Silvicultura;4(IV). Quema de biomasa;CH4;45.27;1267.59
2019;Córdoba;Usos de la Tierra, Cambios de Uso de la Tierra y Silvicultura;4(IV). Quema de biomasa;CH4;86.43;2420.02
2019;Corrientes;Usos de la Tierra, Cambios de Uso de la Tierra y Silvicultura;4(IV). Quema de biomasa;CH4;28.02;784.61
2019;Chaco;Usos de la Tierra, Cambios de Uso de la Tierra y Silvicultura;4(IV). Quema de biomasa;CH4;4513.62;126381.45
2019;La Pampa;Usos de la Tierra, Cambios de Uso de la Tierra y Silvicultura;4(IV). Quema de biomasa;CH4;700.98;19627.32
2019;Misiones;Usos de la Tierra, Cambios de Uso de la Tierra y Silvicultura;4(IV). Quema de biomasa;CH4;1204.1;33714.83
2019;Salta;Usos de la Tierra, Cambios de Uso de la Tierra y Silvicultura;4(IV). Quema de biomasa;CH4;4006.87;112192.27
2019;San Luis;Usos de la Tierra, Cambios de Uso de la Tierra y Silvicultura;4(IV). Quema de biomasa;CH4;191.95;5374.67
2019;Santiago del Estero;Usos de la Tierra, Cambios de Uso de la Tierra y Silvicultura;4(IV). Quema de biomasa;CH4;7020.32;196568.95
2019;Tucumán;Usos de la Tierra, Cambios de Uso de la Tierra y Silvicultura;4(IV). Quema de biomasa;CH4;315.22;8826.1
2019;Chubut;Usos de la Tierra, Cambios de Uso de la Tierra y Silvicultura;4(IV). Quema de biomasa;CH4;832.55;23311.49
2019;Entre Ríos;Usos de la Tierra, Cambios de Uso de la Tierra y Silvicultura;4(IV). Quema de biomasa;CH4;1194.06;33433.76
2019;Formosa;Usos de la Tierra, Cambios de Uso de la Tierra y Silvicultura;4(IV). Quema de biomasa;CH4;8749.87;244996.4
2019;Jujuy;Usos de la Tierra, Cambios de Uso de la Tierra y Silvicultura;4(IV). Quema de biomasa;CH4;886.21;24814.01
2019;La Rioja;Usos de la Tierra, Cambios de Uso de la Tierra y Silvicultura;4(IV). Quema de biomasa;CH4;653.16;18288.35
2019;Neuquén;Usos de la Tierra, Cambios de Uso de la Tierra y Silvicultura;4(IV). Quema de biomasa;CH4;120.2;3365.55
2019;Río Negro;Usos de la Tierra, Cambios de Uso de la Tierra y Silvicultura;4(IV). Quema de biomasa;CH4;59.75;1673.12
2019;Santa Cruz;Usos de la Tierra, Cambios de Uso de la Tierra y Silvicultura;4(IV). Quema de biomasa;CH4;71.63;2005.64
2019;Santa Fe;Usos de la Tierra, Cambios de Uso de la Tierra y Silvicultura;4(IV). Quema de biomasa;CH4;119.9;3357.21
2019;Tierra del Fuego, Antártida e Islas del Atlántico Sur;Usos de la Tierra, Cambios de Uso de la Tierra y Silvicultura;4(IV). Quema de biomasa;CH4;537.65;15054.12
2019;Buenos Aires;Usos de la Tierra, Cambios de Uso de la Tierra y Silvicultura;4(IV). Quema de biomasa;N2O;15.66;4150.16
2019;Catamarca;Usos de la Tierra, Cambios de Uso de la Tierra y Silvicultura;4(IV). Quema de biomasa;N2O;1.33;352.85
2019;Córdoba;Usos de la Tierra, Cambios de Uso de la Tierra y Silvicultura;4(IV). Quema de biomasa;N2O;2.54;673.64
2019;Corrientes;Usos de la Tierra, Cambios de Uso de la Tierra y Silvicultura;4(IV). Quema de biomasa;N2O;0.82;218.41
2019;Chaco;Usos de la Tierra, Cambios de Uso de la Tierra y Silvicultura;4(IV). Quema de biomasa;N2O;132.75;35179.71
2019;La Pampa;Usos de la Tierra, Cambios de Uso de la Tierra y Silvicultura;4(IV). Quema de biomasa;N2O;20.62;5463.49
2019;Misiones;Usos de la Tierra, Cambios de Uso de la Tierra y Silvicultura;4(IV). Quema de biomasa;N2O;35.41;9384.91
2019;Salta;Usos de la Tierra, Cambios de Uso de la Tierra y Silvicultura;4(IV). Quema de biomasa;N2O;117.85;31229.99
2019;San Luis;Usos de la Tierra, Cambios de Uso de la Tierra y Silvicultura;4(IV). Quema de biomasa;N2O;5.65;1496.1
2019;Santiago del Estero;Usos de la Tierra, Cambios de Uso de la Tierra y Silvicultura;4(IV). Quema de biomasa;N2O;206.48;54717.2
2019;Tucumán;Usos de la Tierra, Cambios de Uso de la Tierra y Silvicultura;4(IV). Quema de biomasa;N2O;9.27;2456.85
2019;Chubut;Usos de la Tierra, Cambios de Uso de la Tierra y Silvicultura;4(IV). Quema de biomasa;N2O;24.49;6489.02
2019;Entre Ríos;Usos de la Tierra, Cambios de Uso de la Tierra y Silvicultura;4(IV). Quema de biomasa;N2O;35.12;9306.67
2019;Formosa;Usos de la Tierra, Cambios de Uso de la Tierra y Silvicultura;4(IV). Quema de biomasa;N2O;257.35;68197.53
2019;Jujuy;Usos de la Tierra, Cambios de Uso de la Tierra y Silvicultura;4(IV). Quema de biomasa;N2O;26.07;6907.26
2019;La Rioja;Usos de la Tierra, Cambios de Uso de la Tierra y Silvicultura;4(IV). Quema de biomasa;N2O;19.21;5090.77
2019;Neuquén;Usos de la Tierra, Cambios de Uso de la Tierra y Silvicultura;4(IV). Quema de biomasa;N2O;3.54;936.84
2019;Río Negro;Usos de la Tierra, Cambios de Uso de la Tierra y Silvicultura;4(IV). Quema de biomasa;N2O;1.76;465.73
2019;Santa Cruz;Usos de la Tierra, Cambios de Uso de la Tierra y Silvicultura;4(IV). Quema de biomasa;N2O;2.11;558.29
2019;Santa Fe;Usos de la Tierra, Cambios de Uso de la Tierra y Silvicultura;4(IV). Quema de biomasa;N2O;3.53;934.52
2019;Tierra del Fuego, Antártida e Islas del Atlántico Sur;Usos de la Tierra, Cambios de Uso de la Tierra y Silvicultura;4(IV). Quema de biomasa;N2O;15.81;4190.48
2019;Buenos Aires;Usos de la Tierra, Cambios de Uso de la Tierra y Silvicultura;4(IV). Quema de biomasa;CO2;-2182395.29;-2182395.29
2019;Catamarca;Usos de la Tierra, Cambios de Uso de la Tierra y Silvicultura;4(IV). Quema de biomasa;CO2;-174737.92;-174737.92
2019;Córdoba;Usos de la Tierra, Cambios de Uso de la Tierra y Silvicultura;4(IV). Quema de biomasa;CO2;1668803.47;1668803.47
2019;Corrientes;Usos de la Tierra, Cambios de Uso de la Tierra y Silvicultura;4(IV). Quema de biomasa;CO2;-353639.17;-353639.17
2019;Chaco;Usos de la Tierra, Cambios de Uso de la Tierra y Silvicultura;4(IV). Quema de biomasa;CO2;-1543006.5;-1543006.5
2019;Chubut;Usos de la Tierra, Cambios de Uso de la Tierra y Silvicultura;4(IV). Quema de biomasa;CO2;-57743.42;-57743.42
2019;Entre Ríos;Usos de la Tierra, Cambios de Uso de la Tierra y Silvicultura;4(IV). Quema de biomasa;CO2;-32435.74;-32435.74
2019;Formosa;Usos de la Tierra, Cambios de Uso de la Tierra y Silvicultura;4(IV). Quema de biomasa;CO2;-458912.62;-458912.62
2019;Jujuy;Usos de la Tierra, Cambios de Uso de la Tierra y Silvicultura;4(IV). Quema de biomasa;CO2;-112448.61;-112448.61
2019;La Pampa;Usos de la Tierra, Cambios de Uso de la Tierra y Silvicultura;4(IV). Quema de biomasa;CO2;-1651447.43;-1651447.43
2019;La Rioja;Usos de la Tierra, Cambios de Uso de la Tierra y Silvicultura;4(IV). Quema de biomasa;CO2;-110199.95;-110199.95
2019;Mendoza;Usos de la Tierra, Cambios de Uso de la Tierra y Silvicultura;4(IV). Quema de biomasa;CO2;-55928.08;-55928.08
2019;Misiones;Usos de la Tierra, Cambios de Uso de la Tierra y Silvicultura;4(IV). Quema de biomasa;CO2;-706714.41;-706714.41
2019;Neuquén;Usos de la Tierra, Cambios de Uso de la Tierra y Silvicultura;4(IV). Quema de biomasa;CO2;-41128.96;-41128.96
2019;Río Negro;Usos de la Tierra, Cambios de Uso de la Tierra y Silvicultura;4(IV). Quema de biomasa;CO2;-19643.58;-19643.58
2019;Salta;Usos de la Tierra, Cambios de Uso de la Tierra y Silvicultura;4(IV). Quema de biomasa;CO2;-1167.96;-1167.96
2019;San Juan;Usos de la Tierra, Cambios de Uso de la Tierra y Silvicultura;4(IV). Quema de biomasa;CO2;-18499.47;-18499.47
2019;San Luis;Usos de la Tierra, Cambios de Uso de la Tierra y Silvicultura;4(IV). Quema de biomasa;CO2;239935.11;239935.11
2019;Santa Cruz;Usos de la Tierra, Cambios de Uso de la Tierra y Silvicultura;4(IV). Quema de biomasa;CO2;-791.44;-791.44
2019;Santa Fe;Usos de la Tierra, Cambios de Uso de la Tierra y Silvicultura;4(IV). Quema de biomasa;CO2;-418100.0;-418100.0
2019;Santiago del Estero;Usos de la Tierra, Cambios de Uso de la Tierra y Silvicultura;4(IV). Quema de biomasa;CO2;916998.75;916998.75
2019;Tucumán;Usos de la Tierra, Cambios de Uso de la Tierra y Silvicultura;4(IV). Quema de biomasa;CO2;-357917.75;-357917.75
2019;Tierra del Fuego, Antártida e Islas del Atlántico Sur;Usos de la Tierra, Cambios de Uso de la Tierra y Silvicultura;4(IV). Quema de biomasa;CO2;-20075.66;-20075.66
2020;Buenos Aires;Usos de la Tierra, Cambios de Uso de la Tierra y Silvicultura;4B. Tierras de cultivo;CO2;159606.37;159606.37
2020;Córdoba;Usos de la Tierra, Cambios de Uso de la Tierra y Silvicultura;4B. Tierras de cultivo;CO2;335215.73;335215.73
2020;Corrientes;Usos de la Tierra, Cambios de Uso de la Tierra y Silvicultura;4B. Tierras de cultivo;CO2;82743.36;82743.36
2020;Chaco;Usos de la Tierra, Cambios de Uso de la Tierra y Silvicultura;4B. Tierras de cultivo;CO2;1619756.25;1619756.25
2020;Entre Ríos;Usos de la Tierra, Cambios de Uso de la Tierra y Silvicultura;4B. Tierras de cultivo;CO2;274426.05;274426.05
2020;Jujuy;Usos de la Tierra, Cambios de Uso de la Tierra y Silvicultura;4B. Tierras de cultivo;CO2;451679.07;451679.07
2020;La Pampa;Usos de la Tierra, Cambios de Uso de la Tierra y Silvicultura;4B. Tierras de cultivo;CO2;71231.1;71231.1
2020;Misiones;Usos de la Tierra, Cambios de Uso de la Tierra y Silvicultura;4B. Tierras de cultivo;CO2;1772392.71;1772392.71
2020;Salta;Usos de la Tierra, Cambios de Uso de la Tierra y Silvicultura;4B. Tierras de cultivo;CO2;9042563.97;9042563.97
2020;San Luis;Usos de la Tierra, Cambios de Uso de la Tierra y Silvicultura;4B. Tierras de cultivo;CO2;3383166.37;3383166.37
2020;Santa Fe;Usos de la Tierra, Cambios de Uso de la Tierra y Silvicultura;4B. Tierras de cultivo;CO2;140224.0;140224.0
2020;Santiago del Estero;Usos de la Tierra, Cambios de Uso de la Tierra y Silvicultura;4B. Tierras de cultivo;CO2;6936494.25;6936494.25
2020;Tucumán;Usos de la Tierra, Cambios de Uso de la Tierra y Silvicultura;4B. Tierras de cultivo;CO2;43983.12;43983.12
2020;Buenos Aires;Usos de la Tierra, Cambios de Uso de la Tierra y Silvicultura;4C. Pastizales;CO2;15547.05;15547.05
2020;Catamarca;Usos de la Tierra, Cambios de Uso de la Tierra y Silvicultura;4C. Pastizales;CO2;1431424.69;1431424.69
2020;Córdoba;Usos de la Tierra, Cambios de Uso de la Tierra y Silvicultura;4C. Pastizales;CO2;11048751.66;11048751.66
2020;Corrientes;Usos de la Tierra, Cambios de Uso de la Tierra y Silvicultura;4C. Pastizales;CO2;167558.03;167558.03
2020;Chaco;Usos de la Tierra, Cambios de Uso de la Tierra y Silvicultura;4C. Pastizales;CO2;7440309.72;7440309.72
2020;Chubut;Usos de la Tierra, Cambios de Uso de la Tierra y Silvicultura;4C. Pastizales;CO2;76284.28;76284.28
2020;Entre Ríos;Usos de la Tierra, Cambios de Uso de la Tierra y Silvicultura;4C. Pastizales;CO2;471569.52;471569.52
2020;Formosa;Usos de la Tierra, Cambios de Uso de la Tierra y Silvicultura;4C. Pastizales;CO2;11225682.83;11225682.83
2020;Jujuy;Usos de la Tierra, Cambios de Uso de la Tierra y Silvicultura;4C. Pastizales;CO2;10251721.58;10251721.58
2020;La Pampa;Usos de la Tierra, Cambios de Uso de la Tierra y Silvicultura;4C. Pastizales;CO2;921005.17;921005.17
2020;La Rioja;Usos de la Tierra, Cambios de Uso de la Tierra y Silvicultura;4C. Pastizales;CO2;535433.65;535433.65
2020;Misiones;Usos de la Tierra, Cambios de Uso de la Tierra y Silvicultura;4C. Pastizales;CO2;1246953.61;1246953.61
2020;Neuquén;Usos de la Tierra, Cambios de Uso de la Tierra y Silvicultura;4C. Pastizales;CO2;300396.46;300396.46
2020;Río Negro;Usos de la Tierra, Cambios de Uso de la Tierra y Silvicultura;4C. Pastizales;CO2;22677.76;22677.76
2020;Salta;Usos de la Tierra, Cambios de Uso de la Tierra y Silvicultura;4C. Pastizales;CO2;11008838.62;11008838.62
2020;San Juan;Usos de la Tierra, Cambios de Uso de la Tierra y Silvicultura;4C. Pastizales;CO2;2421.8;2421.8
2020;San Luis;Usos de la Tierra, Cambios de Uso de la Tierra y Silvicultura;4C. Pastizales;CO2;1020550.42;1020550.42
2020;Santa Cruz;Usos de la Tierra, Cambios de Uso de la Tierra y Silvicultura;4C. Pastizales;CO2;36010.65;36010.65
2020;Santa Fe;Usos de la Tierra, Cambios de Uso de la Tierra y Silvicultura;4C. Pastizales;CO2;241881.24;241881.24
2020;Santiago del Estero;Usos de la Tierra, Cambios de Uso de la Tierra y Silvicultura;4C. Pastizales;CO2;4237844.69;4237844.69
2020;Tucumán;Usos de la Tierra, Cambios de Uso de la Tierra y Silvicultura;4C. Pastizales;CO2;605301.07;605301.07
2020;Tierra del Fuego, Antártida e Islas del Atlántico Sur;Usos de la Tierra, Cambios de Uso de la Tierra y Silvicultura;4C. Pastizales;CO2;157409.9;157409.9
2020;Buenos Aires;Usos de la Tierra, Cambios de Uso de la Tierra y Silvicultura;4(IV). Quema de biomasa;CH4;240.56;6735.72
2020;Córdoba;Usos de la Tierra, Cambios de Uso de la Tierra y Silvicultura;4(IV). Quema de biomasa;CH4;499.14;13975.9
2020;Corrientes;Usos de la Tierra, Cambios de Uso de la Tierra y Silvicultura;4(IV). Quema de biomasa;CH4;123.21;3449.84
2020;Chaco;Usos de la Tierra, Cambios de Uso de la Tierra y Silvicultura;4(IV). Quema de biomasa;CH4;2355.84;65963.44
2020;Entre Ríos;Usos de la Tierra, Cambios de Uso de la Tierra y Silvicultura;4(IV). Quema de biomasa;CH4;418.37;11714.25
2020;Jujuy;Usos de la Tierra, Cambios de Uso de la Tierra y Silvicultura;4(IV). Quema de biomasa;CH4;674.52;18886.45
2020;La Pampa;Usos de la Tierra, Cambios de Uso de la Tierra y Silvicultura;4(IV). Quema de biomasa;CH4;108.93;3050.04
2020;Misiones;Usos de la Tierra, Cambios de Uso de la Tierra y Silvicultura;4(IV). Quema de biomasa;CH4;2629.47;73625.04
2020;Salta;Usos de la Tierra, Cambios de Uso de la Tierra y Silvicultura;4(IV). Quema de biomasa;CH4;13418.0;375704.1
2020;San Luis;Usos de la Tierra, Cambios de Uso de la Tierra y Silvicultura;4(IV). Quema de biomasa;CH4;5049.9;141397.16
2020;Santa Fe;Usos de la Tierra, Cambios de Uso de la Tierra y Silvicultura;4(IV). Quema de biomasa;CH4;207.34;5805.44
2020;Santiago del Estero;Usos de la Tierra, Cambios de Uso de la Tierra y Silvicultura;4(IV). Quema de biomasa;CH4;10083.21;282329.81
2020;Tucumán;Usos de la Tierra, Cambios de Uso de la Tierra y Silvicultura;4(IV). Quema de biomasa;CH4;64.89;1816.93
2020;Catamarca;Usos de la Tierra, Cambios de Uso de la Tierra y Silvicultura;4(IV). Quema de biomasa;CH4;2032.22;56902.22
2020;Chubut;Usos de la Tierra, Cambios de Uso de la Tierra y Silvicultura;4(IV). Quema de biomasa;CH4;105.85;2963.8
2020;Formosa;Usos de la Tierra, Cambios de Uso de la Tierra y Silvicultura;4(IV). Quema de biomasa;CH4;16183.23;453130.37
2020;La Rioja;Usos de la Tierra, Cambios de Uso de la Tierra y Silvicultura;4(IV). Quema de biomasa;CH4;763.89;21388.96
2020;Neuquén;Usos de la Tierra, Cambios de Uso de la Tierra y Silvicultura;4(IV). Quema de biomasa;CH4;412.83;11559.29
2020;Río Negro;Usos de la Tierra, Cambios de Uso de la Tierra y Silvicultura;4(IV). Quema de biomasa;CH4;32.26;903.35
2020;San Juan;Usos de la Tierra, Cambios de Uso de la Tierra y Silvicultura;4(IV). Quema de biomasa;CH4;3.43;95.91
2020;Santa Cruz;Usos de la Tierra, Cambios de Uso de la Tierra y Silvicultura;4(IV). Quema de biomasa;CH4;50.11;1403.19
2020;Tierra del Fuego, Antártida e Islas del Atlántico Sur;Usos de la Tierra, Cambios de Uso de la Tierra y Silvicultura;4(IV). Quema de biomasa;CH4;224.93;6298.02
2020;Buenos Aires;Usos de la Tierra, Cambios de Uso de la Tierra y Silvicultura;4(IV). Quema de biomasa;N2O;7.08;1874.97
2020;Córdoba;Usos de la Tierra, Cambios de Uso de la Tierra y Silvicultura;4(IV). Quema de biomasa;N2O;14.68;3890.35
2020;Corrientes;Usos de la Tierra, Cambios de Uso de la Tierra y Silvicultura;4(IV). Quema de biomasa;N2O;3.62;960.3
2020;Chaco;Usos de la Tierra, Cambios de Uso de la Tierra y Silvicultura;4(IV). Quema de biomasa;N2O;69.29;18361.67
2020;Entre Ríos;Usos de la Tierra, Cambios de Uso de la Tierra y Silvicultura;4(IV). Quema de biomasa;N2O;12.3;3260.79
2020;Jujuy;Usos de la Tierra, Cambios de Uso de la Tierra y Silvicultura;4(IV). Quema de biomasa;N2O;19.84;5257.26
2020;La Pampa;Usos de la Tierra, Cambios de Uso de la Tierra y Silvicultura;4(IV). Quema de biomasa;N2O;3.2;849.01
2020;Misiones;Usos de la Tierra, Cambios de Uso de la Tierra y Silvicultura;4(IV). Quema de biomasa;N2O;77.34;20494.36
2020;Salta;Usos de la Tierra, Cambios de Uso de la Tierra y Silvicultura;4(IV). Quema de biomasa;N2O;394.65;104581.5
2020;San Luis;Usos de la Tierra, Cambios de Uso de la Tierra y Silvicultura;4(IV). Quema de biomasa;N2O;148.53;39359.5
2020;Santa Fe;Usos de la Tierra, Cambios de Uso de la Tierra y Silvicultura;4(IV). Quema de biomasa;N2O;6.1;1616.01
2020;Santiago del Estero;Usos de la Tierra, Cambios de Uso de la Tierra y Silvicultura;4(IV). Quema de biomasa;N2O;296.56;78589.71
2020;Tucumán;Usos de la Tierra, Cambios de Uso de la Tierra y Silvicultura;4(IV). Quema de biomasa;N2O;1.91;505.76
2020;Catamarca;Usos de la Tierra, Cambios de Uso de la Tierra y Silvicultura;4(IV). Quema de biomasa;N2O;59.77;15839.38
2020;Chubut;Usos de la Tierra, Cambios de Uso de la Tierra y Silvicultura;4(IV). Quema de biomasa;N2O;3.11;825.01
2020;Formosa;Usos de la Tierra, Cambios de Uso de la Tierra y Silvicultura;4(IV). Quema de biomasa;N2O;475.98;126133.98
2020;La Rioja;Usos de la Tierra, Cambios de Uso de la Tierra y Silvicultura;4(IV). Quema de biomasa;N2O;22.47;5953.86
2020;Neuquén;Usos de la Tierra, Cambios de Uso de la Tierra y Silvicultura;4(IV). Quema de biomasa;N2O;12.14;3217.66
2020;Río Negro;Usos de la Tierra, Cambios de Uso de la Tierra y Silvicultura;4(IV). Quema de biomasa;N2O;0.95;251.46
2020;San Juan;Usos de la Tierra, Cambios de Uso de la Tierra y Silvicultura;4(IV). Quema de biomasa;N2O;0.1;26.7
2020;Santa Cruz;Usos de la Tierra, Cambios de Uso de la Tierra y Silvicultura;4(IV). Quema de biomasa;N2O;1.47;390.59
2020;Tierra del Fuego, Antártida e Islas del Atlántico Sur;Usos de la Tierra, Cambios de Uso de la Tierra y Silvicultura;4(IV). Quema de biomasa;N2O;6.62;1753.13
2020;Buenos Aires;Usos de la Tierra, Cambios de Uso de la Tierra y Silvicultura;4(IV). Quema de biomasa;CO2;-2190251.01;-2190251.01
2020;Catamarca;Usos de la Tierra, Cambios de Uso de la Tierra y Silvicultura;4(IV). Quema de biomasa;CO2;-158895.37;-158895.37
2020;Córdoba;Usos de la Tierra, Cambios de Uso de la Tierra y Silvicultura;4(IV). Quema de biomasa;CO2;1863717.15;1863717.15
2020;Corrientes;Usos de la Tierra, Cambios de Uso de la Tierra y Silvicultura;4(IV). Quema de biomasa;CO2;-146738.97;-146738.97
2020;Chaco;Usos de la Tierra, Cambios de Uso de la Tierra y Silvicultura;4(IV). Quema de biomasa;CO2;-938744.8;-938744.8
2020;Chubut;Usos de la Tierra, Cambios de Uso de la Tierra y Silvicultura;4(IV). Quema de biomasa;CO2;-57939.27;-57939.27
2020;Entre Ríos;Usos de la Tierra, Cambios de Uso de la Tierra y Silvicultura;4(IV). Quema de biomasa;CO2;547551.66;547551.66
2020;Formosa;Usos de la Tierra, Cambios de Uso de la Tierra y Silvicultura;4(IV). Quema de biomasa;CO2;-429973.76;-429973.76
2020;Jujuy;Usos de la Tierra, Cambios de Uso de la Tierra y Silvicultura;4(IV). Quema de biomasa;CO2;-96590.15;-96590.15
2020;La Pampa;Usos de la Tierra, Cambios de Uso de la Tierra y Silvicultura;4(IV). Quema de biomasa;CO2;-1265145.08;-1265145.08
2020;La Rioja;Usos de la Tierra, Cambios de Uso de la Tierra y Silvicultura;4(IV). Quema de biomasa;CO2;-103567.85;-103567.85
2020;Mendoza;Usos de la Tierra, Cambios de Uso de la Tierra y Silvicultura;4(IV). Quema de biomasa;CO2;-49319.31;-49319.31
2020;Misiones;Usos de la Tierra, Cambios de Uso de la Tierra y Silvicultura;4(IV). Quema de biomasa;CO2;-570605.32;-570605.32
2020;Neuquén;Usos de la Tierra, Cambios de Uso de la Tierra y Silvicultura;4(IV). Quema de biomasa;CO2;-41503.47;-41503.47
2020;Río Negro;Usos de la Tierra, Cambios de Uso de la Tierra y Silvicultura;4(IV). Quema de biomasa;CO2;-18543.51;-18543.51
2020;Salta;Usos de la Tierra, Cambios de Uso de la Tierra y Silvicultura;4(IV). Quema de biomasa;CO2;524006.9;524006.9
2020;San Juan;Usos de la Tierra, Cambios de Uso de la Tierra y Silvicultura;4(IV). Quema de biomasa;CO2;-16454.61;-16454.61
2020;San Luis;Usos de la Tierra, Cambios de Uso de la Tierra y Silvicultura;4(IV). Quema de biomasa;CO2;239524.27;239524.27
2020;Santa Cruz;Usos de la Tierra, Cambios de Uso de la Tierra y Silvicultura;4(IV). Quema de biomasa;CO2;-860.79;-860.79
2020;Santa Fe;Usos de la Tierra, Cambios de Uso de la Tierra y Silvicultura;4(IV). Quema de biomasa;CO2;-607304.67;-607304.67
2020;Santiago del Estero;Usos de la Tierra, Cambios de Uso de la Tierra y Silvicultura;4(IV). Quema de biomasa;CO2;1077790.95;1077790.95
2020;Tucumán;Usos de la Tierra, Cambios de Uso de la Tierra y Silvicultura;4(IV). Quema de biomasa;CO2;-503527.7;-503527.7
2020;Tierra del Fuego, Antártida e Islas del Atlántico Sur;Usos de la Tierra, Cambios de Uso de la Tierra y Silvicultura;4(IV). Quema de biomasa;CO2;-20360.93;-20360.93
2021;Buenos Aires;Usos de la Tierra, Cambios de Uso de la Tierra y Silvicultura;4B. Tierras de cultivo;CO2;24510.15;24510.15
2021;Catamarca;Usos de la Tierra, Cambios de Uso de la Tierra y Silvicultura;4B. Tierras de cultivo;CO2;102933.0;102933.0
2021;Córdoba;Usos de la Tierra, Cambios de Uso de la Tierra y Silvicultura;4B. Tierras de cultivo;CO2;896257.48;896257.48
2021;Corrientes;Usos de la Tierra, Cambios de Uso de la Tierra y Silvicultura;4B. Tierras de cultivo;CO2;116984.41;116984.41
2021;Chaco;Usos de la Tierra, Cambios de Uso de la Tierra y Silvicultura;4B. Tierras de cultivo;CO2;5377792.33;5377792.33
2021;Entre Ríos;Usos de la Tierra, Cambios de Uso de la Tierra y Silvicultura;4B. Tierras de cultivo;CO2;1684350.02;1684350.02
2021;Formosa;Usos de la Tierra, Cambios de Uso de la Tierra y Silvicultura;4B. Tierras de cultivo;CO2;593255.99;593255.99
2021;Jujuy;Usos de la Tierra, Cambios de Uso de la Tierra y Silvicultura;4B. Tierras de cultivo;CO2;1418258.19;1418258.19
2021;La Pampa;Usos de la Tierra, Cambios de Uso de la Tierra y Silvicultura;4B. Tierras de cultivo;CO2;308253.72;308253.72
2021;Salta;Usos de la Tierra, Cambios de Uso de la Tierra y Silvicultura;4B. Tierras de cultivo;CO2;3701017.03;3701017.03
2021;San Luis;Usos de la Tierra, Cambios de Uso de la Tierra y Silvicultura;4B. Tierras de cultivo;CO2;1678454.73;1678454.73
2021;Santa Fe;Usos de la Tierra, Cambios de Uso de la Tierra y Silvicultura;4B. Tierras de cultivo;CO2;357027.37;357027.37
2021;Santiago del Estero;Usos de la Tierra, Cambios de Uso de la Tierra y Silvicultura;4B. Tierras de cultivo;CO2;10216844.59;10216844.59
2021;Tucumán;Usos de la Tierra, Cambios de Uso de la Tierra y Silvicultura;4B. Tierras de cultivo;CO2;391872.92;391872.92
2021;Buenos Aires;Usos de la Tierra, Cambios de Uso de la Tierra y Silvicultura;4C. Pastizales;CO2;116652.08;116652.08
2021;Catamarca;Usos de la Tierra, Cambios de Uso de la Tierra y Silvicultura;4C. Pastizales;CO2;185437.98;185437.98
2021;Córdoba;Usos de la Tierra, Cambios de Uso de la Tierra y Silvicultura;4C. Pastizales;CO2;302669.85;302669.85
2021;Corrientes;Usos de la Tierra, Cambios de Uso de la Tierra y Silvicultura;4C. Pastizales;CO2;104587.7;104587.7
2021;Chaco;Usos de la Tierra, Cambios de Uso de la Tierra y Silvicultura;4C. Pastizales;CO2;877065.86;877065.86
2021;Chubut;Usos de la Tierra, Cambios de Uso de la Tierra y Silvicultura;4C. Pastizales;CO2;9326858.24;9326858.24
2021;Entre Ríos;Usos de la Tierra, Cambios de Uso de la Tierra y Silvicultura;4C. Pastizales;CO2;254236.67;254236.67
2021;Formosa;Usos de la Tierra, Cambios de Uso de la Tierra y Silvicultura;4C. Pastizales;CO2;8138966.15;8138966.15
2021;La Pampa;Usos de la Tierra, Cambios de Uso de la Tierra y Silvicultura;4C. Pastizales;CO2;118596.41;118596.41
2021;La Rioja;Usos de la Tierra, Cambios de Uso de la Tierra y Silvicultura;4C. Pastizales;CO2;1059697.92;1059697.92
2021;Misiones;Usos de la Tierra, Cambios de Uso de la Tierra y Silvicultura;4C. Pastizales;CO2;1575096.44;1575096.44
2021;Neuquén;Usos de la Tierra, Cambios de Uso de la Tierra y Silvicultura;4C. Pastizales;CO2;1820569.64;1820569.64
2021;Río Negro;Usos de la Tierra, Cambios de Uso de la Tierra y Silvicultura;4C. Pastizales;CO2;8191318.51;8191318.51
2021;Salta;Usos de la Tierra, Cambios de Uso de la Tierra y Silvicultura;4C. Pastizales;CO2;312014.1;312014.1
2021;San Juan;Usos de la Tierra, Cambios de Uso de la Tierra y Silvicultura;4C. Pastizales;CO2;8547.51;8547.51
2021;San Luis;Usos de la Tierra, Cambios de Uso de la Tierra y Silvicultura;4C. Pastizales;CO2;236810.7;236810.7
2021;Santa Cruz;Usos de la Tierra, Cambios de Uso de la Tierra y Silvicultura;4C. Pastizales;CO2;9480.98;9480.98
2021;Santa Fe;Usos de la Tierra, Cambios de Uso de la Tierra y Silvicultura;4C. Pastizales;CO2;353485.84;353485.84
2021;Santiago del Estero;Usos de la Tierra, Cambios de Uso de la Tierra y Silvicultura;4C. Pastizales;CO2;4893521.43;4893521.43
2021;Tierra del Fuego, Antártida e Islas del Atlántico Sur;Usos de la Tierra, Cambios de Uso de la Tierra y Silvicultura;4C. Pastizales;CO2;199280.89;199280.89
2021;Misiones;Usos de la Tierra, Cambios de Uso de la Tierra y Silvicultura;4B. Tierras de cultivo;CO2;129.53;129.53
2021;Buenos Aires;Usos de la Tierra, Cambios de Uso de la Tierra y Silvicultura;4(IV). Quema de biomasa;CH4;37.52;1050.62
2021;Catamarca;Usos de la Tierra, Cambios de Uso de la Tierra y Silvicultura;4(IV). Quema de biomasa;CH4;153.36;4294.21
2021;Córdoba;Usos de la Tierra, Cambios de Uso de la Tierra y Silvicultura;4(IV). Quema de biomasa;CH4;1306.03;36568.97
2021;Corrientes;Usos de la Tierra, Cambios de Uso de la Tierra y Silvicultura;4(IV). Quema de biomasa;CH4;178.16;4988.36
2021;Chaco;Usos de la Tierra, Cambios de Uso de la Tierra y Silvicultura;4(IV). Quema de biomasa;CH4;7814.06;218793.7
2021;Entre Ríos;Usos de la Tierra, Cambios de Uso de la Tierra y Silvicultura;4(IV). Quema de biomasa;CH4;2570.53;71974.74
2021;Formosa;Usos de la Tierra, Cambios de Uso de la Tierra y Silvicultura;4(IV). Quema de biomasa;CH4;862.1;24138.91
2021;Jujuy;Usos de la Tierra, Cambios de Uso de la Tierra y Silvicultura;4(IV). Quema de biomasa;CH4;2115.07;59222.09
2021;La Pampa;Usos de la Tierra, Cambios de Uso de la Tierra y Silvicultura;4(IV). Quema de biomasa;CH4;471.9;13213.24
2021;Salta;Usos de la Tierra, Cambios de Uso de la Tierra y Silvicultura;4(IV). Quema de biomasa;CH4;5406.8;151390.29
2021;San Luis;Usos de la Tierra, Cambios de Uso de la Tierra y Silvicultura;4(IV). Quema de biomasa;CH4;2522.29;70624.04
2021;Santa Fe;Usos de la Tierra, Cambios de Uso de la Tierra y Silvicultura;4(IV). Quema de biomasa;CH4;524.64;14689.84
2021;Santiago del Estero;Usos de la Tierra, Cambios de Uso de la Tierra y Silvicultura;4(IV). Quema de biomasa;CH4;14859.39;416062.97
2021;Tucumán;Usos de la Tierra, Cambios de Uso de la Tierra y Silvicultura;4(IV). Quema de biomasa;CH4;579.21;16217.85
2021;Chubut;Usos de la Tierra, Cambios de Uso de la Tierra y Silvicultura;4(IV). Quema de biomasa;CH4;13158.16;368428.39
2021;La Rioja;Usos de la Tierra, Cambios de Uso de la Tierra y Silvicultura;4(IV). Quema de biomasa;CH4;1523.03;42644.82
2021;Misiones;Usos de la Tierra, Cambios de Uso de la Tierra y Silvicultura;4(IV). Quema de biomasa;CH4;2383.86;66747.94
2021;Neuquén;Usos de la Tierra, Cambios de Uso de la Tierra y Silvicultura;4(IV). Quema de biomasa;CH4;2594.16;72636.37
2021;Río Negro;Usos de la Tierra, Cambios de Uso de la Tierra y Silvicultura;4(IV). Quema de biomasa;CH4;11686.12;327211.33
2021;San Juan;Usos de la Tierra, Cambios de Uso de la Tierra y Silvicultura;4(IV). Quema de biomasa;CH4;12.09;338.5
2021;Santa Cruz;Usos de la Tierra, Cambios de Uso de la Tierra y Silvicultura;4(IV). Quema de biomasa;CH4;13.05;365.5
2021;Tierra del Fuego, Antártida e Islas del Atlántico Sur;Usos de la Tierra, Cambios de Uso de la Tierra y Silvicultura;4(IV). Quema de biomasa;CH4;284.77;7973.66
2021;Buenos Aires;Usos de la Tierra, Cambios de Uso de la Tierra y Silvicultura;4(IV). Quema de biomasa;N2O;1.1;292.45
2021;Catamarca;Usos de la Tierra, Cambios de Uso de la Tierra y Silvicultura;4(IV). Quema de biomasa;N2O;4.51;1195.34
2021;Córdoba;Usos de la Tierra, Cambios de Uso de la Tierra y Silvicultura;4(IV). Quema de biomasa;N2O;38.41;10179.39
2021;Corrientes;Usos de la Tierra, Cambios de Uso de la Tierra y Silvicultura;4(IV). Quema de biomasa;N2O;5.24;1388.57
2021;Chaco;Usos de la Tierra, Cambios de Uso de la Tierra y Silvicultura;4(IV). Quema de biomasa;N2O;229.83;60903.71
2021;Entre Ríos;Usos de la Tierra, Cambios de Uso de la Tierra y Silvicultura;4(IV). Quema de biomasa;N2O;75.6;20034.99
2021;Formosa;Usos de la Tierra, Cambios de Uso de la Tierra y Silvicultura;4(IV). Quema de biomasa;N2O;25.36;6719.34
2021;Jujuy;Usos de la Tierra, Cambios de Uso de la Tierra y Silvicultura;4(IV). Quema de biomasa;N2O;62.21;16485.14
2021;La Pampa;Usos de la Tierra, Cambios de Uso de la Tierra y Silvicultura;4(IV). Quema de biomasa;N2O;13.88;3678.05
2021;Salta;Usos de la Tierra, Cambios de Uso de la Tierra y Silvicultura;4(IV). Quema de biomasa;N2O;159.02;42141.21
2021;San Luis;Usos de la Tierra, Cambios de Uso de la Tierra y Silvicultura;4(IV). Quema de biomasa;N2O;74.18;19659.0
2021;Santa Fe;Usos de la Tierra, Cambios de Uso de la Tierra y Silvicultura;4(IV). Quema de biomasa;N2O;15.43;4089.08
2021;Santiago del Estero;Usos de la Tierra, Cambios de Uso de la Tierra y Silvicultura;4(IV). Quema de biomasa;N2O;437.04;115815.85
2021;Tucumán;Usos de la Tierra, Cambios de Uso de la Tierra y Silvicultura;4(IV). Quema de biomasa;N2O;17.04;4514.42
2021;Chubut;Usos de la Tierra, Cambios de Uso de la Tierra y Silvicultura;4(IV). Quema de biomasa;N2O;387.0;102556.22
2021;La Rioja;Usos de la Tierra, Cambios de Uso de la Tierra y Silvicultura;4(IV). Quema de biomasa;N2O;44.79;11870.67
2021;Misiones;Usos de la Tierra, Cambios de Uso de la Tierra y Silvicultura;4(IV). Quema de biomasa;N2O;70.11;18580.05
2021;Neuquén;Usos de la Tierra, Cambios de Uso de la Tierra y Silvicultura;4(IV). Quema de biomasa;N2O;76.3;20219.16
2021;Río Negro;Usos de la Tierra, Cambios de Uso de la Tierra y Silvicultura;4(IV). Quema de biomasa;N2O;343.71;91082.99
2021;San Juan;Usos de la Tierra, Cambios de Uso de la Tierra y Silvicultura;4(IV). Quema de biomasa;N2O;0.36;94.22
2021;Santa Cruz;Usos de la Tierra, Cambios de Uso de la Tierra y Silvicultura;4(IV). Quema de biomasa;N2O;0.38;101.74
2021;Tierra del Fuego, Antártida e Islas del Atlántico Sur;Usos de la Tierra, Cambios de Uso de la Tierra y Silvicultura;4(IV). Quema de biomasa;N2O;8.38;2219.56
2021;Buenos Aires;Usos de la Tierra, Cambios de Uso de la Tierra y Silvicultura;4(IV). Quema de biomasa;CO2;620381.68;620381.68
2021;Catamarca;Usos de la Tierra, Cambios de Uso de la Tierra y Silvicultura;4(IV). Quema de biomasa;CO2;-71561.25;-71561.25
2021;Córdoba;Usos de la Tierra, Cambios de Uso de la Tierra y Silvicultura;4(IV). Quema de biomasa;CO2;1586539.09;1586539.09
2021;Corrientes;Usos de la Tierra, Cambios de Uso de la Tierra y Silvicultura;4(IV). Quema de biomasa;CO2;-154089.21;-154089.21
2021;Chaco;Usos de la Tierra, Cambios de Uso de la Tierra y Silvicultura;4(IV). Quema de biomasa;CO2;-734590.54;-734590.54
2021;Chubut;Usos de la Tierra, Cambios de Uso de la Tierra y Silvicultura;4(IV). Quema de biomasa;CO2;-66014.33;-66014.33
2021;Entre Ríos;Usos de la Tierra, Cambios de Uso de la Tierra y Silvicultura;4(IV). Quema de biomasa;CO2;368106.97;368106.97
2021;Formosa;Usos de la Tierra, Cambios de Uso de la Tierra y Silvicultura;4(IV). Quema de biomasa;CO2;-491074.86;-491074.86
2021;Jujuy;Usos de la Tierra, Cambios de Uso de la Tierra y Silvicultura;4(IV). Quema de biomasa;CO2;-1556.66;-1556.66
2021;La Pampa;Usos de la Tierra, Cambios de Uso de la Tierra y Silvicultura;4(IV). Quema de biomasa;CO2;-641947.8;-641947.8
2021;La Rioja;Usos de la Tierra, Cambios de Uso de la Tierra y Silvicultura;4(IV). Quema de biomasa;CO2;-103650.26;-103650.26
2021;Mendoza;Usos de la Tierra, Cambios de Uso de la Tierra y Silvicultura;4(IV). Quema de biomasa;CO2;-41962.52;-41962.52
2021;Misiones;Usos de la Tierra, Cambios de Uso de la Tierra y Silvicultura;4(IV). Quema de biomasa;CO2;-526004.99;-526004.99
2021;Neuquén;Usos de la Tierra, Cambios de Uso de la Tierra y Silvicultura;4(IV). Quema de biomasa;CO2;-50666.5;-50666.5
2021;Río Negro;Usos de la Tierra, Cambios de Uso de la Tierra y Silvicultura;4(IV). Quema de biomasa;CO2;-48540.55;-48540.55
2021;Salta;Usos de la Tierra, Cambios de Uso de la Tierra y Silvicultura;4(IV). Quema de biomasa;CO2;768255.91;768255.91
2021;San Juan;Usos de la Tierra, Cambios de Uso de la Tierra y Silvicultura;4(IV). Quema de biomasa;CO2;-14175.46;-14175.46
2021;San Luis;Usos de la Tierra, Cambios de Uso de la Tierra y Silvicultura;4(IV). Quema de biomasa;CO2;172641.86;172641.86
2021;Santa Cruz;Usos de la Tierra, Cambios de Uso de la Tierra y Silvicultura;4(IV). Quema de biomasa;CO2;-873.53;-873.53
2021;Santa Fe;Usos de la Tierra, Cambios de Uso de la Tierra y Silvicultura;4(IV). Quema de biomasa;CO2;12194.16;12194.16
2021;Santiago del Estero;Usos de la Tierra, Cambios de Uso de la Tierra y Silvicultura;4(IV). Quema de biomasa;CO2;1022624.51;1022624.51
2021;Tucumán;Usos de la Tierra, Cambios de Uso de la Tierra y Silvicultura;4(IV). Quema de biomasa;CO2;-39923.58;-39923.58
2021;Tierra del Fuego, Antártida e Islas del Atlántico Sur;Usos de la Tierra, Cambios de Uso de la Tierra y Silvicultura;4(IV). Quema de biomasa;CO2;-20715.97;-20715.97
2022;Buenos Aires;Usos de la Tierra, Cambios de Uso de la Tierra y Silvicultura;4B. Tierras de cultivo;CO2;102812.92;102812.92
2022;Córdoba;Usos de la Tierra, Cambios de Uso de la Tierra y Silvicultura;4B. Tierras de cultivo;CO2;193586.34;193586.34
2022;Chaco;Usos de la Tierra, Cambios de Uso de la Tierra y Silvicultura;4B. Tierras de cultivo;CO2;7731072.76;7731072.76
2022;Entre Ríos;Usos de la Tierra, Cambios de Uso de la Tierra y Silvicultura;4B. Tierras de cultivo;CO2;244062.37;244062.37
2022;Formosa;Usos de la Tierra, Cambios de Uso de la Tierra y Silvicultura;4B. Tierras de cultivo;CO2;5485662.97;5485662.97
2022;La Pampa;Usos de la Tierra, Cambios de Uso de la Tierra y Silvicultura;4B. Tierras de cultivo;CO2;1117471.51;1117471.51
2022;Salta;Usos de la Tierra, Cambios de Uso de la Tierra y Silvicultura;4B. Tierras de cultivo;CO2;775617.57;775617.57
2022;San Luis;Usos de la Tierra, Cambios de Uso de la Tierra y Silvicultura;4B. Tierras de cultivo;CO2;2413532.69;2413532.69
2022;Santa Fe;Usos de la Tierra, Cambios de Uso de la Tierra y Silvicultura;4B. Tierras de cultivo;CO2;681183.73;681183.73
2022;Santiago del Estero;Usos de la Tierra, Cambios de Uso de la Tierra y Silvicultura;4B. Tierras de cultivo;CO2;6807604.67;6807604.67
2022;Tucumán;Usos de la Tierra, Cambios de Uso de la Tierra y Silvicultura;4B. Tierras de cultivo;CO2;37813.59;37813.59
2022;Catamarca;Usos de la Tierra, Cambios de Uso de la Tierra y Silvicultura;4C. Pastizales;CO2;749496.54;749496.54
2022;Córdoba;Usos de la Tierra, Cambios de Uso de la Tierra y Silvicultura;4C. Pastizales;CO2;3199978.28;3199978.28
2022;Corrientes;Usos de la Tierra, Cambios de Uso de la Tierra y Silvicultura;4C. Pastizales;CO2;209013.33;209013.33
2022;Chaco;Usos de la Tierra, Cambios de Uso de la Tierra y Silvicultura;4C. Pastizales;CO2;1087940.15;1087940.15
2022;Chubut;Usos de la Tierra, Cambios de Uso de la Tierra y Silvicultura;4C. Pastizales;CO2;93809.41;93809.41
2022;Entre Ríos;Usos de la Tierra, Cambios de Uso de la Tierra y Silvicultura;4C. Pastizales;CO2;428795.17;428795.17
2022;Formosa;Usos de la Tierra, Cambios de Uso de la Tierra y Silvicultura;4C. Pastizales;CO2;1188484.79;1188484.79
2022;Jujuy;Usos de la Tierra, Cambios de Uso de la Tierra y Silvicultura;4C. Pastizales;CO2;455820.55;455820.55
2022;La Pampa;Usos de la Tierra, Cambios de Uso de la Tierra y Silvicultura;4C. Pastizales;CO2;1326677.08;1326677.08
2022;La Rioja;Usos de la Tierra, Cambios de Uso de la Tierra y Silvicultura;4C. Pastizales;CO2;1882481.49;1882481.49
2022;Misiones;Usos de la Tierra, Cambios de Uso de la Tierra y Silvicultura;4C. Pastizales;CO2;978691.81;978691.81
2022;Neuquén;Usos de la Tierra, Cambios de Uso de la Tierra y Silvicultura;4C. Pastizales;CO2;90693.46;90693.46
2022;Río Negro;Usos de la Tierra, Cambios de Uso de la Tierra y Silvicultura;4C. Pastizales;CO2;3413723.93;3413723.93
2022;Salta;Usos de la Tierra, Cambios de Uso de la Tierra y Silvicultura;4C. Pastizales;CO2;3823424.34;3823424.34
2022;San Juan;Usos de la Tierra, Cambios de Uso de la Tierra y Silvicultura;4C. Pastizales;CO2;47153.78;47153.78
2022;San Luis;Usos de la Tierra, Cambios de Uso de la Tierra y Silvicultura;4C. Pastizales;CO2;2148962.68;2148962.68
2022;Santa Cruz;Usos de la Tierra, Cambios de Uso de la Tierra y Silvicultura;4C. Pastizales;CO2;10197.24;10197.24
2022;Santa Fe;Usos de la Tierra, Cambios de Uso de la Tierra y Silvicultura;4C. Pastizales;CO2;30335.33;30335.33
2022;Santiago del Estero;Usos de la Tierra, Cambios de Uso de la Tierra y Silvicultura;4C. Pastizales;CO2;3230264.3;3230264.3
2022;Tucumán;Usos de la Tierra, Cambios de Uso de la Tierra y Silvicultura;4C. Pastizales;CO2;423518.89;423518.89
2022;Tierra del Fuego, Antártida e Islas del Atlántico Sur;Usos de la Tierra, Cambios de Uso de la Tierra y Silvicultura;4C. Pastizales;CO2;437684.4;437684.4
2022;Buenos Aires;Usos de la Tierra, Cambios de Uso de la Tierra y Silvicultura;4C. Pastizales;CO2;1989252.22;1989252.22
2022;Corrientes;Usos de la Tierra, Cambios de Uso de la Tierra y Silvicultura;4B. Tierras de cultivo;CO2;33623.26;33623.26
2022;Buenos Aires;Usos de la Tierra, Cambios de Uso de la Tierra y Silvicultura;4(IV). Quema de biomasa;CH4;152.88;4280.72
2022;Córdoba;Usos de la Tierra, Cambios de Uso de la Tierra y Silvicultura;4(IV). Quema de biomasa;CH4;288.12;8067.28
2022;Chaco;Usos de la Tierra, Cambios de Uso de la Tierra y Silvicultura;4(IV). Quema de biomasa;CH4;11227.15;314360.33
2022;Entre Ríos;Usos de la Tierra, Cambios de Uso de la Tierra y Silvicultura;4(IV). Quema de biomasa;CH4;371.33;10397.15
2022;Formosa;Usos de la Tierra, Cambios de Uso de la Tierra y Silvicultura;4(IV). Quema de biomasa;CH4;7975.86;223324.02
2022;La Pampa;Usos de la Tierra, Cambios de Uso de la Tierra y Silvicultura;4(IV). Quema de biomasa;CH4;1679.54;47027.26
2022;Salta;Usos de la Tierra, Cambios de Uso de la Tierra y Silvicultura;4(IV). Quema de biomasa;CH4;1127.02;31556.63
2022;San Luis;Usos de la Tierra, Cambios de Uso de la Tierra y Silvicultura;4(IV). Quema de biomasa;CH4;3575.51;100114.19
2022;Santa Fe;Usos de la Tierra, Cambios de Uso de la Tierra y Silvicultura;4(IV). Quema de biomasa;CH4;1004.21;28117.99
2022;Santiago del Estero;Usos de la Tierra, Cambios de Uso de la Tierra y Silvicultura;4(IV). Quema de biomasa;CH4;9897.88;277140.62
2022;Tucumán;Usos de la Tierra, Cambios de Uso de la Tierra y Silvicultura;4(IV). Quema de biomasa;CH4;55.29;1548.14
2022;Catamarca;Usos de la Tierra, Cambios de Uso de la Tierra y Silvicultura;4(IV). Quema de biomasa;CH4;1071.66;30006.52
2022;Corrientes;Usos de la Tierra, Cambios de Uso de la Tierra y Silvicultura;4(IV). Quema de biomasa;CH4;315.56;8835.72
2022;Chubut;Usos de la Tierra, Cambios de Uso de la Tierra y Silvicultura;4(IV). Quema de biomasa;CH4;131.27;3675.5
2022;Jujuy;Usos de la Tierra, Cambios de Uso de la Tierra y Silvicultura;4(IV). Quema de biomasa;CH4;667.01;18676.32
2022;La Rioja;Usos de la Tierra, Cambios de Uso de la Tierra y Silvicultura;4(IV). Quema de biomasa;CH4;2693.1;75406.86
2022;Misiones;Usos de la Tierra, Cambios de Uso de la Tierra y Silvicultura;4(IV). Quema de biomasa;CH4;1479.92;41437.68
2022;Neuquén;Usos de la Tierra, Cambios de Uso de la Tierra y Silvicultura;4(IV). Quema de biomasa;CH4;126.79;3550.06
2022;Río Negro;Usos de la Tierra, Cambios de Uso de la Tierra y Silvicultura;4(IV). Quema de biomasa;CH4;4875.81;136522.56
2022;San Juan;Usos de la Tierra, Cambios de Uso de la Tierra y Silvicultura;4(IV). Quema de biomasa;CH4;66.69;1867.37
2022;Santa Cruz;Usos de la Tierra, Cambios de Uso de la Tierra y Silvicultura;4(IV). Quema de biomasa;CH4;14.41;403.51
2022;Tierra del Fuego, Antártida e Islas del Atlántico Sur;Usos de la Tierra, Cambios de Uso de la Tierra y Silvicultura;4(IV). Quema de biomasa;CH4;625.45;17512.69
2022;Buenos Aires;Usos de la Tierra, Cambios de Uso de la Tierra y Silvicultura;4(IV). Quema de biomasa;N2O;4.5;1191.59
2022;Córdoba;Usos de la Tierra, Cambios de Uso de la Tierra y Silvicultura;4(IV). Quema de biomasa;N2O;8.47;2245.62
2022;Chaco;Usos de la Tierra, Cambios de Uso de la Tierra y Silvicultura;4(IV). Quema de biomasa;N2O;330.21;87505.76
2022;Entre Ríos;Usos de la Tierra, Cambios de Uso de la Tierra y Silvicultura;4(IV). Quema de biomasa;N2O;10.92;2894.16
2022;Formosa;Usos de la Tierra, Cambios de Uso de la Tierra y Silvicultura;4(IV). Quema de biomasa;N2O;234.58;62164.77
2022;La Pampa;Usos de la Tierra, Cambios de Uso de la Tierra y Silvicultura;4(IV). Quema de biomasa;N2O;49.4;13090.57
2022;Salta;Usos de la Tierra, Cambios de Uso de la Tierra y Silvicultura;4(IV). Quema de biomasa;N2O;33.15;8784.15
2022;San Luis;Usos de la Tierra, Cambios de Uso de la Tierra y Silvicultura;4(IV). Quema de biomasa;N2O;105.16;27867.92
2022;Santa Fe;Usos de la Tierra, Cambios de Uso de la Tierra y Silvicultura;4(IV). Quema de biomasa;N2O;29.54;7826.96
2022;Santiago del Estero;Usos de la Tierra, Cambios de Uso de la Tierra y Silvicultura;4(IV). Quema de biomasa;N2O;291.11;77145.24
2022;Tucumán;Usos de la Tierra, Cambios de Uso de la Tierra y Silvicultura;4(IV). Quema de biomasa;N2O;1.63;430.94
2022;Catamarca;Usos de la Tierra, Cambios de Uso de la Tierra y Silvicultura;4(IV). Quema de biomasa;N2O;31.52;8352.66
2022;Corrientes;Usos de la Tierra, Cambios de Uso de la Tierra y Silvicultura;4(IV). Quema de biomasa;N2O;9.28;2459.52
2022;Chubut;Usos de la Tierra, Cambios de Uso de la Tierra y Silvicultura;4(IV). Quema de biomasa;N2O;3.86;1023.12
2022;Jujuy;Usos de la Tierra, Cambios de Uso de la Tierra y Silvicultura;4(IV). Quema de biomasa;N2O;19.62;5198.77
2022;La Rioja;Usos de la Tierra, Cambios de Uso de la Tierra y Silvicultura;4(IV). Quema de biomasa;N2O;79.21;20990.35
2022;Misiones;Usos de la Tierra, Cambios de Uso de la Tierra y Silvicultura;4(IV). Quema de biomasa;N2O;43.53;11534.65
2022;Neuquén;Usos de la Tierra, Cambios de Uso de la Tierra y Silvicultura;4(IV). Quema de biomasa;N2O;3.73;988.2
2022;Río Negro;Usos de la Tierra, Cambios de Uso de la Tierra y Silvicultura;4(IV). Quema de biomasa;N2O;143.41;38002.6
2022;San Juan;Usos de la Tierra, Cambios de Uso de la Tierra y Silvicultura;4(IV). Quema de biomasa;N2O;1.96;519.8
2022;Santa Cruz;Usos de la Tierra, Cambios de Uso de la Tierra y Silvicultura;4(IV). Quema de biomasa;N2O;0.42;112.32
2022;Tierra del Fuego, Antártida e Islas del Atlántico Sur;Usos de la Tierra, Cambios de Uso de la Tierra y Silvicultura;4(IV). Quema de biomasa;N2O;18.4;4874.86
2022;Buenos Aires;Usos de la Tierra, Cambios de Uso de la Tierra y Silvicultura;4(IV). Quema de biomasa;CO2;2675873.56;2675873.56
2022;Catamarca;Usos de la Tierra, Cambios de Uso de la Tierra y Silvicultura;4(IV). Quema de biomasa;CO2;-135790.93;-135790.93
2022;Córdoba;Usos de la Tierra, Cambios de Uso de la Tierra y Silvicultura;4(IV). Quema de biomasa;CO2;2034003.06;2034003.06
2022;Corrientes;Usos de la Tierra, Cambios de Uso de la Tierra y Silvicultura;4(IV). Quema de biomasa;CO2;-142589.81;-142589.81
2022;Chaco;Usos de la Tierra, Cambios de Uso de la Tierra y Silvicultura;4(IV). Quema de biomasa;CO2;33877.38;33877.38
2022;Chubut;Usos de la Tierra, Cambios de Uso de la Tierra y Silvicultura;4(IV). Quema de biomasa;CO2;-67413.93;-67413.93
2022;Entre Ríos;Usos de la Tierra, Cambios de Uso de la Tierra y Silvicultura;4(IV). Quema de biomasa;CO2;121763.1;121763.1
2022;Formosa;Usos de la Tierra, Cambios de Uso de la Tierra y Silvicultura;4(IV). Quema de biomasa;CO2;-516534.58;-516534.58
2022;Jujuy;Usos de la Tierra, Cambios de Uso de la Tierra y Silvicultura;4(IV). Quema de biomasa;CO2;-36099.72;-36099.72
2022;La Pampa;Usos de la Tierra, Cambios de Uso de la Tierra y Silvicultura;4(IV). Quema de biomasa;CO2;-181881.56;-181881.56
2022;La Rioja;Usos de la Tierra, Cambios de Uso de la Tierra y Silvicultura;4(IV). Quema de biomasa;CO2;-110114.32;-110114.32
2022;Mendoza;Usos de la Tierra, Cambios de Uso de la Tierra y Silvicultura;4(IV). Quema de biomasa;CO2;-34479.19;-34479.19
2022;Misiones;Usos de la Tierra, Cambios de Uso de la Tierra y Silvicultura;4(IV). Quema de biomasa;CO2;-474628.9;-474628.9
2022;Neuquén;Usos de la Tierra, Cambios de Uso de la Tierra y Silvicultura;4(IV). Quema de biomasa;CO2;-55202.83;-55202.83
2022;Río Negro;Usos de la Tierra, Cambios de Uso de la Tierra y Silvicultura;4(IV). Quema de biomasa;CO2;-58665.44;-58665.44
2022;Salta;Usos de la Tierra, Cambios de Uso de la Tierra y Silvicultura;4(IV). Quema de biomasa;CO2;680558.88;680558.88
2022;San Juan;Usos de la Tierra, Cambios de Uso de la Tierra y Silvicultura;4(IV). Quema de biomasa;CO2;-12256.48;-12256.48
2022;San Luis;Usos de la Tierra, Cambios de Uso de la Tierra y Silvicultura;4(IV). Quema de biomasa;CO2;255632.48;255632.48
2022;Santa Cruz;Usos de la Tierra, Cambios de Uso de la Tierra y Silvicultura;4(IV). Quema de biomasa;CO2;-852.67;-852.67
2022;Santa Fe;Usos de la Tierra, Cambios de Uso de la Tierra y Silvicultura;4(IV). Quema de biomasa;CO2;378530.24;378530.24
2022;Santiago del Estero;Usos de la Tierra, Cambios de Uso de la Tierra y Silvicultura;4(IV). Quema de biomasa;CO2;1203921.17;1203921.17
2022;Tucumán;Usos de la Tierra, Cambios de Uso de la Tierra y Silvicultura;4(IV). Quema de biomasa;CO2;-97967.1;-97967.1
2022;Tierra del Fuego, Antártida e Islas del Atlántico Sur;Usos de la Tierra, Cambios de Uso de la Tierra y Silvicultura;4(IV). Quema de biomasa;CO2;-21024.5;-21024.5
2010;Jurisdiccion sin determinar;Usos de la Tierra, Cambios de Uso de la Tierra y Silvicultura;4(IV). Quema de biomasa;CH4;457.62;12813.48
2010;Mendoza;Usos de la Tierra, Cambios de Uso de la Tierra y Silvicultura;4(IV). Quema de biomasa;CH4;572.48;16029.43
2011;Ciudad Autónoma de Buenos Aires;Usos de la Tierra, Cambios de Uso de la Tierra y Silvicultura;4(IV). Quema de biomasa;CH4;0.22;6.18
2011;Mendoza;Usos de la Tierra, Cambios de Uso de la Tierra y Silvicultura;4(IV). Quema de biomasa;CH4;65.9;1845.2
2011;Jurisdiccion sin determinar;Usos de la Tierra, Cambios de Uso de la Tierra y Silvicultura;4(IV). Quema de biomasa;CH4;0.49;13.84
2012;Ciudad Autónoma de Buenos Aires;Usos de la Tierra, Cambios de Uso de la Tierra y Silvicultura;4(IV). Quema de biomasa;CH4;0.0;0.02
2012;Mendoza;Usos de la Tierra, Cambios de Uso de la Tierra y Silvicultura;4(IV). Quema de biomasa;CH4;40.04;1121.02
2012;San Juan;Usos de la Tierra, Cambios de Uso de la Tierra y Silvicultura;4(IV). Quema de biomasa;CH4;0.46;12.95
2012;Jurisdiccion sin determinar;Usos de la Tierra, Cambios de Uso de la Tierra y Silvicultura;4(IV). Quema de biomasa;CH4;0.09;2.44
2013;Mendoza;Usos de la Tierra, Cambios de Uso de la Tierra y Silvicultura;4(IV). Quema de biomasa;CH4;273.95;7670.55
2013;San Juan;Usos de la Tierra, Cambios de Uso de la Tierra y Silvicultura;4(IV). Quema de biomasa;CH4;12.34;345.46
2013;Jurisdiccion sin determinar;Usos de la Tierra, Cambios de Uso de la Tierra y Silvicultura;4(IV). Quema de biomasa;CH4;403.94;11310.2
2014;Mendoza;Usos de la Tierra, Cambios de Uso de la Tierra y Silvicultura;4(IV). Quema de biomasa;CH4;433.29;12132.19
2014;Jurisdiccion sin determinar;Usos de la Tierra, Cambios de Uso de la Tierra y Silvicultura;4(IV). Quema de biomasa;CH4;417.94;11702.41
2015;Mendoza;Usos de la Tierra, Cambios de Uso de la Tierra y Silvicultura;4(IV). Quema de biomasa;CH4;158.17;4428.82
2015;Jurisdiccion sin determinar;Usos de la Tierra, Cambios de Uso de la Tierra y Silvicultura;4(IV). Quema de biomasa;CH4;269.97;7559.07
2016;Corrientes;Usos de la Tierra, Cambios de Uso de la Tierra y Silvicultura;4(IV). Quema de biomasa;CH4;215.91;6045.58
2016;Mendoza;Usos de la Tierra, Cambios de Uso de la Tierra y Silvicultura;4(IV). Quema de biomasa;CH4;693.78;19425.75
2016;Jurisdiccion sin determinar;Usos de la Tierra, Cambios de Uso de la Tierra y Silvicultura;4(IV). Quema de biomasa;CH4;157.05;4397.37
2017;Mendoza;Usos de la Tierra, Cambios de Uso de la Tierra y Silvicultura;4(IV). Quema de biomasa;CH4;12110.29;339087.99
2017;Jurisdiccion sin determinar;Usos de la Tierra, Cambios de Uso de la Tierra y Silvicultura;4(IV). Quema de biomasa;CH4;6.99;195.67
2018;Mendoza;Usos de la Tierra, Cambios de Uso de la Tierra y Silvicultura;4(IV). Quema de biomasa;CH4;1337.46;37448.92
2018;San Juan;Usos de la Tierra, Cambios de Uso de la Tierra y Silvicultura;4(IV). Quema de biomasa;CH4;1.7;47.5
2018;Jurisdiccion sin determinar;Usos de la Tierra, Cambios de Uso de la Tierra y Silvicultura;4(IV). Quema de biomasa;CH4;15.59;436.43
2019;Mendoza;Usos de la Tierra, Cambios de Uso de la Tierra y Silvicultura;4(IV). Quema de biomasa;CH4;517.32;14485.0
2019;San Juan;Usos de la Tierra, Cambios de Uso de la Tierra y Silvicultura;4(IV). Quema de biomasa;CH4;3.24;90.68
2019;Jurisdiccion sin determinar;Usos de la Tierra, Cambios de Uso de la Tierra y Silvicultura;4(IV). Quema de biomasa;CH4;16.75;469.04
2020;Mendoza;Usos de la Tierra, Cambios de Uso de la Tierra y Silvicultura;4(IV). Quema de biomasa;CH4;748.66;20962.62
2020;Jurisdiccion sin determinar;Usos de la Tierra, Cambios de Uso de la Tierra y Silvicultura;4(IV). Quema de biomasa;CH4;196.2;5493.63
2021;Mendoza;Usos de la Tierra, Cambios de Uso de la Tierra y Silvicultura;4(IV). Quema de biomasa;CH4;4.16;116.59
2021;Jurisdiccion sin determinar;Usos de la Tierra, Cambios de Uso de la Tierra y Silvicultura;4(IV). Quema de biomasa;CH4;6.7;187.66
2022;Mendoza;Usos de la Tierra, Cambios de Uso de la Tierra y Silvicultura;4(IV). Quema de biomasa;CH4;599.93;16798.08
2022;Jurisdiccion sin determinar;Usos de la Tierra, Cambios de Uso de la Tierra y Silvicultura;4(IV). Quema de biomasa;CH4;1659.87;46476.44
2015;San Juan;Usos de la Tierra, Cambios de Uso de la Tierra y Silvicultura;4(IV). Quema de biomasa;CH4;0.77;21.59
2016;San Juan;Usos de la Tierra, Cambios de Uso de la Tierra y Silvicultura;4(IV). Quema de biomasa;CH4;24.68;690.92
2010;Ciudad Autónoma de Buenos Aires;Usos de la Tierra, Cambios de Uso de la Tierra y Silvicultura;4(IV). Quema de biomasa;CH4;0.0;0.05
2013;Ciudad Autónoma de Buenos Aires;Usos de la Tierra, Cambios de Uso de la Tierra y Silvicultura;4(IV). Quema de biomasa;CH4;0.12;3.24
2014;Ciudad Autónoma de Buenos Aires;Usos de la Tierra, Cambios de Uso de la Tierra y Silvicultura;4(IV). Quema de biomasa;CH4;0.0;0.03
2014;San Juan;Usos de la Tierra, Cambios de Uso de la Tierra y Silvicultura;4(IV). Quema de biomasa;CH4;2.87;80.41
2015;Ciudad Autónoma de Buenos Aires;Usos de la Tierra, Cambios de Uso de la Tierra y Silvicultura;4(IV). Quema de biomasa;CH4;0.02;0.61
2016;Ciudad Autónoma de Buenos Aires;Usos de la Tierra, Cambios de Uso de la Tierra y Silvicultura;4(IV). Quema de biomasa;CH4;0.0;0.13
2017;Ciudad Autónoma de Buenos Aires;Usos de la Tierra, Cambios de Uso de la Tierra y Silvicultura;4(IV). Quema de biomasa;CH4;0.0;0.0
2017;San Juan;Usos de la Tierra, Cambios de Uso de la Tierra y Silvicultura;4(IV). Quema de biomasa;CH4;49.27;1379.43
2018;Ciudad Autónoma de Buenos Aires;Usos de la Tierra, Cambios de Uso de la Tierra y Silvicultura;4(IV). Quema de biomasa;CH4;0.0;0.0
2019;Ciudad Autónoma de Buenos Aires;Usos de la Tierra, Cambios de Uso de la Tierra y Silvicultura;4(IV). Quema de biomasa;CH4;0.0;0.01
2020;Ciudad Autónoma de Buenos Aires;Usos de la Tierra, Cambios de Uso de la Tierra y Silvicultura;4(IV). Quema de biomasa;CH4;0.03;0.91
2021;Ciudad Autónoma de Buenos Aires;Usos de la Tierra, Cambios de Uso de la Tierra y Silvicultura;4(IV). Quema de biomasa;CH4;0.0;0.0
2022;Ciudad Autónoma de Buenos Aires;Usos de la Tierra, Cambios de Uso de la Tierra y Silvicultura;4(IV). Quema de biomasa;CH4;0.0;0.01
2010;Jurisdiccion sin determinar;Usos de la Tierra, Cambios de Uso de la Tierra y Silvicultura;4(IV). Quema de biomasa;N2O;13.46;3566.78
2010;Mendoza;Usos de la Tierra, Cambios de Uso de la Tierra y Silvicultura;4(IV). Quema de biomasa;N2O;16.84;4461.97
2011;Ciudad Autónoma de Buenos Aires;Usos de la Tierra, Cambios de Uso de la Tierra y Silvicultura;4(IV). Quema de biomasa;N2O;0.01;1.72
2011;Mendoza;Usos de la Tierra, Cambios de Uso de la Tierra y Silvicultura;4(IV). Quema de biomasa;N2O;1.94;513.63
2011;Jurisdiccion sin determinar;Usos de la Tierra, Cambios de Uso de la Tierra y Silvicultura;4(IV). Quema de biomasa;N2O;0.01;3.85
2012;Ciudad Autónoma de Buenos Aires;Usos de la Tierra, Cambios de Uso de la Tierra y Silvicultura;4(IV). Quema de biomasa;N2O;0.0;0.01
2012;Mendoza;Usos de la Tierra, Cambios de Uso de la Tierra y Silvicultura;4(IV). Quema de biomasa;N2O;1.18;312.05
2012;San Juan;Usos de la Tierra, Cambios de Uso de la Tierra y Silvicultura;4(IV). Quema de biomasa;N2O;0.01;3.61
2012;Jurisdiccion sin determinar;Usos de la Tierra, Cambios de Uso de la Tierra y Silvicultura;4(IV). Quema de biomasa;N2O;0.0;0.68
2013;Mendoza;Usos de la Tierra, Cambios de Uso de la Tierra y Silvicultura;4(IV). Quema de biomasa;N2O;8.06;2135.18
2013;San Juan;Usos de la Tierra, Cambios de Uso de la Tierra y Silvicultura;4(IV). Quema de biomasa;N2O;0.36;96.16
2013;Jurisdiccion sin determinar;Usos de la Tierra, Cambios de Uso de la Tierra y Silvicultura;4(IV). Quema de biomasa;N2O;11.88;3148.32
2014;Mendoza;Usos de la Tierra, Cambios de Uso de la Tierra y Silvicultura;4(IV). Quema de biomasa;N2O;12.74;3377.13
2014;Jurisdiccion sin determinar;Usos de la Tierra, Cambios de Uso de la Tierra y Silvicultura;4(IV). Quema de biomasa;N2O;12.29;3257.5
2015;Mendoza;Usos de la Tierra, Cambios de Uso de la Tierra y Silvicultura;4(IV). Quema de biomasa;N2O;4.65;1232.81
2015;Jurisdiccion sin determinar;Usos de la Tierra, Cambios de Uso de la Tierra y Silvicultura;4(IV). Quema de biomasa;N2O;7.94;2104.15
2016;Corrientes;Usos de la Tierra, Cambios de Uso de la Tierra y Silvicultura;4(IV). Quema de biomasa;N2O;6.35;1682.86
2016;Mendoza;Usos de la Tierra, Cambios de Uso de la Tierra y Silvicultura;4(IV). Quema de biomasa;N2O;20.41;5407.38
2016;Jurisdiccion sin determinar;Usos de la Tierra, Cambios de Uso de la Tierra y Silvicultura;4(IV). Quema de biomasa;N2O;4.62;1224.06
2017;Mendoza;Usos de la Tierra, Cambios de Uso de la Tierra y Silvicultura;4(IV). Quema de biomasa;N2O;356.18;94388.99
2017;Jurisdiccion sin determinar;Usos de la Tierra, Cambios de Uso de la Tierra y Silvicultura;4(IV). Quema de biomasa;N2O;0.21;54.47
2018;Mendoza;Usos de la Tierra, Cambios de Uso de la Tierra y Silvicultura;4(IV). Quema de biomasa;N2O;39.34;10424.33
2018;San Juan;Usos de la Tierra, Cambios de Uso de la Tierra y Silvicultura;4(IV). Quema de biomasa;N2O;0.05;13.22
2018;Jurisdiccion sin determinar;Usos de la Tierra, Cambios de Uso de la Tierra y Silvicultura;4(IV). Quema de biomasa;N2O;0.46;121.49
2019;Mendoza;Usos de la Tierra, Cambios de Uso de la Tierra y Silvicultura;4(IV). Quema de biomasa;N2O;15.22;4032.06
2019;San Juan;Usos de la Tierra, Cambios de Uso de la Tierra y Silvicultura;4(IV). Quema de biomasa;N2O;0.1;25.24
2019;Jurisdiccion sin determinar;Usos de la Tierra, Cambios de Uso de la Tierra y Silvicultura;4(IV). Quema de biomasa;N2O;0.49;130.56
2020;Mendoza;Usos de la Tierra, Cambios de Uso de la Tierra y Silvicultura;4(IV). Quema de biomasa;N2O;22.02;5835.18
2020;Jurisdiccion sin determinar;Usos de la Tierra, Cambios de Uso de la Tierra y Silvicultura;4(IV). Quema de biomasa;N2O;5.77;1529.21
2021;Mendoza;Usos de la Tierra, Cambios de Uso de la Tierra y Silvicultura;4(IV). Quema de biomasa;N2O;0.12;32.46
2021;Jurisdiccion sin determinar;Usos de la Tierra, Cambios de Uso de la Tierra y Silvicultura;4(IV). Quema de biomasa;N2O;0.2;52.24
2022;Mendoza;Usos de la Tierra, Cambios de Uso de la Tierra y Silvicultura;4(IV). Quema de biomasa;N2O;17.65;4675.94
2022;Jurisdiccion sin determinar;Usos de la Tierra, Cambios de Uso de la Tierra y Silvicultura;4(IV). Quema de biomasa;N2O;48.82;12937.24
2015;San Juan;Usos de la Tierra, Cambios de Uso de la Tierra y Silvicultura;4(IV). Quema de biomasa;N2O;0.02;6.01
2016;San Juan;Usos de la Tierra, Cambios de Uso de la Tierra y Silvicultura;4(IV). Quema de biomasa;N2O;0.73;192.33
2010;Ciudad Autónoma de Buenos Aires;Usos de la Tierra, Cambios de Uso de la Tierra y Silvicultura;4(IV). Quema de biomasa;N2O;0.0;0.04
2013;Ciudad Autónoma de Buenos Aires;Usos de la Tierra, Cambios de Uso de la Tierra y Silvicultura;4(IV). Quema de biomasa;N2O;0.01;2.8
2014;Ciudad Autónoma de Buenos Aires;Usos de la Tierra, Cambios de Uso de la Tierra y Silvicultura;4(IV). Quema de biomasa;N2O;0.0;0.03
2014;San Juan;Usos de la Tierra, Cambios de Uso de la Tierra y Silvicultura;4(IV). Quema de biomasa;N2O;0.26;69.49
2015;Ciudad Autónoma de Buenos Aires;Usos de la Tierra, Cambios de Uso de la Tierra y Silvicultura;4(IV). Quema de biomasa;N2O;0.0;0.52
2016;Ciudad Autónoma de Buenos Aires;Usos de la Tierra, Cambios de Uso de la Tierra y Silvicultura;4(IV). Quema de biomasa;N2O;0.0;0.11
2017;Ciudad Autónoma de Buenos Aires;Usos de la Tierra, Cambios de Uso de la Tierra y Silvicultura;4(IV). Quema de biomasa;N2O;0.0;0.0
2017;San Juan;Usos de la Tierra, Cambios de Uso de la Tierra y Silvicultura;4(IV). Quema de biomasa;N2O;4.5;1192.0
2018;Ciudad Autónoma de Buenos Aires;Usos de la Tierra, Cambios de Uso de la Tierra y Silvicultura;4(IV). Quema de biomasa;N2O;0.0;0.0
2019;Ciudad Autónoma de Buenos Aires;Usos de la Tierra, Cambios de Uso de la Tierra y Silvicultura;4(IV). Quema de biomasa;N2O;0.0;0.01
2020;Ciudad Autónoma de Buenos Aires;Usos de la Tierra, Cambios de Uso de la Tierra y Silvicultura;4(IV). Quema de biomasa;N2O;0.0;0.79
2021;Ciudad Autónoma de Buenos Aires;Usos de la Tierra, Cambios de Uso de la Tierra y Silvicultura;4(IV). Quema de biomasa;N2O;0.0;0.0
2022;Ciudad Autónoma de Buenos Aires;Usos de la Tierra, Cambios de Uso de la Tierra y Silvicultura;4(IV). Quema de biomasa;N2O;0.0;0.01
2010;Jurisdiccion sin determinar;Usos de la Tierra, Cambios de Uso de la Tierra y Silvicultura;4G. Productos de madera recolectada;CO2;-1958677.61;-1958677.61
2011;Jurisdiccion sin determinar;Usos de la Tierra, Cambios de Uso de la Tierra y Silvicultura;4G. Productos de madera recolectada;CO2;-1809637.96;-1809637.96
2012;Jurisdiccion sin determinar;Usos de la Tierra, Cambios de Uso de la Tierra y Silvicultura;4G. Productos de madera recolectada;CO2;-2706749.13;-2706749.13
2013;Jurisdiccion sin determinar;Usos de la Tierra, Cambios de Uso de la Tierra y Silvicultura;4G. Productos de madera recolectada;CO2;-2808518.2;-2808518.2
2014;Jurisdiccion sin determinar;Usos de la Tierra, Cambios de Uso de la Tierra y Silvicultura;4G. Productos de madera recolectada;CO2;-1840508.64;-1840508.64
2015;Jurisdiccion sin determinar;Usos de la Tierra, Cambios de Uso de la Tierra y Silvicultura;4G. Productos de madera recolectada;CO2;-2243419.76;-2243419.76
2016;Jurisdiccion sin determinar;Usos de la Tierra, Cambios de Uso de la Tierra y Silvicultura;4G. Productos de madera recolectada;CO2;-2609757.78;-2609757.78
2017;Jurisdiccion sin determinar;Usos de la Tierra, Cambios de Uso de la Tierra y Silvicultura;4G. Productos de madera recolectada;CO2;-2729562.59;-2729562.59
2018;Jurisdiccion sin determinar;Usos de la Tierra, Cambios de Uso de la Tierra y Silvicultura;4G. Productos de madera recolectada;CO2;-2441125.56;-2441125.56
2019;Jurisdiccion sin determinar;Usos de la Tierra, Cambios de Uso de la Tierra y Silvicultura;4G. Productos de madera recolectada;CO2;-2132695.63;-2132695.63
2020;Jurisdiccion sin determinar;Usos de la Tierra, Cambios de Uso de la Tierra y Silvicultura;4G. Productos de madera recolectada;CO2;-1633264.71;-1633264.71
2021;Jurisdiccion sin determinar;Usos de la Tierra, Cambios de Uso de la Tierra y Silvicultura;4G. Productos de madera recolectada;CO2;-2664708.7;-2664708.7
2022;Jurisdiccion sin determinar;Usos de la Tierra, Cambios de Uso de la Tierra y Silvicultura;4G. Productos de madera recolectada;CO2;-2715522.79;-2715522.79
2016;Jurisdiccion sin determinar;Agricultura y Ganaderia;3D. Suelos agrícolas;N2O;14386.13;3812324.46
2017;Jurisdiccion sin determinar;Agricultura y Ganaderia;3D. Suelos agrícolas;N2O;15216.97;4032496.11
2018;Jurisdiccion sin determinar;Agricultura y Ganaderia;3D. Suelos agrícolas;N2O;18115.68;4800655.43
2019;Jurisdiccion sin determinar;Agricultura y Ganaderia;3D. Suelos agrícolas;N2O;19929.97;5281441.98
2020;Jurisdiccion sin determinar;Agricultura y Ganaderia;3D. Suelos agrícolas;N2O;22469.42;5954395.48
2021;Jurisdiccion sin determinar;Agricultura y Ganaderia;3D. Suelos agrícolas;N2O;24486.76;6488990.97
2022;Jurisdiccion sin determinar;Agricultura y Ganaderia;3D. Suelos agrícolas;N2O;20512.8;5435892.42
2010;Jurisdiccion sin determinar;Agricultura y Ganaderia;3H. Aplicación de urea;CO2;859082.44;859082.44
2011;Jurisdiccion sin determinar;Agricultura y Ganaderia;3H. Aplicación de urea;CO2;961011.09;961011.09
2012;Jurisdiccion sin determinar;Agricultura y Ganaderia;3H. Aplicación de urea;CO2;787964.27;787964.27
2013;Jurisdiccion sin determinar;Agricultura y Ganaderia;3H. Aplicación de urea;CO2;854889.8;854889.8
2014;Jurisdiccion sin determinar;Agricultura y Ganaderia;3H. Aplicación de urea;CO2;901751.69;901751.69
2015;Jurisdiccion sin determinar;Agricultura y Ganaderia;3H. Aplicación de urea;CO2;695215.9;695215.9
2016;Jurisdiccion sin determinar;Agricultura y Ganaderia;3H. Aplicación de urea;CO2;1041751.93;1041751.93
2017;Jurisdiccion sin determinar;Agricultura y Ganaderia;3H. Aplicación de urea;CO2;1086099.97;1086099.97
2018;Jurisdiccion sin determinar;Agricultura y Ganaderia;3H. Aplicación de urea;CO2;1339208.49;1339208.49
2019;Jurisdiccion sin determinar;Agricultura y Ganaderia;3H. Aplicación de urea;CO2;1499680.48;1499680.48
2020;Jurisdiccion sin determinar;Agricultura y Ganaderia;3H. Aplicación de urea;CO2;1687116.51;1687116.51
2021;Jurisdiccion sin determinar;Agricultura y Ganaderia;3H. Aplicación de urea;CO2;1852872.27;1852872.27
2022;Jurisdiccion sin determinar;Agricultura y Ganaderia;3H. Aplicación de urea;CO2;1613125.67;1613125.67
2010;Entre Ríos;Agricultura y Ganaderia;3F. Quema a campo de residuos agrícolas;CH4;183.9;5149.27
2010;Jujuy;Agricultura y Ganaderia;3F. Quema a campo de residuos agrícolas;CH4;407.44;11408.31
2010;Misiones;Agricultura y Ganaderia;3F. Quema a campo de residuos agrícolas;CH4;33.7;943.49
2010;Salta;Agricultura y Ganaderia;3F. Quema a campo de residuos agrícolas;CH4;219.67;6150.85
2010;Santa Fe;Agricultura y Ganaderia;3F. Quema a campo de residuos agrícolas;CH4;49.76;1393.32
2010;Tucumán;Agricultura y Ganaderia;3F. Quema a campo de residuos agrícolas;CH4;2059.47;57665.25
2011;Entre Ríos;Agricultura y Ganaderia;3F. Quema a campo de residuos agrícolas;CH4;122.47;3429.22
2011;Jujuy;Agricultura y Ganaderia;3F. Quema a campo de residuos agrícolas;CH4;395.8;11082.44
2011;Misiones;Agricultura y Ganaderia;3F. Quema a campo de residuos agrícolas;CH4;30.72;860.05
2011;Salta;Agricultura y Ganaderia;3F. Quema a campo de residuos agrícolas;CH4;224.25;6278.93
2011;Santa Fe;Agricultura y Ganaderia;3F. Quema a campo de residuos agrícolas;CH4;46.77;1309.64
2011;Tucumán;Agricultura y Ganaderia;3F. Quema a campo de residuos agrícolas;CH4;1870.44;52372.36
2012;Entre Ríos;Agricultura y Ganaderia;3F. Quema a campo de residuos agrícolas;CH4;80.68;2258.93
2012;Jujuy;Agricultura y Ganaderia;3F. Quema a campo de residuos agrícolas;CH4;524.25;14679.1
2012;Misiones;Agricultura y Ganaderia;3F. Quema a campo de residuos agrícolas;CH4;27.74;776.61
2012;Salta;Agricultura y Ganaderia;3F. Quema a campo de residuos agrícolas;CH4;303.4;8495.24
2012;Santa Fe;Agricultura y Ganaderia;3F. Quema a campo de residuos agrícolas;CH4;40.63;1137.51
2012;Tucumán;Agricultura y Ganaderia;3F. Quema a campo de residuos agrícolas;CH4;1826.0;51127.96
2013;Jujuy;Agricultura y Ganaderia;3F. Quema a campo de residuos agrícolas;CH4;578.41;16195.45
2013;Misiones;Agricultura y Ganaderia;3F. Quema a campo de residuos agrícolas;CH4;24.76;693.16
2013;Salta;Agricultura y Ganaderia;3F. Quema a campo de residuos agrícolas;CH4;312.73;8756.53
2013;Santa Fe;Agricultura y Ganaderia;3F. Quema a campo de residuos agrícolas;CH4;36.13;1011.64
2013;Tucumán;Agricultura y Ganaderia;3F. Quema a campo de residuos agrícolas;CH4;1684.8;47174.4
2014;Jujuy;Agricultura y Ganaderia;3F. Quema a campo de residuos agrícolas;CH4;107.81;3018.57
2014;Misiones;Agricultura y Ganaderia;3F. Quema a campo de residuos agrícolas;CH4;7.45;208.7
2014;Salta;Agricultura y Ganaderia;3F. Quema a campo de residuos agrícolas;CH4;55.81;1562.7
2014;Santa Fe;Agricultura y Ganaderia;3F. Quema a campo de residuos agrícolas;CH4;10.88;304.59
2014;Tucumán;Agricultura y Ganaderia;3F. Quema a campo de residuos agrícolas;CH4;561.6;15724.8
2015;Jujuy;Agricultura y Ganaderia;3F. Quema a campo de residuos agrícolas;CH4;107.95;3022.61
2015;Misiones;Agricultura y Ganaderia;3F. Quema a campo de residuos agrícolas;CH4;5.58;156.28
2015;Salta;Agricultura y Ganaderia;3F. Quema a campo de residuos agrícolas;CH4;57.61;1613.14
2015;Santa Fe;Agricultura y Ganaderia;3F. Quema a campo de residuos agrícolas;CH4;8.15;228.09
2015;Tucumán;Agricultura y Ganaderia;3F. Quema a campo de residuos agrícolas;CH4;400.14;11203.92
2016;Jujuy;Agricultura y Ganaderia;3F. Quema a campo de residuos agrícolas;CH4;220.3;6168.26
2016;Misiones;Agricultura y Ganaderia;3F. Quema a campo de residuos agrícolas;CH4;10.01;280.33
2016;Salta;Agricultura y Ganaderia;3F. Quema a campo de residuos agrícolas;CH4;87.17;2440.84
2016;Santa Fe;Agricultura y Ganaderia;3F. Quema a campo de residuos agrícolas;CH4;14.61;409.13
2016;Tucumán;Agricultura y Ganaderia;3F. Quema a campo de residuos agrícolas;CH4;734.29;20560.18
2017;Jujuy;Agricultura y Ganaderia;3F. Quema a campo de residuos agrícolas;CH4;216.38;6058.58
2017;Misiones;Agricultura y Ganaderia;3F. Quema a campo de residuos agrícolas;CH4;7.85;219.93
2017;Salta;Agricultura y Ganaderia;3F. Quema a campo de residuos agrícolas;CH4;121.39;3398.92
2017;Santiago del Estero;Agricultura y Ganaderia;3F. Quema a campo de residuos agrícolas;CH4;2.86;79.97
2017;Tucumán;Agricultura y Ganaderia;3F. Quema a campo de residuos agrícolas;CH4;962.3;26944.44
2018;Jujuy;Agricultura y Ganaderia;3F. Quema a campo de residuos agrícolas;CH4;294.02;8232.62
2018;Misiones;Agricultura y Ganaderia;3F. Quema a campo de residuos agrícolas;CH4;6.08;170.36
2018;Salta;Agricultura y Ganaderia;3F. Quema a campo de residuos agrícolas;CH4;148.33;4153.31
2018;Santiago del Estero;Agricultura y Ganaderia;3F. Quema a campo de residuos agrícolas;CH4;0.89;24.87
2018;Tucumán;Agricultura y Ganaderia;3F. Quema a campo de residuos agrícolas;CH4;1214.46;34004.88
2019;Jujuy;Agricultura y Ganaderia;3F. Quema a campo de residuos agrícolas;CH4;158.36;4434.1
2019;Misiones;Agricultura y Ganaderia;3F. Quema a campo de residuos agrícolas;CH4;5.75;160.96
2019;Salta;Agricultura y Ganaderia;3F. Quema a campo de residuos agrícolas;CH4;91.19;2553.42
2019;Santiago del Estero;Agricultura y Ganaderia;3F. Quema a campo de residuos agrícolas;CH4;2.09;58.53
2019;Tucumán;Agricultura y Ganaderia;3F. Quema a campo de residuos agrícolas;CH4;705.51;19754.28
2010;Entre Ríos;Agricultura y Ganaderia;3F. Quema a campo de residuos agrícolas;N2O;4.77;1263.48
2010;Jujuy;Agricultura y Ganaderia;3F. Quema a campo de residuos agrícolas;N2O;10.56;2799.26
2010;Misiones;Agricultura y Ganaderia;3F. Quema a campo de residuos agrícolas;N2O;0.87;231.51
2010;Salta;Agricultura y Ganaderia;3F. Quema a campo de residuos agrícolas;N2O;5.7;1509.24
2010;Santa Fe;Agricultura y Ganaderia;3F. Quema a campo de residuos agrícolas;N2O;1.29;341.88
2010;Tucumán;Agricultura y Ganaderia;3F. Quema a campo de residuos agrícolas;N2O;53.39;14149.34
2011;Entre Ríos;Agricultura y Ganaderia;3F. Quema a campo de residuos agrícolas;N2O;3.18;841.43
2011;Jujuy;Agricultura y Ganaderia;3F. Quema a campo de residuos agrícolas;N2O;10.26;2719.3
2011;Misiones;Agricultura y Ganaderia;3F. Quema a campo de residuos agrícolas;N2O;0.8;211.03
2011;Salta;Agricultura y Ganaderia;3F. Quema a campo de residuos agrícolas;N2O;5.81;1540.66
2011;Santa Fe;Agricultura y Ganaderia;3F. Quema a campo de residuos agrícolas;N2O;1.21;321.35
2011;Tucumán;Agricultura y Ganaderia;3F. Quema a campo de residuos agrícolas;N2O;48.49;12850.62
2012;Entre Ríos;Agricultura y Ganaderia;3F. Quema a campo de residuos agrícolas;N2O;2.09;554.27
2012;Jujuy;Agricultura y Ganaderia;3F. Quema a campo de residuos agrícolas;N2O;13.59;3601.82
2012;Misiones;Agricultura y Ganaderia;3F. Quema a campo de residuos agrícolas;N2O;0.72;190.56
2012;Salta;Agricultura y Ganaderia;3F. Quema a campo de residuos agrícolas;N2O;7.87;2084.48
2012;Santa Fe;Agricultura y Ganaderia;3F. Quema a campo de residuos agrícolas;N2O;1.05;279.11
2012;Tucumán;Agricultura y Ganaderia;3F. Quema a campo de residuos agrícolas;N2O;47.34;12545.29
2013;Jujuy;Agricultura y Ganaderia;3F. Quema a campo de residuos agrícolas;N2O;15.0;3973.88
2013;Misiones;Agricultura y Ganaderia;3F. Quema a campo de residuos agrícolas;N2O;0.64;170.08
2013;Salta;Agricultura y Ganaderia;3F. Quema a campo de residuos agrícolas;N2O;8.11;2148.59
2013;Santa Fe;Agricultura y Ganaderia;3F. Quema a campo de residuos agrícolas;N2O;0.94;248.23
2013;Tucumán;Agricultura y Ganaderia;3F. Quema a campo de residuos agrícolas;N2O;43.68;11575.2
2014;Jujuy;Agricultura y Ganaderia;3F. Quema a campo de residuos agrícolas;N2O;2.79;740.67
2014;Misiones;Agricultura y Ganaderia;3F. Quema a campo de residuos agrícolas;N2O;0.19;51.21
2014;Salta;Agricultura y Ganaderia;3F. Quema a campo de residuos agrícolas;N2O;1.45;383.44
2014;Santa Fe;Agricultura y Ganaderia;3F. Quema a campo de residuos agrícolas;N2O;0.28;74.74
2014;Tucumán;Agricultura y Ganaderia;3F. Quema a campo de residuos agrícolas;N2O;14.56;3858.4
2015;Jujuy;Agricultura y Ganaderia;3F. Quema a campo de residuos agrícolas;N2O;2.8;741.66
2015;Misiones;Agricultura y Ganaderia;3F. Quema a campo de residuos agrícolas;N2O;0.14;38.35
2015;Salta;Agricultura y Ganaderia;3F. Quema a campo de residuos agrícolas;N2O;1.49;395.82
2015;Santa Fe;Agricultura y Ganaderia;3F. Quema a campo de residuos agrícolas;N2O;0.21;55.97
2015;Tucumán;Agricultura y Ganaderia;3F. Quema a campo de residuos agrícolas;N2O;10.37;2749.11
2016;Jujuy;Agricultura y Ganaderia;3F. Quema a campo de residuos agrícolas;N2O;5.71;1513.51
2016;Misiones;Agricultura y Ganaderia;3F. Quema a campo de residuos agrícolas;N2O;0.26;68.78
2016;Salta;Agricultura y Ganaderia;3F. Quema a campo de residuos agrícolas;N2O;2.26;598.91
2016;Santa Fe;Agricultura y Ganaderia;3F. Quema a campo de residuos agrícolas;N2O;0.38;100.39
2016;Tucumán;Agricultura y Ganaderia;3F. Quema a campo de residuos agrícolas;N2O;19.04;5044.86
2017;Jujuy;Agricultura y Ganaderia;3F. Quema a campo de residuos agrícolas;N2O;5.61;1486.6
2017;Misiones;Agricultura y Ganaderia;3F. Quema a campo de residuos agrícolas;N2O;0.2;53.96
2017;Salta;Agricultura y Ganaderia;3F. Quema a campo de residuos agrícolas;N2O;3.15;833.99
2017;Santiago del Estero;Agricultura y Ganaderia;3F. Quema a campo de residuos agrícolas;N2O;0.07;19.62
2017;Tucumán;Agricultura y Ganaderia;3F. Quema a campo de residuos agrícolas;N2O;24.95;6611.37
2018;Jujuy;Agricultura y Ganaderia;3F. Quema a campo de residuos agrícolas;N2O;7.62;2020.04
2018;Misiones;Agricultura y Ganaderia;3F. Quema a campo de residuos agrícolas;N2O;0.16;41.8
2018;Salta;Agricultura y Ganaderia;3F. Quema a campo de residuos agrícolas;N2O;3.85;1019.1
2018;Santiago del Estero;Agricultura y Ganaderia;3F. Quema a campo de residuos agrícolas;N2O;0.02;6.1
2018;Tucumán;Agricultura y Ganaderia;3F. Quema a campo de residuos agrícolas;N2O;31.49;8343.79
2019;Jujuy;Agricultura y Ganaderia;3F. Quema a campo de residuos agrícolas;N2O;4.11;1088.0
2019;Misiones;Agricultura y Ganaderia;3F. Quema a campo de residuos agrícolas;N2O;0.15;39.5
2019;Salta;Agricultura y Ganaderia;3F. Quema a campo de residuos agrícolas;N2O;2.36;626.53
2019;Santiago del Estero;Agricultura y Ganaderia;3F. Quema a campo de residuos agrícolas;N2O;0.05;14.36
2019;Tucumán;Agricultura y Ganaderia;3F. Quema a campo de residuos agrícolas;N2O;18.29;4847.12
2010;Corrientes;Agricultura y Ganaderia;3C. Cultivo del arroz;CH4;8708.96;243850.92
2010;Chaco;Agricultura y Ganaderia;3C. Cultivo del arroz;CH4;734.7;20571.46
2010;Entre Ríos;Agricultura y Ganaderia;3C. Cultivo del arroz;CH4;10666.64;298665.95
2010;Formosa;Agricultura y Ganaderia;3C. Cultivo del arroz;CH4;825.12;23103.33
2010;Santa Fe;Agricultura y Ganaderia;3C. Cultivo del arroz;CH4;3441.76;96369.38
2011;Corrientes;Agricultura y Ganaderia;3C. Cultivo del arroz;CH4;11737.6;328652.81
2011;Chaco;Agricultura y Ganaderia;3C. Cultivo del arroz;CH4;813.82;22786.85
2011;Entre Ríos;Agricultura y Ganaderia;3C. Cultivo del arroz;CH4;11517.76;322497.2
2011;Formosa;Agricultura y Ganaderia;3C. Cultivo del arroz;CH4;915.54;25635.2
2011;Santa Fe;Agricultura y Ganaderia;3C. Cultivo del arroz;CH4;4114.29;115200.18
2012;Corrientes;Agricultura y Ganaderia;3C. Cultivo del arroz;CH4;10791.2;302153.6
2012;Chaco;Agricultura y Ganaderia;3C. Cultivo del arroz;CH4;836.42;23419.82
2012;Entre Ríos;Agricultura y Ganaderia;3C. Cultivo del arroz;CH4;8985.89;251604.78
2012;Formosa;Agricultura y Ganaderia;3C. Cultivo del arroz;CH4;915.54;25635.2
2012;Santa Fe;Agricultura y Ganaderia;3C. Cultivo del arroz;CH4;5075.05;142101.32
2013;Corrientes;Agricultura y Ganaderia;3C. Cultivo del arroz;CH4;11529.06;322813.68
2013;Chaco;Agricultura y Ganaderia;3C. Cultivo del arroz;CH4;791.21;22153.88
2013;Entre Ríos;Agricultura y Ganaderia;3C. Cultivo del arroz;CH4;7900.8;221222.32
2013;Formosa;Agricultura y Ganaderia;3C. Cultivo del arroz;CH4;904.24;25318.72
2013;Santa Fe;Agricultura y Ganaderia;3C. Cultivo del arroz;CH4;5176.77;144949.67
2014;Corrientes;Agricultura y Ganaderia;3C. Cultivo del arroz;CH4;11890.76;332941.17
2014;Chaco;Agricultura y Ganaderia;3C. Cultivo del arroz;CH4;734.7;20571.46
2014;Entre Ríos;Agricultura y Ganaderia;3C. Cultivo del arroz;CH4;8477.25;237363.0
2014;Formosa;Agricultura y Ganaderia;3C. Cultivo del arroz;CH4;904.24;25318.72
2014;Santa Fe;Agricultura y Ganaderia;3C. Cultivo del arroz;CH4;5481.96;153494.74
2015;Corrientes;Agricultura y Ganaderia;3C. Cultivo del arroz;CH4;10681.34;299077.38
2015;Chaco;Agricultura y Ganaderia;3C. Cultivo del arroz;CH4;678.18;18989.04
2015;Entre Ríos;Agricultura y Ganaderia;3C. Cultivo del arroz;CH4;8906.76;249389.39
2015;Formosa;Agricultura y Ganaderia;3C. Cultivo del arroz;CH4;931.37;26078.28
2015;Santa Fe;Agricultura y Ganaderia;3C. Cultivo del arroz;CH4;5092.0;142576.04
2016;Corrientes;Agricultura y Ganaderia;3C. Cultivo del arroz;CH4;9743.19;272809.21
2016;Chaco;Agricultura y Ganaderia;3C. Cultivo del arroz;CH4;678.18;18989.04
2016;Entre Ríos;Agricultura y Ganaderia;3C. Cultivo del arroz;CH4;7844.28;219639.9
2016;Formosa;Agricultura y Ganaderia;3C. Cultivo del arroz;CH4;716.61;20065.09
2016;Santa Fe;Agricultura y Ganaderia;3C. Cultivo del arroz;CH4;4498.59;125960.63
2017;Corrientes;Agricultura y Ganaderia;3C. Cultivo del arroz;CH4;10150.09;284202.63
2017;Chaco;Agricultura y Ganaderia;3C. Cultivo del arroz;CH4;452.12;12659.36
2017;Entre Ríos;Agricultura y Ganaderia;3C. Cultivo del arroz;CH4;8059.04;225653.09
2017;Formosa;Agricultura y Ganaderia;3C. Cultivo del arroz;CH4;768.6;21520.91
2017;Santa Fe;Agricultura y Ganaderia;3C. Cultivo del arroz;CH4;3639.57;101907.85
2018;Corrientes;Agricultura y Ganaderia;3C. Cultivo del arroz;CH4;10264.25;287399.12
2018;Chaco;Agricultura y Ganaderia;3C. Cultivo del arroz;CH4;565.15;15824.2
2018;Entre Ríos;Agricultura y Ganaderia;3C. Cultivo del arroz;CH4;7346.95;205714.6
2018;Formosa;Agricultura y Ganaderia;3C. Cultivo del arroz;CH4;809.29;22660.25
2018;Santa Fe;Agricultura y Ganaderia;3C. Cultivo del arroz;CH4;3413.51;95578.17
2019;Corrientes;Agricultura y Ganaderia;3C. Cultivo del arroz;CH4;9539.73;267112.5
2019;Chaco;Agricultura y Ganaderia;3C. Cultivo del arroz;CH4;452.12;12659.36
2019;Entre Ríos;Agricultura y Ganaderia;3C. Cultivo del arroz;CH4;6849.62;191789.3
2019;Formosa;Agricultura y Ganaderia;3C. Cultivo del arroz;CH4;976.01;27328.39
2019;Santa Fe;Agricultura y Ganaderia;3C. Cultivo del arroz;CH4;2899.22;81178.15
2020;Jujuy;Agricultura y Ganaderia;3F. Quema a campo de residuos agrícolas;CH4;367.05;10277.47
2020;Misiones;Agricultura y Ganaderia;3F. Quema a campo de residuos agrícolas;CH4;16.98;475.38
2020;Salta;Agricultura y Ganaderia;3F. Quema a campo de residuos agrícolas;CH4;186.75;5229.14
2020;Santiago del Estero;Agricultura y Ganaderia;3F. Quema a campo de residuos agrícolas;CH4;6.79;190.15
2020;Tucumán;Agricultura y Ganaderia;3F. Quema a campo de residuos agrícolas;CH4;1561.95;43734.6
2021;Catamarca;Agricultura y Ganaderia;3F. Quema a campo de residuos agrícolas;CH4;15.43;432.1
2021;Jujuy;Agricultura y Ganaderia;3F. Quema a campo de residuos agrícolas;CH4;273.74;7664.8
2021;Salta;Agricultura y Ganaderia;3F. Quema a campo de residuos agrícolas;CH4;369.39;10342.79
2021;Santiago del Estero;Agricultura y Ganaderia;3F. Quema a campo de residuos agrícolas;CH4;130.78;3661.88
2021;Tucumán;Agricultura y Ganaderia;3F. Quema a campo de residuos agrícolas;CH4;965.95;27046.66
2022;Catamarca;Agricultura y Ganaderia;3F. Quema a campo de residuos agrícolas;CH4;7.21;201.92
2022;Jujuy;Agricultura y Ganaderia;3F. Quema a campo de residuos agrícolas;CH4;244.91;6857.6
2022;Salta;Agricultura y Ganaderia;3F. Quema a campo de residuos agrícolas;CH4;293.23;8210.56
2022;Santiago del Estero;Agricultura y Ganaderia;3F. Quema a campo de residuos agrícolas;CH4;53.94;1510.39
2022;Tucumán;Agricultura y Ganaderia;3F. Quema a campo de residuos agrícolas;CH4;1110.56;31095.79
2020;Jujuy;Agricultura y Ganaderia;3F. Quema a campo de residuos agrícolas;N2O;9.52;2521.79
2020;Misiones;Agricultura y Ganaderia;3F. Quema a campo de residuos agrícolas;N2O;0.44;116.64
2020;Salta;Agricultura y Ganaderia;3F. Quema a campo de residuos agrícolas;N2O;4.84;1283.08
2020;Santiago del Estero;Agricultura y Ganaderia;3F. Quema a campo de residuos agrícolas;N2O;0.18;46.66
2020;Tucumán;Agricultura y Ganaderia;3F. Quema a campo de residuos agrícolas;N2O;40.5;10731.18
2021;Catamarca;Agricultura y Ganaderia;3F. Quema a campo de residuos agrícolas;N2O;0.4;106.02
2021;Jujuy;Agricultura y Ganaderia;3F. Quema a campo de residuos agrícolas;N2O;7.1;1880.72
2021;Salta;Agricultura y Ganaderia;3F. Quema a campo de residuos agrícolas;N2O;9.58;2537.81
2021;Santiago del Estero;Agricultura y Ganaderia;3F. Quema a campo de residuos agrícolas;N2O;3.39;898.52
2021;Tucumán;Agricultura y Ganaderia;3F. Quema a campo de residuos agrícolas;N2O;25.04;6636.45
2022;Catamarca;Agricultura y Ganaderia;3F. Quema a campo de residuos agrícolas;N2O;0.19;49.55
2022;Jujuy;Agricultura y Ganaderia;3F. Quema a campo de residuos agrícolas;N2O;6.35;1682.65
2022;Salta;Agricultura y Ganaderia;3F. Quema a campo de residuos agrícolas;N2O;7.6;2014.63
2022;Santiago del Estero;Agricultura y Ganaderia;3F. Quema a campo de residuos agrícolas;N2O;1.4;370.6
2022;Tucumán;Agricultura y Ganaderia;3F. Quema a campo de residuos agrícolas;N2O;28.79;7629.99
2020;Corrientes;Agricultura y Ganaderia;3C. Cultivo del arroz;CH4;10342.25;289582.86
2020;Chaco;Agricultura y Ganaderia;3C. Cultivo del arroz;CH4;452.12;12659.36
2020;Entre Ríos;Agricultura y Ganaderia;3C. Cultivo del arroz;CH4;6171.44;172800.26
2020;Formosa;Agricultura y Ganaderia;3C. Cultivo del arroz;CH4;1017.27;28483.56
2020;Santa Fe;Agricultura y Ganaderia;3C. Cultivo del arroz;CH4;2961.39;82918.81
2021;Corrientes;Agricultura y Ganaderia;3C. Cultivo del arroz;CH4;10342.25;289582.86
2021;Chaco;Agricultura y Ganaderia;3C. Cultivo del arroz;CH4;644.27;18039.59
2021;Entre Ríos;Agricultura y Ganaderia;3C. Cultivo del arroz;CH4;7120.32;199369.1
2021;Formosa;Agricultura y Ganaderia;3C. Cultivo del arroz;CH4;1231.8;34490.43
2021;Santa Fe;Agricultura y Ganaderia;3C. Cultivo del arroz;CH4;3266.57;91463.88
2022;Corrientes;Agricultura y Ganaderia;3C. Cultivo del arroz;CH4;8228.58;230400.35
2022;Chaco;Agricultura y Ganaderia;3C. Cultivo del arroz;CH4;779.91;21837.4
2022;Entre Ríos;Agricultura y Ganaderia;3C. Cultivo del arroz;CH4;7290.44;204132.18
2022;Formosa;Agricultura y Ganaderia;3C. Cultivo del arroz;CH4;1296.45;36300.71
2022;Santa Fe;Agricultura y Ganaderia;3C. Cultivo del arroz;CH4;3436.11;96211.14
2010;Jurisdiccion sin determinar;Procesos industriales y uso de productos;2A. Industria de los minerales;CO2;4353361.14;4353361.14
2011;Jurisdiccion sin determinar;Procesos industriales y uso de productos;2A. Industria de los minerales;CO2;4694682.5;4694682.5
2012;Jurisdiccion sin determinar;Procesos industriales y uso de productos;2A. Industria de los minerales;CO2;4533282.44;4533282.44
2013;Jurisdiccion sin determinar;Procesos industriales y uso de productos;2A. Industria de los minerales;CO2;4568103.51;4568103.51
2014;Jurisdiccion sin determinar;Procesos industriales y uso de productos;2A. Industria de los minerales;CO2;4478647.7;4478647.7
2015;Jurisdiccion sin determinar;Procesos industriales y uso de productos;2A. Industria de los minerales;CO2;4635949.99;4635949.99
2016;Jurisdiccion sin determinar;Procesos industriales y uso de productos;2A. Industria de los minerales;CO2;4132609.25;4132609.25
2017;Jurisdiccion sin determinar;Procesos industriales y uso de productos;2A. Industria de los minerales;CO2;4527686.5;4527686.5
2018;Jurisdiccion sin determinar;Procesos industriales y uso de productos;2A. Industria de los minerales;CO2;4534536.88;4534536.88
2019;Jurisdiccion sin determinar;Procesos industriales y uso de productos;2A. Industria de los minerales;CO2;4298125.56;4298125.56
2020;Jurisdiccion sin determinar;Procesos industriales y uso de productos;2A. Industria de los minerales;CO2;3641662.59;3641662.59
2021;Jurisdiccion sin determinar;Procesos industriales y uso de productos;2A. Industria de los minerales;CO2;4848046.33;4848046.33
2022;Jurisdiccion sin determinar;Procesos industriales y uso de productos;2A. Industria de los minerales;CO2;5254690.51;5254690.51
2010;Buenos Aires;Procesos industriales y uso de productos;2B. Industria química;CO2;544294.6;544294.6
2010;Córdoba;Procesos industriales y uso de productos;2B. Industria química;CO2;16446.25;16446.25
2010;Córdoba;Procesos industriales y uso de productos;2B. Industria química;N2O;246.8;65401.47
2010;San Juan;Procesos industriales y uso de productos;2B. Industria química;CO2;72270.0;72270.0
2010;Río Negro;Procesos industriales y uso de productos;2B. Industria química;CO2;56440.0;56440.0
2010;Neuquén;Procesos industriales y uso de productos;2B. Industria química;CO2;243762.18;243762.18
2010;Santa Fe;Procesos industriales y uso de productos;2B. Industria química;CO2;29654.77;29654.77
2010;Jurisdiccion sin determinar;Procesos industriales y uso de productos;2B. Industria química;CO2;656601.01;656601.01
2010;Neuquén;Procesos industriales y uso de productos;2B. Industria química;CH4;836.8;23430.28
2010;Santa Fe;Procesos industriales y uso de productos;2B. Industria química;CH4;101.8;2850.4
2010;Jurisdiccion sin determinar;Procesos industriales y uso de productos;2B. Industria química;CH4;3839.77;107513.62
2010;Buenos Aires;Procesos industriales y uso de productos;2B. Industria química;CH4;3.84;107.43
2010;San Luis;Procesos industriales y uso de productos;2B. Industria química;HFC-23;4.63;57474.0
2011;Buenos Aires;Procesos industriales y uso de productos;2B. Industria química;CO2;728147.33;728147.33
2011;Córdoba;Procesos industriales y uso de productos;2B. Industria química;CO2;20889.46;20889.46
2011;Córdoba;Procesos industriales y uso de productos;2B. Industria química;N2O;263.68;69875.73
2011;San Juan;Procesos industriales y uso de productos;2B. Industria química;CO2;72270.0;72270.0
2011;Río Negro;Procesos industriales y uso de productos;2B. Industria química;CO2;54620.0;54620.0
2011;Neuquén;Procesos industriales y uso de productos;2B. Industria química;CO2;239292.35;239292.35
2011;Santa Fe;Procesos industriales y uso de productos;2B. Industria química;CO2;29110.99;29110.99
2011;Jurisdiccion sin determinar;Procesos industriales y uso de productos;2B. Industria química;CO2;671927.4;671927.4
2011;Neuquén;Procesos industriales y uso de productos;2B. Industria química;CH4;821.45;23000.64
2011;Santa Fe;Procesos industriales y uso de productos;2B. Industria química;CH4;99.93;2798.13
2011;Jurisdiccion sin determinar;Procesos industriales y uso de productos;2B. Industria química;CH4;3929.4;110023.2
2011;Buenos Aires;Procesos industriales y uso de productos;2B. Industria química;CH4;4.35;121.77
2011;San Luis;Procesos industriales y uso de productos;2B. Industria química;HFC-23;0.25;3136.89
2012;Buenos Aires;Procesos industriales y uso de productos;2B. Industria química;CO2;709522.81;709522.81
2012;Córdoba;Procesos industriales y uso de productos;2B. Industria química;CO2;20850.86;20850.86
2012;Córdoba;Procesos industriales y uso de productos;2B. Industria química;N2O;291.04;77126.13
2012;San Juan;Procesos industriales y uso de productos;2B. Industria química;CO2;72270.0;72270.0
2012;Río Negro;Procesos industriales y uso de productos;2B. Industria química;CO2;58392.5;58392.5
2012;Neuquén;Procesos industriales y uso de productos;2B. Industria química;CO2;245753.69;245753.69
2012;Santa Fe;Procesos industriales y uso de productos;2B. Industria química;CO2;29897.04;29897.04
2012;Jurisdiccion sin determinar;Procesos industriales y uso de productos;2B. Industria química;CO2;698111.95;698111.95
2012;Neuquén;Procesos industriales y uso de productos;2B. Industria química;CH4;843.63;23621.7
2012;Santa Fe;Procesos industriales y uso de productos;2B. Industria química;CH4;102.63;2873.69
2012;Jurisdiccion sin determinar;Procesos industriales y uso de productos;2B. Industria química;CH4;4082.53;114310.73
2012;Buenos Aires;Procesos industriales y uso de productos;2B. Industria química;CH4;4.38;122.73
2013;Buenos Aires;Procesos industriales y uso de productos;2B. Industria química;CO2;699568.83;699568.83
2013;Córdoba;Procesos industriales y uso de productos;2B. Industria química;CO2;20215.06;20215.06
2013;Córdoba;Procesos industriales y uso de productos;2B. Industria química;N2O;255.36;67669.61
2013;San Juan;Procesos industriales y uso de productos;2B. Industria química;CO2;72270.0;72270.0
2013;Río Negro;Procesos industriales y uso de productos;2B. Industria química;CO2;55693.75;55693.75
2013;Neuquén;Procesos industriales y uso de productos;2B. Industria química;CO2;218239.98;218239.98
2013;Santa Fe;Procesos industriales y uso de productos;2B. Industria química;CO2;26549.88;26549.88
2013;Jurisdiccion sin determinar;Procesos industriales y uso de productos;2B. Industria química;CO2;713064.87;713064.87
2013;Neuquén;Procesos industriales y uso de productos;2B. Industria química;CH4;749.18;20977.1
2013;Santa Fe;Procesos industriales y uso de productos;2B. Industria química;CH4;91.14;2551.96
2013;Jurisdiccion sin determinar;Procesos industriales y uso de productos;2B. Industria química;CH4;4169.97;116759.16
2013;Buenos Aires;Procesos industriales y uso de productos;2B. Industria química;CH4;4.63;129.73
2013;San Luis;Procesos industriales y uso de productos;2B. Industria química;HFC-23;19.62;243250.8
2014;Buenos Aires;Procesos industriales y uso de productos;2B. Industria química;CO2;602253.81;602253.81
2014;Córdoba;Procesos industriales y uso de productos;2B. Industria química;CO2;17617.1;17617.1
2014;Córdoba;Procesos industriales y uso de productos;2B. Industria química;N2O;276.52;73276.74
2014;San Juan;Procesos industriales y uso de productos;2B. Industria química;CO2;72270.0;72270.0
2014;Río Negro;Procesos industriales y uso de productos;2B. Industria química;CO2;58980.0;58980.0
2014;Neuquén;Procesos industriales y uso de productos;2B. Industria química;CO2;240498.96;240498.96
2014;Santa Fe;Procesos industriales y uso de productos;2B. Industria química;CO2;29257.78;29257.78
2014;Jurisdiccion sin determinar;Procesos industriales y uso de productos;2B. Industria química;CO2;741700.53;741700.53
2014;Neuquén;Procesos industriales y uso de productos;2B. Industria química;CH4;825.59;23116.62
2014;Santa Fe;Procesos industriales y uso de productos;2B. Industria química;CH4;100.44;2812.24
2014;Jurisdiccion sin determinar;Procesos industriales y uso de productos;2B. Industria química;CH4;4337.43;121448.04
2014;Buenos Aires;Procesos industriales y uso de productos;2B. Industria química;CH4;4.63;129.69
2014;San Luis;Procesos industriales y uso de productos;2B. Industria química;HFC-23;68.58;850373.4
2015;Buenos Aires;Procesos industriales y uso de productos;2B. Industria química;CO2;580265.64;580265.64
2015;Córdoba;Procesos industriales y uso de productos;2B. Industria química;CO2;16754.79;16754.79
2015;Córdoba;Procesos industriales y uso de productos;2B. Industria química;N2O;239.63;63500.63
2015;San Juan;Procesos industriales y uso de productos;2B. Industria química;CO2;72270.0;72270.0
2015;Río Negro;Procesos industriales y uso de productos;2B. Industria química;CO2;58980.0;58980.0
2015;Neuquén;Procesos industriales y uso de productos;2B. Industria química;CO2;253891.74;253891.74
2015;Santa Fe;Procesos industriales y uso de productos;2B. Industria química;CO2;30887.07;30887.07
2015;Jurisdiccion sin determinar;Procesos industriales y uso de productos;2B. Industria química;CO2;736706.99;736706.99
2015;Neuquén;Procesos industriales y uso de productos;2B. Industria química;CH4;871.57;24403.92
2015;Santa Fe;Procesos industriales y uso de productos;2B. Industria química;CH4;106.03;2968.85
2015;Jurisdiccion sin determinar;Procesos industriales y uso de productos;2B. Industria química;CH4;4308.23;120630.38
2015;Buenos Aires;Procesos industriales y uso de productos;2B. Industria química;CH4;4.59;128.44
2015;San Luis;Procesos industriales y uso de productos;2B. Industria química;HFC-23;73.38;909904.56
2016;Buenos Aires;Procesos industriales y uso de productos;2B. Industria química;CO2;654635.18;654635.18
2016;Córdoba;Procesos industriales y uso de productos;2B. Industria química;CO2;20399.2;20399.2
2016;Jurisdiccion sin determinar;Procesos industriales y uso de productos;2B. Industria química;N2O;150.89;39986.91
2016;San Juan;Procesos industriales y uso de productos;2B. Industria química;CO2;72270.0;72270.0
2016;Río Negro;Procesos industriales y uso de productos;2B. Industria química;CO2;58980.0;58980.0
2016;Neuquén;Procesos industriales y uso de productos;2B. Industria química;CO2;232380.62;232380.62
2016;Santa Fe;Procesos industriales y uso de productos;2B. Industria química;CO2;28270.15;28270.15
2016;Jurisdiccion sin determinar;Procesos industriales y uso de productos;2B. Industria química;CO2;791284.03;791284.03
2016;Neuquén;Procesos industriales y uso de productos;2B. Industria química;CH4;797.72;22336.29
2016;Santa Fe;Procesos industriales y uso de productos;2B. Industria química;CH4;97.05;2717.31
2016;Jurisdiccion sin determinar;Procesos industriales y uso de productos;2B. Industria química;CH4;4627.39;129566.98
2016;Buenos Aires;Procesos industriales y uso de productos;2B. Industria química;CH4;4.84;135.54
2016;San Luis;Procesos industriales y uso de productos;2B. Industria química;HFC-23;52.26;648057.48
2017;Buenos Aires;Procesos industriales y uso de productos;2B. Industria química;CO2;683643.87;683643.87
2017;Córdoba;Procesos industriales y uso de productos;2B. Industria química;CO2;23594.93;23594.93
2017;Jurisdiccion sin determinar;Procesos industriales y uso de productos;2B. Industria química;N2O;231.99;61478.15
2017;San Juan;Procesos industriales y uso de productos;2B. Industria química;CO2;72270.0;72270.0
2017;Río Negro;Procesos industriales y uso de productos;2B. Industria química;CO2;58980.0;58980.0
2017;Neuquén;Procesos industriales y uso de productos;2B. Industria química;CO2;209657.52;209657.52
2017;Santa Fe;Procesos industriales y uso de productos;2B. Industria química;CO2;25505.78;25505.78
2017;Jurisdiccion sin determinar;Procesos industriales y uso de productos;2B. Industria química;CO2;745237.15;745237.15
2017;Neuquén;Procesos industriales y uso de productos;2B. Industria química;CH4;719.72;20152.16
2017;Santa Fe;Procesos industriales y uso de productos;2B. Industria química;CH4;87.56;2451.6
2017;Jurisdiccion sin determinar;Procesos industriales y uso de productos;2B. Industria química;CH4;4358.11;122027.14
2017;Buenos Aires;Procesos industriales y uso de productos;2B. Industria química;CH4;4.23;118.31
2017;San Luis;Procesos industriales y uso de productos;2B. Industria química;HFC-23;54.69;678178.32
2018;Buenos Aires;Procesos industriales y uso de productos;2B. Industria química;CO2;557404.63;557404.63
2018;Córdoba;Procesos industriales y uso de productos;2B. Industria química;CO2;17265.92;17265.92
2018;Jurisdiccion sin determinar;Procesos industriales y uso de productos;2B. Industria química;N2O;211.44;56030.81
2018;San Juan;Procesos industriales y uso de productos;2B. Industria química;CO2;72270.0;72270.0
2018;Río Negro;Procesos industriales y uso de productos;2B. Industria química;CO2;58980.0;58980.0
2018;Neuquén;Procesos industriales y uso de productos;2B. Industria química;CO2;282141.95;282141.95
2018;Santa Fe;Procesos industriales y uso de productos;2B. Industria química;CO2;34323.84;34323.84
2018;Jurisdiccion sin determinar;Procesos industriales y uso de productos;2B. Industria química;CO2;736726.48;736726.48
2018;Neuquén;Procesos industriales y uso de productos;2B. Industria química;CH4;968.55;27119.32
2018;Santa Fe;Procesos industriales y uso de productos;2B. Industria química;CH4;117.83;3299.19
2018;Jurisdiccion sin determinar;Procesos industriales y uso de productos;2B. Industria química;CH4;4308.34;120633.58
2018;Buenos Aires;Procesos industriales y uso de productos;2B. Industria química;CH4;4.2;117.49
2018;San Luis;Procesos industriales y uso de productos;2B. Industria química;HFC-23;35.74;443223.12
2019;Buenos Aires;Procesos industriales y uso de productos;2B. Industria química;CO2;671661.93;671661.93
2019;Jurisdiccion sin determinar;Procesos industriales y uso de productos;2B. Industria química;N2O;186.89;49524.53
2019;San Juan;Procesos industriales y uso de productos;2B. Industria química;CO2;72270.0;72270.0
2019;Río Negro;Procesos industriales y uso de productos;2B. Industria química;CO2;58980.0;58980.0
2019;Neuquén;Procesos industriales y uso de productos;2B. Industria química;CO2;272640.19;272640.19
2019;Santa Fe;Procesos industriales y uso de productos;2B. Industria química;CO2;33167.91;33167.91
2019;Jurisdiccion sin determinar;Procesos industriales y uso de productos;2B. Industria química;CO2;560307.83;560307.83
2019;Neuquén;Procesos industriales y uso de productos;2B. Industria química;CH4;935.93;26206.01
2019;Santa Fe;Procesos industriales y uso de productos;2B. Industria química;CH4;113.86;3188.08
2019;Jurisdiccion sin determinar;Procesos industriales y uso de productos;2B. Industria química;CH4;3276.65;91746.31
2019;Buenos Aires;Procesos industriales y uso de productos;2B. Industria química;CH4;3.64;101.83
2019;San Luis;Procesos industriales y uso de productos;2B. Industria química;HFC-23;48.17;597350.16
2020;Buenos Aires;Procesos industriales y uso de productos;2B. Industria química;CO2;696057.84;696057.84
2020;Jurisdiccion sin determinar;Procesos industriales y uso de productos;2B. Industria química;N2O;179.29;47511.59
2020;San Juan;Procesos industriales y uso de productos;2B. Industria química;CO2;72270.0;72270.0
2020;Río Negro;Procesos industriales y uso de productos;2B. Industria química;CO2;58980.0;58980.0
2020;Neuquén;Procesos industriales y uso de productos;2B. Industria química;CO2;133516.22;133516.22
2020;Santa Fe;Procesos industriales y uso de productos;2B. Industria química;CO2;16242.85;16242.85
2020;Jurisdiccion sin determinar;Procesos industriales y uso de productos;2B. Industria química;CO2;755940.38;755940.38
2020;Neuquén;Procesos industriales y uso de productos;2B. Industria química;CH4;458.34;12833.5
2020;Santa Fe;Procesos industriales y uso de productos;2B. Industria química;CH4;55.76;1561.25
2020;Jurisdiccion sin determinar;Procesos industriales y uso de productos;2B. Industria química;CH4;4420.7;123779.71
2020;Buenos Aires;Procesos industriales y uso de productos;2B. Industria química;CH4;3.83;107.2
2020;San Luis;Procesos industriales y uso de productos;2B. Industria química;HFC-23;36.17;448494.36
2021;Buenos Aires;Procesos industriales y uso de productos;2B. Industria química;CO2;490010.38;490010.38
2021;Salta;Procesos industriales y uso de productos;2B. Industria química;CO2;85159.69;85159.69
2021;Jurisdiccion sin determinar;Procesos industriales y uso de productos;2B. Industria química;N2O;362.75;96129.81
2021;San Juan;Procesos industriales y uso de productos;2B. Industria química;CO2;72270.0;72270.0
2021;Río Negro;Procesos industriales y uso de productos;2B. Industria química;CO2;58980.0;58980.0
2021;Neuquén;Procesos industriales y uso de productos;2B. Industria química;CO2;225053.15;225053.15
2021;Santa Fe;Procesos industriales y uso de productos;2B. Industria química;CO2;27378.73;27378.73
2021;Jurisdiccion sin determinar;Procesos industriales y uso de productos;2B. Industria química;CO2;665951.98;665951.98
2021;Neuquén;Procesos industriales y uso de productos;2B. Industria química;CH4;772.57;21631.97
2021;Santa Fe;Procesos industriales y uso de productos;2B. Industria química;CH4;93.99;2631.63
2021;Jurisdiccion sin determinar;Procesos industriales y uso de productos;2B. Industria química;CH4;3894.46;109044.77
2021;Buenos Aires;Procesos industriales y uso de productos;2B. Industria química;CH4;4.25;118.98
2021;San Luis;Procesos industriales y uso de productos;2B. Industria química;HFC-23;33.31;413044.0
2022;Buenos Aires;Procesos industriales y uso de productos;2B. Industria química;CO2;727519.81;727519.81
2022;Salta;Procesos industriales y uso de productos;2B. Industria química;CO2;127177.94;127177.94
2022;Jurisdiccion sin determinar;Procesos industriales y uso de productos;2B. Industria química;N2O;632.55;167624.96
2022;San Juan;Procesos industriales y uso de productos;2B. Industria química;CO2;72270.0;72270.0
2022;Río Negro;Procesos industriales y uso de productos;2B. Industria química;CO2;58980.0;58980.0
2022;Neuquén;Procesos industriales y uso de productos;2B. Industria química;CO2;252306.42;252306.42
2022;Santa Fe;Procesos industriales y uso de productos;2B. Industria química;CO2;30694.21;30694.21
2022;Jurisdiccion sin determinar;Procesos industriales y uso de productos;2B. Industria química;CO2;726074.55;726074.55
2022;Neuquén;Procesos industriales y uso de productos;2B. Industria química;CH4;866.13;24251.54
2022;Santa Fe;Procesos industriales y uso de productos;2B. Industria química;CH4;105.37;2950.31
2022;Jurisdiccion sin determinar;Procesos industriales y uso de productos;2B. Industria química;CH4;4246.05;118889.4
2022;Buenos Aires;Procesos industriales y uso de productos;2B. Industria química;CH4;4.56;127.8
2022;San Luis;Procesos industriales y uso de productos;2B. Industria química;HFC-23;17.31;214644.0
2010;Jurisdiccion sin determinar;Procesos industriales y uso de productos;2C. Industria de los metales;CO2;6292531.94;6292531.94
2011;Jurisdiccion sin determinar;Procesos industriales y uso de productos;2C. Industria de los metales;CO2;6918844.72;6918844.72
2012;Jurisdiccion sin determinar;Procesos industriales y uso de productos;2C. Industria de los metales;CO2;5691731.87;5691731.87
2013;Jurisdiccion sin determinar;Procesos industriales y uso de productos;2C. Industria de los metales;CO2;6312100.15;6312100.15
2014;Jurisdiccion sin determinar;Procesos industriales y uso de productos;2C. Industria de los metales;CO2;6801692.23;6801692.23
2015;Jurisdiccion sin determinar;Procesos industriales y uso de productos;2C. Industria de los metales;CO2;6351077.46;6351077.46
2016;Jurisdiccion sin determinar;Procesos industriales y uso de productos;2C. Industria de los metales;CO2;4949666.92;4949666.92
2017;Jurisdiccion sin determinar;Procesos industriales y uso de productos;2C. Industria de los metales;CO2;5397392.6;5397392.6
2018;Jurisdiccion sin determinar;Procesos industriales y uso de productos;2C. Industria de los metales;CO2;5769195.98;5769195.98
2019;Jurisdiccion sin determinar;Procesos industriales y uso de productos;2C. Industria de los metales;CO2;4934058.63;4934058.63
2020;Jurisdiccion sin determinar;Procesos industriales y uso de productos;2C. Industria de los metales;CO2;4311392.79;4311392.79
2021;Jurisdiccion sin determinar;Procesos industriales y uso de productos;2C. Industria de los metales;CO2;5147254.51;5147254.51
2022;Jurisdiccion sin determinar;Procesos industriales y uso de productos;2C. Industria de los metales;CO2;5284891.91;5284891.91
2010;Jurisdiccion sin determinar;Procesos industriales y uso de productos;2C. Industria de los metales;CH4;98.64;2761.98
2011;Jurisdiccion sin determinar;Procesos industriales y uso de productos;2C. Industria de los metales;CH4;103.81;2906.55
2012;Jurisdiccion sin determinar;Procesos industriales y uso de productos;2C. Industria de los metales;CH4;97.7;2735.49
2013;Jurisdiccion sin determinar;Procesos industriales y uso de productos;2C. Industria de los metales;CH4;103.03;2884.8
2014;Jurisdiccion sin determinar;Procesos industriales y uso de productos;2C. Industria de los metales;CH4;99.58;2788.32
2015;Jurisdiccion sin determinar;Procesos industriales y uso de productos;2C. Industria de los metales;CH4;104.15;2916.17
2016;Jurisdiccion sin determinar;Procesos industriales y uso de productos;2C. Industria de los metales;CH4;94.93;2657.97
2017;Jurisdiccion sin determinar;Procesos industriales y uso de productos;2C. Industria de los metales;CH4;100.52;2814.46
2018;Jurisdiccion sin determinar;Procesos industriales y uso de productos;2C. Industria de los metales;CH4;102.04;2857.12
2019;Jurisdiccion sin determinar;Procesos industriales y uso de productos;2C. Industria de los metales;CH4;97.13;2719.59
2020;Jurisdiccion sin determinar;Procesos industriales y uso de productos;2C. Industria de los metales;CH4;102.19;2861.29
2021;Jurisdiccion sin determinar;Procesos industriales y uso de productos;2C. Industria de los metales;CH4;92.07;2578.04
2022;Jurisdiccion sin determinar;Procesos industriales y uso de productos;2C. Industria de los metales;CH4;91.69;2567.36
2010;San Juan;Procesos industriales y uso de productos;2C. Industria de los metales;CO2;45655.0;45655.0
2011;San Juan;Procesos industriales y uso de productos;2C. Industria de los metales;CO2;45655.0;45655.0
2012;San Juan;Procesos industriales y uso de productos;2C. Industria de los metales;CO2;45655.0;45655.0
2013;San Juan;Procesos industriales y uso de productos;2C. Industria de los metales;CO2;45655.0;45655.0
2014;San Juan;Procesos industriales y uso de productos;2C. Industria de los metales;CO2;45655.0;45655.0
2015;San Juan;Procesos industriales y uso de productos;2C. Industria de los metales;CO2;45655.0;45655.0
2016;San Juan;Procesos industriales y uso de productos;2C. Industria de los metales;CO2;45655.0;45655.0
2017;San Juan;Procesos industriales y uso de productos;2C. Industria de los metales;CO2;45655.0;45655.0
2018;San Juan;Procesos industriales y uso de productos;2C. Industria de los metales;CO2;45655.0;45655.0
2019;San Juan;Procesos industriales y uso de productos;2C. Industria de los metales;CO2;45655.0;45655.0
2020;San Juan;Procesos industriales y uso de productos;2C. Industria de los metales;CO2;45655.0;45655.0
2021;San Juan;Procesos industriales y uso de productos;2C. Industria de los metales;CO2;45655.0;45655.0
2022;San Juan;Procesos industriales y uso de productos;2C. Industria de los metales;CO2;45655.0;45655.0
2010;San Juan;Procesos industriales y uso de productos;2C. Industria de los metales;CH4;14.37;402.36
2011;San Juan;Procesos industriales y uso de productos;2C. Industria de los metales;CH4;14.37;402.36
2012;San Juan;Procesos industriales y uso de productos;2C. Industria de los metales;CH4;14.37;402.36
2013;San Juan;Procesos industriales y uso de productos;2C. Industria de los metales;CH4;14.37;402.36
2014;San Juan;Procesos industriales y uso de productos;2C. Industria de los metales;CH4;14.37;402.36
2015;San Juan;Procesos industriales y uso de productos;2C. Industria de los metales;CH4;14.37;402.36
2016;San Juan;Procesos industriales y uso de productos;2C. Industria de los metales;CH4;14.37;402.36
2017;San Juan;Procesos industriales y uso de productos;2C. Industria de los metales;CH4;14.37;402.36
2018;San Juan;Procesos industriales y uso de productos;2C. Industria de los metales;CH4;14.37;402.36
2019;San Juan;Procesos industriales y uso de productos;2C. Industria de los metales;CH4;14.37;402.36
2020;San Juan;Procesos industriales y uso de productos;2C. Industria de los metales;CH4;14.37;402.36
2021;San Juan;Procesos industriales y uso de productos;2C. Industria de los metales;CH4;14.37;402.36
2022;San Juan;Procesos industriales y uso de productos;2C. Industria de los metales;CH4;14.37;402.36
2010;Chubut;Procesos industriales y uso de productos;2C. Industria de los metales;CO2;662881.6;662881.6
2011;Chubut;Procesos industriales y uso de productos;2C. Industria de los metales;CO2;670708.8;670708.8
2012;Chubut;Procesos industriales y uso de productos;2C. Industria de los metales;CO2;656508.8;656508.8
2013;Chubut;Procesos industriales y uso de productos;2C. Industria de los metales;CO2;703718.4;703718.4
2014;Chubut;Procesos industriales y uso de productos;2C. Industria de los metales;CO2;712019.2;712019.2
2015;Chubut;Procesos industriales y uso de productos;2C. Industria de los metales;CO2;691041.6;691041.6
2016;Chubut;Procesos industriales y uso de productos;2C. Industria de los metales;CO2;686331.2;686331.2
2017;Chubut;Procesos industriales y uso de productos;2C. Industria de los metales;CO2;689982.4;689982.4
2018;Chubut;Procesos industriales y uso de productos;2C. Industria de los metales;CO2;703360.0;703360.0
2019;Chubut;Procesos industriales y uso de productos;2C. Industria de los metales;CO2;701494.4;701494.4
2020;Chubut;Procesos industriales y uso de productos;2C. Industria de los metales;CO2;495686.4;495686.4
2021;Chubut;Procesos industriales y uso de productos;2C. Industria de los metales;CO2;541182.4;541182.4
2022;Chubut;Procesos industriales y uso de productos;2C. Industria de los metales;CO2;640060.8;640060.8
2010;Chubut;Procesos industriales y uso de productos;2C. Industria de los metales;PFC-143 (CF4);1.52;10062.02
2011;Chubut;Procesos industriales y uso de productos;2C. Industria de los metales;PFC-143 (CF4);1.54;10180.83
2012;Chubut;Procesos industriales y uso de productos;2C. Industria de los metales;PFC-143 (CF4);1.5;9965.29
2013;Chubut;Procesos industriales y uso de productos;2C. Industria de los metales;PFC-143 (CF4);1.61;10681.89
2014;Chubut;Procesos industriales y uso de productos;2C. Industria de los metales;PFC-143 (CF4);1.63;10807.89
2015;Chubut;Procesos industriales y uso de productos;2C. Industria de los metales;PFC-143 (CF4);1.58;10489.47
2016;Chubut;Procesos industriales y uso de productos;2C. Industria de los metales;PFC-143 (CF4);1.57;10417.97
2017;Chubut;Procesos industriales y uso de productos;2C. Industria de los metales;PFC-143 (CF4);1.58;10473.39
2018;Chubut;Procesos industriales y uso de productos;2C. Industria de los metales;PFC-143 (CF4);1.61;10676.45
2019;Chubut;Procesos industriales y uso de productos;2C. Industria de los metales;PFC-143 (CF4);1.61;10648.13
2020;Chubut;Procesos industriales y uso de productos;2C. Industria de los metales;PFC-143 (CF4);1.13;7524.13
2021;Chubut;Procesos industriales y uso de productos;2C. Industria de los metales;PFC-143 (CF4);1.24;8214.72
2022;Chubut;Procesos industriales y uso de productos;2C. Industria de los metales;PFC-143 (CF4);1.47;9715.62
2010;Chubut;Procesos industriales y uso de productos;2C. Industria de los metales;PFC-116 (C2F6);0.18;2038.36
2011;Chubut;Procesos industriales y uso de productos;2C. Industria de los metales;PFC-116 (C2F6);0.19;2062.42
2012;Chubut;Procesos industriales y uso de productos;2C. Industria de los metales;PFC-116 (C2F6);0.18;2018.76
2013;Chubut;Procesos industriales y uso de productos;2C. Industria de los metales;PFC-116 (C2F6);0.19;2163.93
2014;Chubut;Procesos industriales y uso de productos;2C. Industria de los metales;PFC-116 (C2F6);0.2;2189.45
2015;Chubut;Procesos industriales y uso de productos;2C. Industria de los metales;PFC-116 (C2F6);0.19;2124.95
2016;Chubut;Procesos industriales y uso de productos;2C. Industria de los metales;PFC-116 (C2F6);0.19;2110.46
2017;Chubut;Procesos industriales y uso de productos;2C. Industria de los metales;PFC-116 (C2F6);0.19;2121.69
2018;Chubut;Procesos industriales y uso de productos;2C. Industria de los metales;PFC-116 (C2F6);0.19;2162.83
2019;Chubut;Procesos industriales y uso de productos;2C. Industria de los metales;PFC-116 (C2F6);0.19;2157.09
2020;Chubut;Procesos industriales y uso de productos;2C. Industria de los metales;PFC-116 (C2F6);0.14;1524.23
2021;Chubut;Procesos industriales y uso de productos;2C. Industria de los metales;PFC-116 (C2F6);0.15;1664.13
2022;Chubut;Procesos industriales y uso de productos;2C. Industria de los metales;PFC-116 (C2F6);0.18;1968.18
2010;Jurisdiccion sin determinar;Procesos industriales y uso de productos;2D. Uso prod. no energéticos de combustibles y solvente;CO2;1118.01;1118.01
2010;Ciudad Autónoma de Buenos Aires;Procesos industriales y uso de productos;2D. Uso prod. no energéticos de combustibles y solvente;CO2;10874.83;10874.83
2010;Buenos Aires;Procesos industriales y uso de productos;2D. Uso prod. no energéticos de combustibles y solvente;CO2;96249.76;96249.76
2010;Catamarca;Procesos industriales y uso de productos;2D. Uso prod. no energéticos de combustibles y solvente;CO2;782.8;782.8
2010;Córdoba;Procesos industriales y uso de productos;2D. Uso prod. no energéticos de combustibles y solvente;CO2;13010.37;13010.37
2010;Corrientes;Procesos industriales y uso de productos;2D. Uso prod. no energéticos de combustibles y solvente;CO2;1389.62;1389.62
2010;Chaco;Procesos industriales y uso de productos;2D. Uso prod. no energéticos de combustibles y solvente;CO2;2832.09;2832.09
2010;Chubut;Procesos industriales y uso de productos;2D. Uso prod. no energéticos de combustibles y solvente;CO2;2982.28;2982.28
2010;Entre Ríos;Procesos industriales y uso de productos;2D. Uso prod. no energéticos de combustibles y solvente;CO2;3899.57;3899.57
2010;Formosa;Procesos industriales y uso de productos;2D. Uso prod. no energéticos de combustibles y solvente;CO2;646.56;646.56
2010;Jujuy;Procesos industriales y uso de productos;2D. Uso prod. no energéticos de combustibles y solvente;CO2;1439.24;1439.24
2010;La Pampa;Procesos industriales y uso de productos;2D. Uso prod. no energéticos de combustibles y solvente;CO2;1323.77;1323.77
2010;La Rioja;Procesos industriales y uso de productos;2D. Uso prod. no energéticos de combustibles y solvente;CO2;503.24;503.24
2010;Mendoza;Procesos industriales y uso de productos;2D. Uso prod. no energéticos de combustibles y solvente;CO2;6086.0;6086.0
2010;Misiones;Procesos industriales y uso de productos;2D. Uso prod. no energéticos de combustibles y solvente;CO2;2717.69;2717.69
2010;Neuquén;Procesos industriales y uso de productos;2D. Uso prod. no energéticos de combustibles y solvente;CO2;3091.0;3091.0
2010;Río Negro;Procesos industriales y uso de productos;2D. Uso prod. no energéticos de combustibles y solvente;CO2;2175.23;2175.23
2010;Salta;Procesos industriales y uso de productos;2D. Uso prod. no energéticos de combustibles y solvente;CO2;2635.36;2635.36
2010;San Juan;Procesos industriales y uso de productos;2D. Uso prod. no energéticos de combustibles y solvente;CO2;2294.95;2294.95
2010;San Luis;Procesos industriales y uso de productos;2D. Uso prod. no energéticos de combustibles y solvente;CO2;1210.46;1210.46
2010;Santa Cruz;Procesos industriales y uso de productos;2D. Uso prod. no energéticos de combustibles y solvente;CO2;1573.37;1573.37
2010;Santa Fe;Procesos industriales y uso de productos;2D. Uso prod. no energéticos de combustibles y solvente;CO2;17428.75;17428.75
2010;Santiago del Estero;Procesos industriales y uso de productos;2D. Uso prod. no energéticos de combustibles y solvente;CO2;1241.77;1241.77
2010;Tucumán;Procesos industriales y uso de productos;2D. Uso prod. no energéticos de combustibles y solvente;CO2;4923.87;4923.87
2010;Tierra del Fuego, Antártida e Islas del Atlántico Sur;Procesos industriales y uso de productos;2D. Uso prod. no energéticos de combustibles y solvente;CO2;747.16;747.16
2011;Jurisdiccion sin determinar;Procesos industriales y uso de productos;2D. Uso prod. no energéticos de combustibles y solvente;CO2;54.29;54.29
2011;Ciudad Autónoma de Buenos Aires;Procesos industriales y uso de productos;2D. Uso prod. no energéticos de combustibles y solvente;CO2;10782.51;10782.51
2011;Buenos Aires;Procesos industriales y uso de productos;2D. Uso prod. no energéticos de combustibles y solvente;CO2;86820.13;86820.13
2011;Catamarca;Procesos industriales y uso de productos;2D. Uso prod. no energéticos de combustibles y solvente;CO2;1385.99;1385.99
2011;Córdoba;Procesos industriales y uso de productos;2D. Uso prod. no energéticos de combustibles y solvente;CO2;13527.79;13527.79
2011;Corrientes;Procesos industriales y uso de productos;2D. Uso prod. no energéticos de combustibles y solvente;CO2;1383.89;1383.89
2011;Chaco;Procesos industriales y uso de productos;2D. Uso prod. no energéticos de combustibles y solvente;CO2;2842.36;2842.36
2011;Chubut;Procesos industriales y uso de productos;2D. Uso prod. no energéticos de combustibles y solvente;CO2;2960.75;2960.75
2011;Entre Ríos;Procesos industriales y uso de productos;2D. Uso prod. no energéticos de combustibles y solvente;CO2;3835.94;3835.94
2011;Formosa;Procesos industriales y uso de productos;2D. Uso prod. no energéticos de combustibles y solvente;CO2;718.67;718.67
2011;Jujuy;Procesos industriales y uso de productos;2D. Uso prod. no energéticos de combustibles y solvente;CO2;1457.84;1457.84
2011;La Pampa;Procesos industriales y uso de productos;2D. Uso prod. no energéticos de combustibles y solvente;CO2;1284.26;1284.26
2011;La Rioja;Procesos industriales y uso de productos;2D. Uso prod. no energéticos de combustibles y solvente;CO2;392.26;392.26
2011;Mendoza;Procesos industriales y uso de productos;2D. Uso prod. no energéticos de combustibles y solvente;CO2;6227.65;6227.65
2011;Misiones;Procesos industriales y uso de productos;2D. Uso prod. no energéticos de combustibles y solvente;CO2;2625.36;2625.36
2011;Neuquén;Procesos industriales y uso de productos;2D. Uso prod. no energéticos de combustibles y solvente;CO2;3589.62;3589.62
2011;Río Negro;Procesos industriales y uso de productos;2D. Uso prod. no energéticos de combustibles y solvente;CO2;1978.96;1978.96
2011;Salta;Procesos industriales y uso de productos;2D. Uso prod. no energéticos de combustibles y solvente;CO2;2877.16;2877.16
2011;San Juan;Procesos industriales y uso de productos;2D. Uso prod. no energéticos de combustibles y solvente;CO2;2985.4;2985.4
2011;San Luis;Procesos industriales y uso de productos;2D. Uso prod. no energéticos de combustibles y solvente;CO2;1285.86;1285.86
2011;Santa Cruz;Procesos industriales y uso de productos;2D. Uso prod. no energéticos de combustibles y solvente;CO2;1672.43;1672.43
2011;Santa Fe;Procesos industriales y uso de productos;2D. Uso prod. no energéticos de combustibles y solvente;CO2;18212.45;18212.45
2011;Santiago del Estero;Procesos industriales y uso de productos;2D. Uso prod. no energéticos de combustibles y solvente;CO2;1340.32;1340.32
2011;Tucumán;Procesos industriales y uso de productos;2D. Uso prod. no energéticos de combustibles y solvente;CO2;4824.65;4824.65
2011;Tierra del Fuego, Antártida e Islas del Atlántico Sur;Procesos industriales y uso de productos;2D. Uso prod. no energéticos de combustibles y solvente;CO2;704.24;704.24
2012;Jurisdiccion sin determinar;Procesos industriales y uso de productos;2D. Uso prod. no energéticos de combustibles y solvente;CO2;38.69;38.69
2012;Ciudad Autónoma de Buenos Aires;Procesos industriales y uso de productos;2D. Uso prod. no energéticos de combustibles y solvente;CO2;11030.31;11030.31
2012;Buenos Aires;Procesos industriales y uso de productos;2D. Uso prod. no energéticos de combustibles y solvente;CO2;84188.12;84188.12
2012;Catamarca;Procesos industriales y uso de productos;2D. Uso prod. no energéticos de combustibles y solvente;CO2;896.24;896.24
2012;Córdoba;Procesos industriales y uso de productos;2D. Uso prod. no energéticos de combustibles y solvente;CO2;11909.07;11909.07
2012;Corrientes;Procesos industriales y uso de productos;2D. Uso prod. no energéticos de combustibles y solvente;CO2;1279.2;1279.2
2012;Chaco;Procesos industriales y uso de productos;2D. Uso prod. no energéticos de combustibles y solvente;CO2;2861.35;2861.35
2012;Chubut;Procesos industriales y uso de productos;2D. Uso prod. no energéticos de combustibles y solvente;CO2;2825.09;2825.09
2012;Entre Ríos;Procesos industriales y uso de productos;2D. Uso prod. no energéticos de combustibles y solvente;CO2;3830.11;3830.11
2012;Formosa;Procesos industriales y uso de productos;2D. Uso prod. no energéticos de combustibles y solvente;CO2;872.17;872.17
2012;Jujuy;Procesos industriales y uso de productos;2D. Uso prod. no energéticos de combustibles y solvente;CO2;1607.4;1607.4
2012;La Pampa;Procesos industriales y uso de productos;2D. Uso prod. no energéticos de combustibles y solvente;CO2;1308.52;1308.52
2012;La Rioja;Procesos industriales y uso de productos;2D. Uso prod. no energéticos de combustibles y solvente;CO2;1194.62;1194.62
2012;Mendoza;Procesos industriales y uso de productos;2D. Uso prod. no energéticos de combustibles y solvente;CO2;5529.25;5529.25
2012;Misiones;Procesos industriales y uso de productos;2D. Uso prod. no energéticos de combustibles y solvente;CO2;2955.06;2955.06
2012;Neuquén;Procesos industriales y uso de productos;2D. Uso prod. no energéticos de combustibles y solvente;CO2;3466.84;3466.84
2012;Río Negro;Procesos industriales y uso de productos;2D. Uso prod. no energéticos de combustibles y solvente;CO2;1821.18;1821.18
2012;Salta;Procesos industriales y uso de productos;2D. Uso prod. no energéticos de combustibles y solvente;CO2;5721.36;5721.36
2012;San Juan;Procesos industriales y uso de productos;2D. Uso prod. no energéticos de combustibles y solvente;CO2;3159.53;3159.53
2012;San Luis;Procesos industriales y uso de productos;2D. Uso prod. no energéticos de combustibles y solvente;CO2;1140.66;1140.66
2012;Santa Cruz;Procesos industriales y uso de productos;2D. Uso prod. no energéticos de combustibles y solvente;CO2;1378.77;1378.77
2012;Santa Fe;Procesos industriales y uso de productos;2D. Uso prod. no energéticos de combustibles y solvente;CO2;17441.51;17441.51
2012;Santiago del Estero;Procesos industriales y uso de productos;2D. Uso prod. no energéticos de combustibles y solvente;CO2;1696.67;1696.67
2012;Tucumán;Procesos industriales y uso de productos;2D. Uso prod. no energéticos de combustibles y solvente;CO2;4496.41;4496.41
2012;Tierra del Fuego, Antártida e Islas del Atlántico Sur;Procesos industriales y uso de productos;2D. Uso prod. no energéticos de combustibles y solvente;CO2;1164.67;1164.67
2013;Jurisdiccion sin determinar;Procesos industriales y uso de productos;2D. Uso prod. no energéticos de combustibles y solvente;CO2;590.14;590.14
2013;Ciudad Autónoma de Buenos Aires;Procesos industriales y uso de productos;2D. Uso prod. no energéticos de combustibles y solvente;CO2;10798.58;10798.58
2013;Buenos Aires;Procesos industriales y uso de productos;2D. Uso prod. no energéticos de combustibles y solvente;CO2;78335.83;78335.83
2013;Catamarca;Procesos industriales y uso de productos;2D. Uso prod. no energéticos de combustibles y solvente;CO2;1770.61;1770.61
2013;Córdoba;Procesos industriales y uso de productos;2D. Uso prod. no energéticos de combustibles y solvente;CO2;12926.56;12926.56
2013;Corrientes;Procesos industriales y uso de productos;2D. Uso prod. no energéticos de combustibles y solvente;CO2;1194.38;1194.38
2013;Chaco;Procesos industriales y uso de productos;2D. Uso prod. no energéticos de combustibles y solvente;CO2;2485.55;2485.55
2013;Chubut;Procesos industriales y uso de productos;2D. Uso prod. no energéticos de combustibles y solvente;CO2;3160.34;3160.34
2013;Entre Ríos;Procesos industriales y uso de productos;2D. Uso prod. no energéticos de combustibles y solvente;CO2;3636.07;3636.07
2013;Formosa;Procesos industriales y uso de productos;2D. Uso prod. no energéticos de combustibles y solvente;CO2;754.34;754.34
2013;Jujuy;Procesos industriales y uso de productos;2D. Uso prod. no energéticos de combustibles y solvente;CO2;1452.19;1452.19
2013;La Pampa;Procesos industriales y uso de productos;2D. Uso prod. no energéticos de combustibles y solvente;CO2;1298.75;1298.75
2013;La Rioja;Procesos industriales y uso de productos;2D. Uso prod. no energéticos de combustibles y solvente;CO2;460.06;460.06
2013;Mendoza;Procesos industriales y uso de productos;2D. Uso prod. no energéticos de combustibles y solvente;CO2;6032.02;6032.02
2013;Misiones;Procesos industriales y uso de productos;2D. Uso prod. no energéticos de combustibles y solvente;CO2;2758.11;2758.11
2013;Neuquén;Procesos industriales y uso de productos;2D. Uso prod. no energéticos de combustibles y solvente;CO2;4245.98;4245.98
2013;Río Negro;Procesos industriales y uso de productos;2D. Uso prod. no energéticos de combustibles y solvente;CO2;1785.58;1785.58
2013;Salta;Procesos industriales y uso de productos;2D. Uso prod. no energéticos de combustibles y solvente;CO2;2732.19;2732.19
2013;San Juan;Procesos industriales y uso de productos;2D. Uso prod. no energéticos de combustibles y solvente;CO2;3212.93;3212.93
2013;San Luis;Procesos industriales y uso de productos;2D. Uso prod. no energéticos de combustibles y solvente;CO2;1198.64;1198.64
2013;Santa Cruz;Procesos industriales y uso de productos;2D. Uso prod. no energéticos de combustibles y solvente;CO2;1420.77;1420.77
2013;Santa Fe;Procesos industriales y uso de productos;2D. Uso prod. no energéticos de combustibles y solvente;CO2;17475.09;17475.09
2013;Santiago del Estero;Procesos industriales y uso de productos;2D. Uso prod. no energéticos de combustibles y solvente;CO2;1260.96;1260.96
2013;Tucumán;Procesos industriales y uso de productos;2D. Uso prod. no energéticos de combustibles y solvente;CO2;4169.99;4169.99
2013;Tierra del Fuego, Antártida e Islas del Atlántico Sur;Procesos industriales y uso de productos;2D. Uso prod. no energéticos de combustibles y solvente;CO2;881.07;881.07
2014;Jurisdiccion sin determinar;Procesos industriales y uso de productos;2D. Uso prod. no energéticos de combustibles y solvente;CO2;2485.14;2485.14
2014;Ciudad Autónoma de Buenos Aires;Procesos industriales y uso de productos;2D. Uso prod. no energéticos de combustibles y solvente;CO2;8616.96;8616.96
2014;Buenos Aires;Procesos industriales y uso de productos;2D. Uso prod. no energéticos de combustibles y solvente;CO2;81904.24;81904.24
2014;Catamarca;Procesos industriales y uso de productos;2D. Uso prod. no energéticos de combustibles y solvente;CO2;1759.6;1759.6
2014;Córdoba;Procesos industriales y uso de productos;2D. Uso prod. no energéticos de combustibles y solvente;CO2;12589.3;12589.3
2014;Corrientes;Procesos industriales y uso de productos;2D. Uso prod. no energéticos de combustibles y solvente;CO2;1229.45;1229.45
2014;Chaco;Procesos industriales y uso de productos;2D. Uso prod. no energéticos de combustibles y solvente;CO2;2412.42;2412.42
2014;Chubut;Procesos industriales y uso de productos;2D. Uso prod. no energéticos de combustibles y solvente;CO2;3152.53;3152.53
2014;Entre Ríos;Procesos industriales y uso de productos;2D. Uso prod. no energéticos de combustibles y solvente;CO2;3547.67;3547.67
2014;Formosa;Procesos industriales y uso de productos;2D. Uso prod. no energéticos de combustibles y solvente;CO2;651.05;651.05
2014;Jujuy;Procesos industriales y uso de productos;2D. Uso prod. no energéticos de combustibles y solvente;CO2;1493.23;1493.23
2014;La Pampa;Procesos industriales y uso de productos;2D. Uso prod. no energéticos de combustibles y solvente;CO2;1267.77;1267.77
2014;La Rioja;Procesos industriales y uso de productos;2D. Uso prod. no energéticos de combustibles y solvente;CO2;468.14;468.14
2014;Mendoza;Procesos industriales y uso de productos;2D. Uso prod. no energéticos de combustibles y solvente;CO2;5767.86;5767.86
2014;Misiones;Procesos industriales y uso de productos;2D. Uso prod. no energéticos de combustibles y solvente;CO2;2769.93;2769.93
2014;Neuquén;Procesos industriales y uso de productos;2D. Uso prod. no energéticos de combustibles y solvente;CO2;4309.45;4309.45
2014;Río Negro;Procesos industriales y uso de productos;2D. Uso prod. no energéticos de combustibles y solvente;CO2;1882.0;1882.0
2014;Salta;Procesos industriales y uso de productos;2D. Uso prod. no energéticos de combustibles y solvente;CO2;2821.58;2821.58
2014;San Juan;Procesos industriales y uso de productos;2D. Uso prod. no energéticos de combustibles y solvente;CO2;2970.16;2970.16
2014;San Luis;Procesos industriales y uso de productos;2D. Uso prod. no energéticos de combustibles y solvente;CO2;965.22;965.22
2014;Santa Cruz;Procesos industriales y uso de productos;2D. Uso prod. no energéticos de combustibles y solvente;CO2;1411.28;1411.28
2014;Santa Fe;Procesos industriales y uso de productos;2D. Uso prod. no energéticos de combustibles y solvente;CO2;18477.93;18477.93
2014;Santiago del Estero;Procesos industriales y uso de productos;2D. Uso prod. no energéticos de combustibles y solvente;CO2;1244.0;1244.0
2014;Tucumán;Procesos industriales y uso de productos;2D. Uso prod. no energéticos de combustibles y solvente;CO2;3967.0;3967.0
2014;Tierra del Fuego, Antártida e Islas del Atlántico Sur;Procesos industriales y uso de productos;2D. Uso prod. no energéticos de combustibles y solvente;CO2;998.23;998.23
2015;Jurisdiccion sin determinar;Procesos industriales y uso de productos;2D. Uso prod. no energéticos de combustibles y solvente;CO2;2777.04;2777.04
2015;Ciudad Autónoma de Buenos Aires;Procesos industriales y uso de productos;2D. Uso prod. no energéticos de combustibles y solvente;CO2;8677.27;8677.27
2015;Buenos Aires;Procesos industriales y uso de productos;2D. Uso prod. no energéticos de combustibles y solvente;CO2;90594.12;90594.12
2015;Catamarca;Procesos industriales y uso de productos;2D. Uso prod. no energéticos de combustibles y solvente;CO2;1872.97;1872.97
2015;Córdoba;Procesos industriales y uso de productos;2D. Uso prod. no energéticos de combustibles y solvente;CO2;12760.71;12760.71
2015;Corrientes;Procesos industriales y uso de productos;2D. Uso prod. no energéticos de combustibles y solvente;CO2;1180.44;1180.44
2015;Chaco;Procesos industriales y uso de productos;2D. Uso prod. no energéticos de combustibles y solvente;CO2;2599.22;2599.22
2015;Chubut;Procesos industriales y uso de productos;2D. Uso prod. no energéticos de combustibles y solvente;CO2;3217.02;3217.02
2015;Entre Ríos;Procesos industriales y uso de productos;2D. Uso prod. no energéticos de combustibles y solvente;CO2;3676.95;3676.95
2015;Formosa;Procesos industriales y uso de productos;2D. Uso prod. no energéticos de combustibles y solvente;CO2;653.27;653.27
2015;Jujuy;Procesos industriales y uso de productos;2D. Uso prod. no energéticos de combustibles y solvente;CO2;1512.14;1512.14
2015;La Pampa;Procesos industriales y uso de productos;2D. Uso prod. no energéticos de combustibles y solvente;CO2;1430.45;1430.45
2015;La Rioja;Procesos industriales y uso de productos;2D. Uso prod. no energéticos de combustibles y solvente;CO2;502.2;502.2
2015;Mendoza;Procesos industriales y uso de productos;2D. Uso prod. no energéticos de combustibles y solvente;CO2;5691.45;5691.45
2015;Misiones;Procesos industriales y uso de productos;2D. Uso prod. no energéticos de combustibles y solvente;CO2;2760.51;2760.51
2015;Neuquén;Procesos industriales y uso de productos;2D. Uso prod. no energéticos de combustibles y solvente;CO2;4769.48;4769.48
2015;Río Negro;Procesos industriales y uso de productos;2D. Uso prod. no energéticos de combustibles y solvente;CO2;1723.17;1723.17
2015;Salta;Procesos industriales y uso de productos;2D. Uso prod. no energéticos de combustibles y solvente;CO2;2798.88;2798.88
2015;San Juan;Procesos industriales y uso de productos;2D. Uso prod. no energéticos de combustibles y solvente;CO2;3226.8;3226.8
2015;San Luis;Procesos industriales y uso de productos;2D. Uso prod. no energéticos de combustibles y solvente;CO2;1117.69;1117.69
2015;Santa Cruz;Procesos industriales y uso de productos;2D. Uso prod. no energéticos de combustibles y solvente;CO2;1367.37;1367.37
2015;Santa Fe;Procesos industriales y uso de productos;2D. Uso prod. no energéticos de combustibles y solvente;CO2;18194.73;18194.73
2015;Santiago del Estero;Procesos industriales y uso de productos;2D. Uso prod. no energéticos de combustibles y solvente;CO2;1296.41;1296.41
2015;Tucumán;Procesos industriales y uso de productos;2D. Uso prod. no energéticos de combustibles y solvente;CO2;1105.75;1105.75
2015;Tierra del Fuego, Antártida e Islas del Atlántico Sur;Procesos industriales y uso de productos;2D. Uso prod. no energéticos de combustibles y solvente;CO2;3945.08;3945.08
2016;Jurisdiccion sin determinar;Procesos industriales y uso de productos;2D. Uso prod. no energéticos de combustibles y solvente;CO2;2804.98;2804.98
2016;Ciudad Autónoma de Buenos Aires;Procesos industriales y uso de productos;2D. Uso prod. no energéticos de combustibles y solvente;CO2;8400.18;8400.18
2016;Buenos Aires;Procesos industriales y uso de productos;2D. Uso prod. no energéticos de combustibles y solvente;CO2;85254.7;85254.7
2016;Catamarca;Procesos industriales y uso de productos;2D. Uso prod. no energéticos de combustibles y solvente;CO2;1471.23;1471.23
2016;Córdoba;Procesos industriales y uso de productos;2D. Uso prod. no energéticos de combustibles y solvente;CO2;11561.8;11561.8
2016;Corrientes;Procesos industriales y uso de productos;2D. Uso prod. no energéticos de combustibles y solvente;CO2;1038.92;1038.92
2016;Chaco;Procesos industriales y uso de productos;2D. Uso prod. no energéticos de combustibles y solvente;CO2;2646.76;2646.76
2016;Chubut;Procesos industriales y uso de productos;2D. Uso prod. no energéticos de combustibles y solvente;CO2;2987.28;2987.28
2016;Entre Ríos;Procesos industriales y uso de productos;2D. Uso prod. no energéticos de combustibles y solvente;CO2;3408.82;3408.82
2016;Formosa;Procesos industriales y uso de productos;2D. Uso prod. no energéticos de combustibles y solvente;CO2;545.3;545.3
2016;Jujuy;Procesos industriales y uso de productos;2D. Uso prod. no energéticos de combustibles y solvente;CO2;1453.49;1453.49
2016;La Pampa;Procesos industriales y uso de productos;2D. Uso prod. no energéticos de combustibles y solvente;CO2;1590.42;1590.42
2016;La Rioja;Procesos industriales y uso de productos;2D. Uso prod. no energéticos de combustibles y solvente;CO2;522.92;522.92
2016;Mendoza;Procesos industriales y uso de productos;2D. Uso prod. no energéticos de combustibles y solvente;CO2;5447.32;5447.32
2016;Misiones;Procesos industriales y uso de productos;2D. Uso prod. no energéticos de combustibles y solvente;CO2;2420.9;2420.9
2016;Neuquén;Procesos industriales y uso de productos;2D. Uso prod. no energéticos de combustibles y solvente;CO2;4475.85;4475.85
2016;Río Negro;Procesos industriales y uso de productos;2D. Uso prod. no energéticos de combustibles y solvente;CO2;1535.55;1535.55
2016;Salta;Procesos industriales y uso de productos;2D. Uso prod. no energéticos de combustibles y solvente;CO2;2531.52;2531.52
2016;San Juan;Procesos industriales y uso de productos;2D. Uso prod. no energéticos de combustibles y solvente;CO2;2842.97;2842.97
2016;San Luis;Procesos industriales y uso de productos;2D. Uso prod. no energéticos de combustibles y solvente;CO2;974.28;974.28
2016;Santa Cruz;Procesos industriales y uso de productos;2D. Uso prod. no energéticos de combustibles y solvente;CO2;1367.74;1367.74
2016;Santa Fe;Procesos industriales y uso de productos;2D. Uso prod. no energéticos de combustibles y solvente;CO2;16415.74;16415.74
2016;Santiago del Estero;Procesos industriales y uso de productos;2D. Uso prod. no energéticos de combustibles y solvente;CO2;1186.86;1186.86
2016;Tucumán;Procesos industriales y uso de productos;2D. Uso prod. no energéticos de combustibles y solvente;CO2;884.1;884.1
2016;Tierra del Fuego, Antártida e Islas del Atlántico Sur;Procesos industriales y uso de productos;2D. Uso prod. no energéticos de combustibles y solvente;CO2;4193.52;4193.52
2017;Jurisdiccion sin determinar;Procesos industriales y uso de productos;2D. Uso prod. no energéticos de combustibles y solvente;CO2;2729.76;2729.76
2017;Ciudad Autónoma de Buenos Aires;Procesos industriales y uso de productos;2D. Uso prod. no energéticos de combustibles y solvente;CO2;8973.62;8973.62
2017;Buenos Aires;Procesos industriales y uso de productos;2D. Uso prod. no energéticos de combustibles y solvente;CO2;51225.15;51225.15
2017;Catamarca;Procesos industriales y uso de productos;2D. Uso prod. no energéticos de combustibles y solvente;CO2;1354.36;1354.36
2017;Córdoba;Procesos industriales y uso de productos;2D. Uso prod. no energéticos de combustibles y solvente;CO2;11971.34;11971.34
2017;Corrientes;Procesos industriales y uso de productos;2D. Uso prod. no energéticos de combustibles y solvente;CO2;1166.74;1166.74
2017;Chaco;Procesos industriales y uso de productos;2D. Uso prod. no energéticos de combustibles y solvente;CO2;2477.55;2477.55
2017;Chubut;Procesos industriales y uso de productos;2D. Uso prod. no energéticos de combustibles y solvente;CO2;2892.74;2892.74
2017;Entre Ríos;Procesos industriales y uso de productos;2D. Uso prod. no energéticos de combustibles y solvente;CO2;3423.47;3423.47
2017;Formosa;Procesos industriales y uso de productos;2D. Uso prod. no energéticos de combustibles y solvente;CO2;523.9;523.9
2017;Jujuy;Procesos industriales y uso de productos;2D. Uso prod. no energéticos de combustibles y solvente;CO2;1509.14;1509.14
2017;La Pampa;Procesos industriales y uso de productos;2D. Uso prod. no energéticos de combustibles y solvente;CO2;1775.51;1775.51
2017;La Rioja;Procesos industriales y uso de productos;2D. Uso prod. no energéticos de combustibles y solvente;CO2;597.88;597.88
2017;Mendoza;Procesos industriales y uso de productos;2D. Uso prod. no energéticos de combustibles y solvente;CO2;5456.42;5456.42
2017;Misiones;Procesos industriales y uso de productos;2D. Uso prod. no energéticos de combustibles y solvente;CO2;2461.39;2461.39
2017;Neuquén;Procesos industriales y uso de productos;2D. Uso prod. no energéticos de combustibles y solvente;CO2;4360.39;4360.39
2017;Río Negro;Procesos industriales y uso de productos;2D. Uso prod. no energéticos de combustibles y solvente;CO2;1393.34;1393.34
2017;Salta;Procesos industriales y uso de productos;2D. Uso prod. no energéticos de combustibles y solvente;CO2;2546.58;2546.58
2017;San Juan;Procesos industriales y uso de productos;2D. Uso prod. no energéticos de combustibles y solvente;CO2;3242.78;3242.78
2017;San Luis;Procesos industriales y uso de productos;2D. Uso prod. no energéticos de combustibles y solvente;CO2;867.35;867.35
2017;Santa Cruz;Procesos industriales y uso de productos;2D. Uso prod. no energéticos de combustibles y solvente;CO2;1317.77;1317.77
2017;Santa Fe;Procesos industriales y uso de productos;2D. Uso prod. no energéticos de combustibles y solvente;CO2;16066.92;16066.92
2017;Santiago del Estero;Procesos industriales y uso de productos;2D. Uso prod. no energéticos de combustibles y solvente;CO2;1364.16;1364.16
2017;Tucumán;Procesos industriales y uso de productos;2D. Uso prod. no energéticos de combustibles y solvente;CO2;683.87;683.87
2017;Tierra del Fuego, Antártida e Islas del Atlántico Sur;Procesos industriales y uso de productos;2D. Uso prod. no energéticos de combustibles y solvente;CO2;4026.53;4026.53
2018;Jurisdiccion sin determinar;Procesos industriales y uso de productos;2D. Uso prod. no energéticos de combustibles y solvente;CO2;2702.36;2702.36
2018;Ciudad Autónoma de Buenos Aires;Procesos industriales y uso de productos;2D. Uso prod. no energéticos de combustibles y solvente;CO2;12490.99;12490.99
2018;Buenos Aires;Procesos industriales y uso de productos;2D. Uso prod. no energéticos de combustibles y solvente;CO2;43108.69;43108.69
2018;Catamarca;Procesos industriales y uso de productos;2D. Uso prod. no energéticos de combustibles y solvente;CO2;836.84;836.84
2018;Córdoba;Procesos industriales y uso de productos;2D. Uso prod. no energéticos de combustibles y solvente;CO2;9782.7;9782.7
2018;Corrientes;Procesos industriales y uso de productos;2D. Uso prod. no energéticos de combustibles y solvente;CO2;1083.81;1083.81
2018;Chaco;Procesos industriales y uso de productos;2D. Uso prod. no energéticos de combustibles y solvente;CO2;2137.05;2137.05
2018;Chubut;Procesos industriales y uso de productos;2D. Uso prod. no energéticos de combustibles y solvente;CO2;2841.32;2841.32
2018;Entre Ríos;Procesos industriales y uso de productos;2D. Uso prod. no energéticos de combustibles y solvente;CO2;3150.54;3150.54
2018;Formosa;Procesos industriales y uso de productos;2D. Uso prod. no energéticos de combustibles y solvente;CO2;489.34;489.34
2018;Jujuy;Procesos industriales y uso de productos;2D. Uso prod. no energéticos de combustibles y solvente;CO2;1344.78;1344.78
2018;La Pampa;Procesos industriales y uso de productos;2D. Uso prod. no energéticos de combustibles y solvente;CO2;1664.27;1664.27
2018;La Rioja;Procesos industriales y uso de productos;2D. Uso prod. no energéticos de combustibles y solvente;CO2;541.6;541.6
2018;Mendoza;Procesos industriales y uso de productos;2D. Uso prod. no energéticos de combustibles y solvente;CO2;4577.19;4577.19
2018;Misiones;Procesos industriales y uso de productos;2D. Uso prod. no energéticos de combustibles y solvente;CO2;2073.55;2073.55
2018;Neuquén;Procesos industriales y uso de productos;2D. Uso prod. no energéticos de combustibles y solvente;CO2;3989.61;3989.61
2018;Río Negro;Procesos industriales y uso de productos;2D. Uso prod. no energéticos de combustibles y solvente;CO2;1030.0;1030.0
2018;Salta;Procesos industriales y uso de productos;2D. Uso prod. no energéticos de combustibles y solvente;CO2;2231.97;2231.97
2018;San Juan;Procesos industriales y uso de productos;2D. Uso prod. no energéticos de combustibles y solvente;CO2;2603.88;2603.88
2018;San Luis;Procesos industriales y uso de productos;2D. Uso prod. no energéticos de combustibles y solvente;CO2;777.14;777.14
2018;Santa Cruz;Procesos industriales y uso de productos;2D. Uso prod. no energéticos de combustibles y solvente;CO2;1305.39;1305.39
2018;Santa Fe;Procesos industriales y uso de productos;2D. Uso prod. no energéticos de combustibles y solvente;CO2;14197.94;14197.94
2018;Santiago del Estero;Procesos industriales y uso de productos;2D. Uso prod. no energéticos de combustibles y solvente;CO2;1205.2;1205.2
2018;Tucumán;Procesos industriales y uso de productos;2D. Uso prod. no energéticos de combustibles y solvente;CO2;563.08;563.08
2018;Tierra del Fuego, Antártida e Islas del Atlántico Sur;Procesos industriales y uso de productos;2D. Uso prod. no energéticos de combustibles y solvente;CO2;3348.41;3348.41
2019;Jurisdiccion sin determinar;Procesos industriales y uso de productos;2D. Uso prod. no energéticos de combustibles y solvente;CO2;2977.02;2977.02
2019;Ciudad Autónoma de Buenos Aires;Procesos industriales y uso de productos;2D. Uso prod. no energéticos de combustibles y solvente;CO2;9802.0;9802.0
2019;Buenos Aires;Procesos industriales y uso de productos;2D. Uso prod. no energéticos de combustibles y solvente;CO2;37014.75;37014.75
2019;Catamarca;Procesos industriales y uso de productos;2D. Uso prod. no energéticos de combustibles y solvente;CO2;432.35;432.35
2019;Córdoba;Procesos industriales y uso de productos;2D. Uso prod. no energéticos de combustibles y solvente;CO2;8406.11;8406.11
2019;Corrientes;Procesos industriales y uso de productos;2D. Uso prod. no energéticos de combustibles y solvente;CO2;1022.23;1022.23
2019;Chaco;Procesos industriales y uso de productos;2D. Uso prod. no energéticos de combustibles y solvente;CO2;2093.44;2093.44
2019;Chubut;Procesos industriales y uso de productos;2D. Uso prod. no energéticos de combustibles y solvente;CO2;2512.83;2512.83
2019;Entre Ríos;Procesos industriales y uso de productos;2D. Uso prod. no energéticos de combustibles y solvente;CO2;3027.03;3027.03
2019;Formosa;Procesos industriales y uso de productos;2D. Uso prod. no energéticos de combustibles y solvente;CO2;431.82;431.82
2019;Jujuy;Procesos industriales y uso de productos;2D. Uso prod. no energéticos de combustibles y solvente;CO2;1247.74;1247.74
2019;La Pampa;Procesos industriales y uso de productos;2D. Uso prod. no energéticos de combustibles y solvente;CO2;1852.65;1852.65
2019;La Rioja;Procesos industriales y uso de productos;2D. Uso prod. no energéticos de combustibles y solvente;CO2;510.46;510.46
2019;Mendoza;Procesos industriales y uso de productos;2D. Uso prod. no energéticos de combustibles y solvente;CO2;4125.32;4125.32
2019;Misiones;Procesos industriales y uso de productos;2D. Uso prod. no energéticos de combustibles y solvente;CO2;4399.73;4399.73
2019;Neuquén;Procesos industriales y uso de productos;2D. Uso prod. no energéticos de combustibles y solvente;CO2;3712.47;3712.47
2019;Río Negro;Procesos industriales y uso de productos;2D. Uso prod. no energéticos de combustibles y solvente;CO2;1002.52;1002.52
2019;Salta;Procesos industriales y uso de productos;2D. Uso prod. no energéticos de combustibles y solvente;CO2;2121.71;2121.71
2019;San Juan;Procesos industriales y uso de productos;2D. Uso prod. no energéticos de combustibles y solvente;CO2;2664.49;2664.49
2019;San Luis;Procesos industriales y uso de productos;2D. Uso prod. no energéticos de combustibles y solvente;CO2;664.48;664.48
2019;Santa Cruz;Procesos industriales y uso de productos;2D. Uso prod. no energéticos de combustibles y solvente;CO2;1172.19;1172.19
2019;Santa Fe;Procesos industriales y uso de productos;2D. Uso prod. no energéticos de combustibles y solvente;CO2;11716.99;11716.99
2019;Santiago del Estero;Procesos industriales y uso de productos;2D. Uso prod. no energéticos de combustibles y solvente;CO2;1044.71;1044.71
2019;Tucumán;Procesos industriales y uso de productos;2D. Uso prod. no energéticos de combustibles y solvente;CO2;668.15;668.15
2019;Tierra del Fuego, Antártida e Islas del Atlántico Sur;Procesos industriales y uso de productos;2D. Uso prod. no energéticos de combustibles y solvente;CO2;3218.21;3218.21
2020;Jurisdiccion sin determinar;Procesos industriales y uso de productos;2D. Uso prod. no energéticos de combustibles y solvente;CO2;3003.84;3003.84
2020;Ciudad Autónoma de Buenos Aires;Procesos industriales y uso de productos;2D. Uso prod. no energéticos de combustibles y solvente;CO2;7285.68;7285.68
2020;Buenos Aires;Procesos industriales y uso de productos;2D. Uso prod. no energéticos de combustibles y solvente;CO2;34298.2;34298.2
2020;Catamarca;Procesos industriales y uso de productos;2D. Uso prod. no energéticos de combustibles y solvente;CO2;386.96;386.96
2020;Córdoba;Procesos industriales y uso de productos;2D. Uso prod. no energéticos de combustibles y solvente;CO2;7910.6;7910.6
2020;Corrientes;Procesos industriales y uso de productos;2D. Uso prod. no energéticos de combustibles y solvente;CO2;1011.9;1011.9
2020;Chaco;Procesos industriales y uso de productos;2D. Uso prod. no energéticos de combustibles y solvente;CO2;2418.26;2418.26
2020;Chubut;Procesos industriales y uso de productos;2D. Uso prod. no energéticos de combustibles y solvente;CO2;1977.47;1977.47
2020;Entre Ríos;Procesos industriales y uso de productos;2D. Uso prod. no energéticos de combustibles y solvente;CO2;3301.77;3301.77
2020;Formosa;Procesos industriales y uso de productos;2D. Uso prod. no energéticos de combustibles y solvente;CO2;553.8;553.8
2020;Jujuy;Procesos industriales y uso de productos;2D. Uso prod. no energéticos de combustibles y solvente;CO2;979.14;979.14
2020;La Pampa;Procesos industriales y uso de productos;2D. Uso prod. no energéticos de combustibles y solvente;CO2;1916.9;1916.9
2020;La Rioja;Procesos industriales y uso de productos;2D. Uso prod. no energéticos de combustibles y solvente;CO2;446.95;446.95
2020;Mendoza;Procesos industriales y uso de productos;2D. Uso prod. no energéticos de combustibles y solvente;CO2;3471.48;3471.48
2020;Misiones;Procesos industriales y uso de productos;2D. Uso prod. no energéticos de combustibles y solvente;CO2;3651.44;3651.44
2020;Neuquén;Procesos industriales y uso de productos;2D. Uso prod. no energéticos de combustibles y solvente;CO2;2708.34;2708.34
2020;Río Negro;Procesos industriales y uso de productos;2D. Uso prod. no energéticos de combustibles y solvente;CO2;883.41;883.41
2020;Salta;Procesos industriales y uso de productos;2D. Uso prod. no energéticos de combustibles y solvente;CO2;2144.49;2144.49
2020;San Juan;Procesos industriales y uso de productos;2D. Uso prod. no energéticos de combustibles y solvente;CO2;2173.79;2173.79
2020;San Luis;Procesos industriales y uso de productos;2D. Uso prod. no energéticos de combustibles y solvente;CO2;723.68;723.68
2020;Santa Cruz;Procesos industriales y uso de productos;2D. Uso prod. no energéticos de combustibles y solvente;CO2;947.13;947.13
2020;Santa Fe;Procesos industriales y uso de productos;2D. Uso prod. no energéticos de combustibles y solvente;CO2;9380.19;9380.19
2020;Santiago del Estero;Procesos industriales y uso de productos;2D. Uso prod. no energéticos de combustibles y solvente;CO2;1035.6;1035.6
2020;Tucumán;Procesos industriales y uso de productos;2D. Uso prod. no energéticos de combustibles y solvente;CO2;456.81;456.81
2020;Tierra del Fuego, Antártida e Islas del Atlántico Sur;Procesos industriales y uso de productos;2D. Uso prod. no energéticos de combustibles y solvente;CO2;3426.8;3426.8
2021;Jurisdiccion sin determinar;Procesos industriales y uso de productos;2D. Uso prod. no energéticos de combustibles y solvente;CO2;2705.05;2705.05
2021;Ciudad Autónoma de Buenos Aires;Procesos industriales y uso de productos;2D. Uso prod. no energéticos de combustibles y solvente;CO2;11328.11;11328.11
2021;Buenos Aires;Procesos industriales y uso de productos;2D. Uso prod. no energéticos de combustibles y solvente;CO2;39571.08;39571.08
2021;Catamarca;Procesos industriales y uso de productos;2D. Uso prod. no energéticos de combustibles y solvente;CO2;398.94;398.94
2021;Córdoba;Procesos industriales y uso de productos;2D. Uso prod. no energéticos de combustibles y solvente;CO2;10250.63;10250.63
2021;Corrientes;Procesos industriales y uso de productos;2D. Uso prod. no energéticos de combustibles y solvente;CO2;1182.53;1182.53
2021;Chaco;Procesos industriales y uso de productos;2D. Uso prod. no energéticos de combustibles y solvente;CO2;2555.54;2555.54
2021;Chubut;Procesos industriales y uso de productos;2D. Uso prod. no energéticos de combustibles y solvente;CO2;2340.33;2340.33
2021;Entre Ríos;Procesos industriales y uso de productos;2D. Uso prod. no energéticos de combustibles y solvente;CO2;3904.45;3904.45
2021;Formosa;Procesos industriales y uso de productos;2D. Uso prod. no energéticos de combustibles y solvente;CO2;548.21;548.21
2021;Jujuy;Procesos industriales y uso de productos;2D. Uso prod. no energéticos de combustibles y solvente;CO2;1031.5;1031.5
2021;La Pampa;Procesos industriales y uso de productos;2D. Uso prod. no energéticos de combustibles y solvente;CO2;2039.32;2039.32
2021;La Rioja;Procesos industriales y uso de productos;2D. Uso prod. no energéticos de combustibles y solvente;CO2;478.39;478.39
2021;Mendoza;Procesos industriales y uso de productos;2D. Uso prod. no energéticos de combustibles y solvente;CO2;3566.04;3566.04
2021;Misiones;Procesos industriales y uso de productos;2D. Uso prod. no energéticos de combustibles y solvente;CO2;2677.51;2677.51
2021;Neuquén;Procesos industriales y uso de productos;2D. Uso prod. no energéticos de combustibles y solvente;CO2;3620.99;3620.99
2021;Río Negro;Procesos industriales y uso de productos;2D. Uso prod. no energéticos de combustibles y solvente;CO2;990.05;990.05
2021;Salta;Procesos industriales y uso de productos;2D. Uso prod. no energéticos de combustibles y solvente;CO2;2868.27;2868.27
2021;San Juan;Procesos industriales y uso de productos;2D. Uso prod. no energéticos de combustibles y solvente;CO2;2697.17;2697.17
2021;San Luis;Procesos industriales y uso de productos;2D. Uso prod. no energéticos de combustibles y solvente;CO2;926.28;926.28
2021;Santa Cruz;Procesos industriales y uso de productos;2D. Uso prod. no energéticos de combustibles y solvente;CO2;1057.55;1057.55
2021;Santa Fe;Procesos industriales y uso de productos;2D. Uso prod. no energéticos de combustibles y solvente;CO2;12031.75;12031.75
2021;Santiago del Estero;Procesos industriales y uso de productos;2D. Uso prod. no energéticos de combustibles y solvente;CO2;1139.15;1139.15
2021;Tucumán;Procesos industriales y uso de productos;2D. Uso prod. no energéticos de combustibles y solvente;CO2;531.88;531.88
2021;Tierra del Fuego, Antártida e Islas del Atlántico Sur;Procesos industriales y uso de productos;2D. Uso prod. no energéticos de combustibles y solvente;CO2;3837.06;3837.06
2022;Jurisdiccion sin determinar;Procesos industriales y uso de productos;2D. Uso prod. no energéticos de combustibles y solvente;CO2;3116.28;3116.28
2022;Ciudad Autónoma de Buenos Aires;Procesos industriales y uso de productos;2D. Uso prod. no energéticos de combustibles y solvente;CO2;13716.28;13716.28
2022;Buenos Aires;Procesos industriales y uso de productos;2D. Uso prod. no energéticos de combustibles y solvente;CO2;42359.32;42359.32
2022;Catamarca;Procesos industriales y uso de productos;2D. Uso prod. no energéticos de combustibles y solvente;CO2;431.87;431.87
2022;Córdoba;Procesos industriales y uso de productos;2D. Uso prod. no energéticos de combustibles y solvente;CO2;10840.82;10840.82
2022;Corrientes;Procesos industriales y uso de productos;2D. Uso prod. no energéticos de combustibles y solvente;CO2;1316.67;1316.67
2022;Chaco;Procesos industriales y uso de productos;2D. Uso prod. no energéticos de combustibles y solvente;CO2;2691.06;2691.06
2022;Chubut;Procesos industriales y uso de productos;2D. Uso prod. no energéticos de combustibles y solvente;CO2;2518.79;2518.79
2022;Entre Ríos;Procesos industriales y uso de productos;2D. Uso prod. no energéticos de combustibles y solvente;CO2;4023.36;4023.36
2022;Formosa;Procesos industriales y uso de productos;2D. Uso prod. no energéticos de combustibles y solvente;CO2;618.24;618.24
2022;Jujuy;Procesos industriales y uso de productos;2D. Uso prod. no energéticos de combustibles y solvente;CO2;1143.91;1143.91
2022;La Pampa;Procesos industriales y uso de productos;2D. Uso prod. no energéticos de combustibles y solvente;CO2;2312.61;2312.61
2022;La Rioja;Procesos industriales y uso de productos;2D. Uso prod. no energéticos de combustibles y solvente;CO2;573.22;573.22
2022;Mendoza;Procesos industriales y uso de productos;2D. Uso prod. no energéticos de combustibles y solvente;CO2;3520.99;3520.99
2022;Misiones;Procesos industriales y uso de productos;2D. Uso prod. no energéticos de combustibles y solvente;CO2;2860.34;2860.34
2022;Neuquén;Procesos industriales y uso de productos;2D. Uso prod. no energéticos de combustibles y solvente;CO2;4122.37;4122.37
2022;Río Negro;Procesos industriales y uso de productos;2D. Uso prod. no energéticos de combustibles y solvente;CO2;1038.84;1038.84
2022;Salta;Procesos industriales y uso de productos;2D. Uso prod. no energéticos de combustibles y solvente;CO2;3294.5;3294.5
2022;San Juan;Procesos industriales y uso de productos;2D. Uso prod. no energéticos de combustibles y solvente;CO2;2830.14;2830.14
2022;San Luis;Procesos industriales y uso de productos;2D. Uso prod. no energéticos de combustibles y solvente;CO2;1052.31;1052.31
2022;Santa Cruz;Procesos industriales y uso de productos;2D. Uso prod. no energéticos de combustibles y solvente;CO2;1134.94;1134.94
2022;Santa Fe;Procesos industriales y uso de productos;2D. Uso prod. no energéticos de combustibles y solvente;CO2;13037.1;13037.1
2022;Santiago del Estero;Procesos industriales y uso de productos;2D. Uso prod. no energéticos de combustibles y solvente;CO2;1112.44;1112.44
2022;Tucumán;Procesos industriales y uso de productos;2D. Uso prod. no energéticos de combustibles y solvente;CO2;579.33;579.33
2022;Tierra del Fuego, Antártida e Islas del Atlántico Sur;Procesos industriales y uso de productos;2D. Uso prod. no energéticos de combustibles y solvente;CO2;4697.07;4697.07
2010;Jurisdiccion sin determinar;Procesos industriales y uso de productos;2F. Usos prod. como sustitutos de SAO;HFC-32;14.24;9640.89
2010;Jurisdiccion sin determinar;Procesos industriales y uso de productos;2F. Usos prod. como sustitutos de SAO;HFC-134a;171.95;223530.09
2010;Jurisdiccion sin determinar;Procesos industriales y uso de productos;2F. Usos prod. como sustitutos de SAO;HFC-152a;0.98;135.61
2011;Jurisdiccion sin determinar;Procesos industriales y uso de productos;2F. Usos prod. como sustitutos de SAO;HFC-32;22.6;15303.15
2011;Jurisdiccion sin determinar;Procesos industriales y uso de productos;2F. Usos prod. como sustitutos de SAO;HFC-125;1.52;4812.14
2011;Jurisdiccion sin determinar;Procesos industriales y uso de productos;2F. Usos prod. como sustitutos de SAO;HFC-134a;190.34;247445.61
2011;Jurisdiccion sin determinar;Procesos industriales y uso de productos;2F. Usos prod. como sustitutos de SAO;HFC-143a;0.53;2526.72
2011;Jurisdiccion sin determinar;Procesos industriales y uso de productos;2F. Usos prod. como sustitutos de SAO;HFC-152a;2.61;360.24
2012;Jurisdiccion sin determinar;Procesos industriales y uso de productos;2F. Usos prod. como sustitutos de SAO;HFC-32;32.52;22014.24
2012;Jurisdiccion sin determinar;Procesos industriales y uso de productos;2F. Usos prod. como sustitutos de SAO;HFC-125;18.06;57264.46
2012;Jurisdiccion sin determinar;Procesos industriales y uso de productos;2F. Usos prod. como sustitutos de SAO;HFC-134a;209.43;272257.16
2012;Jurisdiccion sin determinar;Procesos industriales y uso de productos;2F. Usos prod. como sustitutos de SAO;HFC-143a;6.26;30067.97
2012;Jurisdiccion sin determinar;Procesos industriales y uso de productos;2F. Usos prod. como sustitutos de SAO;HFC-152a;4.89;675.36
2012;Jurisdiccion sin determinar;Procesos industriales y uso de productos;2F. Usos prod. como sustitutos de SAO;HFC-227ea;0.15;485.75
2012;Jurisdiccion sin determinar;Procesos industriales y uso de productos;2F. Usos prod. como sustitutos de SAO;HFC-365;0.11;90.93
2013;Jurisdiccion sin determinar;Procesos industriales y uso de productos;2F. Usos prod. como sustitutos de SAO;HFC-32;51.05;34562.58
2013;Jurisdiccion sin determinar;Procesos industriales y uso de productos;2F. Usos prod. como sustitutos de SAO;HFC-125;54.84;173833.02
2013;Jurisdiccion sin determinar;Procesos industriales y uso de productos;2F. Usos prod. como sustitutos de SAO;HFC-134a;228.59;297164.84
2013;Jurisdiccion sin determinar;Procesos industriales y uso de productos;2F. Usos prod. como sustitutos de SAO;HFC-143a;16.74;80339.67
2013;Jurisdiccion sin determinar;Procesos industriales y uso de productos;2F. Usos prod. como sustitutos de SAO;HFC-152a;7.49;1032.94
2013;Jurisdiccion sin determinar;Procesos industriales y uso de productos;2F. Usos prod. como sustitutos de SAO;HFC-227ea;0.06;199.33
2013;Jurisdiccion sin determinar;Procesos industriales y uso de productos;2F. Usos prod. como sustitutos de SAO;HFC-365;0.14;109.83
2014;Jurisdiccion sin determinar;Procesos industriales y uso de productos;2F. Usos prod. como sustitutos de SAO;HFC-32;136.64;92503.28
2014;Jurisdiccion sin determinar;Procesos industriales y uso de productos;2F. Usos prod. como sustitutos de SAO;HFC-125;164.84;522555.74
2014;Jurisdiccion sin determinar;Procesos industriales y uso de productos;2F. Usos prod. como sustitutos de SAO;HFC-134a;244.02;317223.08
2014;Jurisdiccion sin determinar;Procesos industriales y uso de productos;2F. Usos prod. como sustitutos de SAO;HFC-143a;32.18;154448.98
2014;Jurisdiccion sin determinar;Procesos industriales y uso de productos;2F. Usos prod. como sustitutos de SAO;HFC-152a;8.02;1107.25
2014;Jurisdiccion sin determinar;Procesos industriales y uso de productos;2F. Usos prod. como sustitutos de SAO;HFC-227ea;0.05;180.4
2014;Jurisdiccion sin determinar;Procesos industriales y uso de productos;2F. Usos prod. como sustitutos de SAO;HFC-365;0.09;73.37
2014;Jurisdiccion sin determinar;Procesos industriales y uso de productos;2F. Usos prod. como sustitutos de SAO;HFC-245fa;0.09;74.65
2014;Jurisdiccion sin determinar;Procesos industriales y uso de productos;2F. Usos prod. como sustitutos de SAO;HFC-236fa;0.3;2450.24
2015;Jurisdiccion sin determinar;Procesos industriales y uso de productos;2F. Usos prod. como sustitutos de SAO;HFC-32;230.93;156342.22
2015;Jurisdiccion sin determinar;Procesos industriales y uso de productos;2F. Usos prod. como sustitutos de SAO;HFC-125;281.25;891551.03
2015;Jurisdiccion sin determinar;Procesos industriales y uso de productos;2F. Usos prod. como sustitutos de SAO;HFC-134a;266.73;346747.43
2015;Jurisdiccion sin determinar;Procesos industriales y uso de productos;2F. Usos prod. como sustitutos de SAO;HFC-143a;50.36;241737.42
2015;Jurisdiccion sin determinar;Procesos industriales y uso de productos;2F. Usos prod. como sustitutos de SAO;HFC-152a;8.82;1217.05
2015;Jurisdiccion sin determinar;Procesos industriales y uso de productos;2F. Usos prod. como sustitutos de SAO;HFC-227ea;0.12;413.22
2015;Jurisdiccion sin determinar;Procesos industriales y uso de productos;2F. Usos prod. como sustitutos de SAO;HFC-365;0.54;435.08
2015;Jurisdiccion sin determinar;Procesos industriales y uso de productos;2F. Usos prod. como sustitutos de SAO;HFC-245fa;0.8;682.54
2015;Jurisdiccion sin determinar;Procesos industriales y uso de productos;2F. Usos prod. como sustitutos de SAO;HFC-236fa;0.99;7994.23
2016;Jurisdiccion sin determinar;Procesos industriales y uso de productos;2F. Usos prod. como sustitutos de SAO;HFC-32;333.72;225931.45
2016;Jurisdiccion sin determinar;Procesos industriales y uso de productos;2F. Usos prod. como sustitutos de SAO;HFC-125;406.0;1287026.77
2016;Jurisdiccion sin determinar;Procesos industriales y uso de productos;2F. Usos prod. como sustitutos de SAO;HFC-134a;299.39;389201.46
2016;Jurisdiccion sin determinar;Procesos industriales y uso de productos;2F. Usos prod. como sustitutos de SAO;HFC-143a;69.75;334810.38
2016;Jurisdiccion sin determinar;Procesos industriales y uso de productos;2F. Usos prod. como sustitutos de SAO;HFC-152a;10.71;1478.15
2016;Jurisdiccion sin determinar;Procesos industriales y uso de productos;2F. Usos prod. como sustitutos de SAO;HFC-227ea;0.07;245.72
2016;Jurisdiccion sin determinar;Procesos industriales y uso de productos;2F. Usos prod. como sustitutos de SAO;HFC-365;0.22;176.2
2016;Jurisdiccion sin determinar;Procesos industriales y uso de productos;2F. Usos prod. como sustitutos de SAO;HFC-245fa;0.27;227.8
2016;Jurisdiccion sin determinar;Procesos industriales y uso de productos;2F. Usos prod. como sustitutos de SAO;HFC-236fa;2.15;17346.46
2017;Jurisdiccion sin determinar;Procesos industriales y uso de productos;2F. Usos prod. como sustitutos de SAO;HFC-32;383.66;259735.74
2017;Jurisdiccion sin determinar;Procesos industriales y uso de productos;2F. Usos prod. como sustitutos de SAO;HFC-125;486.1;1540926.3
2017;Jurisdiccion sin determinar;Procesos industriales y uso de productos;2F. Usos prod. como sustitutos de SAO;HFC-134a;363.07;471990.2
2017;Jurisdiccion sin determinar;Procesos industriales y uso de productos;2F. Usos prod. como sustitutos de SAO;HFC-143a;88.96;427019.8
2017;Jurisdiccion sin determinar;Procesos industriales y uso de productos;2F. Usos prod. como sustitutos de SAO;HFC-152a;11.99;1655.21
2017;Jurisdiccion sin determinar;Procesos industriales y uso de productos;2F. Usos prod. como sustitutos de SAO;HFC-227ea;0.07;245.72
2017;Jurisdiccion sin determinar;Procesos industriales y uso de productos;2F. Usos prod. como sustitutos de SAO;HFC-365;0.22;176.2
2017;Jurisdiccion sin determinar;Procesos industriales y uso de productos;2F. Usos prod. como sustitutos de SAO;HFC-245fa;0.27;227.8
2017;Jurisdiccion sin determinar;Procesos industriales y uso de productos;2F. Usos prod. como sustitutos de SAO;HFC-236fa;2.39;19231.8
2018;Jurisdiccion sin determinar;Procesos industriales y uso de productos;2F. Usos prod. como sustitutos de SAO;HFC-32;435.19;294622.25
2018;Jurisdiccion sin determinar;Procesos industriales y uso de productos;2F. Usos prod. como sustitutos de SAO;HFC-125;563.62;1786672.12
2018;Jurisdiccion sin determinar;Procesos industriales y uso de productos;2F. Usos prod. como sustitutos de SAO;HFC-134a;438.58;570152.5
2018;Jurisdiccion sin determinar;Procesos industriales y uso de productos;2F. Usos prod. como sustitutos de SAO;HFC-143a;111.15;533515.03
2018;Jurisdiccion sin determinar;Procesos industriales y uso de productos;2F. Usos prod. como sustitutos de SAO;HFC-152a;11.11;1532.75
2018;Jurisdiccion sin determinar;Procesos industriales y uso de productos;2F. Usos prod. como sustitutos de SAO;HFC-227ea;0.07;245.72
2018;Jurisdiccion sin determinar;Procesos industriales y uso de productos;2F. Usos prod. como sustitutos de SAO;HFC-365;0.22;176.2
2018;Jurisdiccion sin determinar;Procesos industriales y uso de productos;2F. Usos prod. como sustitutos de SAO;HFC-245fa;0.27;227.8
2018;Jurisdiccion sin determinar;Procesos industriales y uso de productos;2F. Usos prod. como sustitutos de SAO;HFC-236fa;2.29;18462.53
2019;Jurisdiccion sin determinar;Procesos industriales y uso de productos;2F. Usos prod. como sustitutos de SAO;HFC-32;477.17;323041.94
2019;Jurisdiccion sin determinar;Procesos industriales y uso de productos;2F. Usos prod. como sustitutos de SAO;HFC-125;625.6;1983152.52
2019;Jurisdiccion sin determinar;Procesos industriales y uso de productos;2F. Usos prod. como sustitutos de SAO;HFC-134a;490.61;637797.7
2019;Jurisdiccion sin determinar;Procesos industriales y uso de productos;2F. Usos prod. como sustitutos de SAO;HFC-143a;119.57;573926.55
2019;Jurisdiccion sin determinar;Procesos industriales y uso de productos;2F. Usos prod. como sustitutos de SAO;HFC-152a;10.28;1418.66
2019;Jurisdiccion sin determinar;Procesos industriales y uso de productos;2F. Usos prod. como sustitutos de SAO;HFC-227ea;0.07;245.72
2019;Jurisdiccion sin determinar;Procesos industriales y uso de productos;2F. Usos prod. como sustitutos de SAO;HFC-365;0.22;176.2
2019;Jurisdiccion sin determinar;Procesos industriales y uso de productos;2F. Usos prod. como sustitutos de SAO;HFC-245fa;0.27;227.8
2019;Jurisdiccion sin determinar;Procesos industriales y uso de productos;2F. Usos prod. como sustitutos de SAO;HFC-236fa;2.2;17724.03
2020;Jurisdiccion sin determinar;Procesos industriales y uso de productos;2F. Usos prod. como sustitutos de SAO;HFC-23;0.0;4.96
2020;Jurisdiccion sin determinar;Procesos industriales y uso de productos;2F. Usos prod. como sustitutos de SAO;HFC-32;496.24;335955.38
2020;Jurisdiccion sin determinar;Procesos industriales y uso de productos;2F. Usos prod. como sustitutos de SAO;HFC-125;648.27;2055027.84
2020;Jurisdiccion sin determinar;Procesos industriales y uso de productos;2F. Usos prod. como sustitutos de SAO;HFC-134a;522.13;678773.94
2020;Jurisdiccion sin determinar;Procesos industriales y uso de productos;2F. Usos prod. como sustitutos de SAO;HFC-143a;124.45;597361.81
2020;Jurisdiccion sin determinar;Procesos industriales y uso de productos;2F. Usos prod. como sustitutos de SAO;HFC-152a;9.49;1309.4
2020;Jurisdiccion sin determinar;Procesos industriales y uso de productos;2F. Usos prod. como sustitutos de SAO;HFC-227ea;0.28;925.77
2020;Jurisdiccion sin determinar;Procesos industriales y uso de productos;2F. Usos prod. como sustitutos de SAO;HFC-365;0.71;572.57
2020;Jurisdiccion sin determinar;Procesos industriales y uso de productos;2F. Usos prod. como sustitutos de SAO;HFC-245fa;0.27;227.8
2020;Jurisdiccion sin determinar;Procesos industriales y uso de productos;2F. Usos prod. como sustitutos de SAO;HFC-236fa;2.11;17015.07
2021;Jurisdiccion sin determinar;Procesos industriales y uso de productos;2F. Usos prod. como sustitutos de SAO;HFC-23;0.01;62.74
2021;Jurisdiccion sin determinar;Procesos industriales y uso de productos;2F. Usos prod. como sustitutos de SAO;HFC-32;553.35;374615.15
2021;Jurisdiccion sin determinar;Procesos industriales y uso de productos;2F. Usos prod. como sustitutos de SAO;HFC-125;738.87;2342204.23
2021;Jurisdiccion sin determinar;Procesos industriales y uso de productos;2F. Usos prod. como sustitutos de SAO;HFC-134a;576.22;749086.99
2021;Jurisdiccion sin determinar;Procesos industriales y uso de productos;2F. Usos prod. como sustitutos de SAO;HFC-143a;136.78;656525.37
2021;Jurisdiccion sin determinar;Procesos industriales y uso de productos;2F. Usos prod. como sustitutos de SAO;HFC-152a;9.3;1282.8
2021;Jurisdiccion sin determinar;Procesos industriales y uso de productos;2F. Usos prod. como sustitutos de SAO;HFC-227ea;0.51;1710.01
2021;Jurisdiccion sin determinar;Procesos industriales y uso de productos;2F. Usos prod. como sustitutos de SAO;HFC-365;4.78;3839.51
2021;Jurisdiccion sin determinar;Procesos industriales y uso de productos;2F. Usos prod. como sustitutos de SAO;HFC-245fa;0.31;266.37
2021;Jurisdiccion sin determinar;Procesos industriales y uso de productos;2F. Usos prod. como sustitutos de SAO;HFC-236fa;2.03;16334.47
2022;Jurisdiccion sin determinar;Procesos industriales y uso de productos;2F. Usos prod. como sustitutos de SAO;HFC-23;0.01;184.94
2022;Jurisdiccion sin determinar;Procesos industriales y uso de productos;2F. Usos prod. como sustitutos de SAO;HFC-32;601.81;407424.33
2022;Jurisdiccion sin determinar;Procesos industriales y uso de productos;2F. Usos prod. como sustitutos de SAO;HFC-125;808.3;2562313.52
2022;Jurisdiccion sin determinar;Procesos industriales y uso de productos;2F. Usos prod. como sustitutos de SAO;HFC-134a;621.24;807613.78
2022;Jurisdiccion sin determinar;Procesos industriales y uso de productos;2F. Usos prod. como sustitutos de SAO;HFC-143a;129.07;619533.82
2022;Jurisdiccion sin determinar;Procesos industriales y uso de productos;2F. Usos prod. como sustitutos de SAO;HFC-152a;8.58;1183.4
2022;Jurisdiccion sin determinar;Procesos industriales y uso de productos;2F. Usos prod. como sustitutos de SAO;HFC-227ea;1.07;3590.2
2022;Jurisdiccion sin determinar;Procesos industriales y uso de productos;2F. Usos prod. como sustitutos de SAO;HFC-365;12.04;9680.14
2022;Jurisdiccion sin determinar;Procesos industriales y uso de productos;2F. Usos prod. como sustitutos de SAO;HFC-245fa;1.65;1417.93
2022;Jurisdiccion sin determinar;Procesos industriales y uso de productos;2F. Usos prod. como sustitutos de SAO;HFC-236fa;1.95;15681.09
2010;Santa Cruz;Energía;1B. Emisiones fugitivas fabricación de combustibles;CO2;1253.8;1253.8
2010;Santa Cruz;Energía;1B. Emisiones fugitivas fabricación de combustibles;CH4;1392.86;39000.08
2011;Santa Cruz;Energía;1B. Emisiones fugitivas fabricación de combustibles;CO2;1793.72;1793.72
2011;Santa Cruz;Energía;1B. Emisiones fugitivas fabricación de combustibles;CH4;1992.66;55794.46
2012;Santa Cruz;Energía;1B. Emisiones fugitivas fabricación de combustibles;CO2;1914.4;1914.4
2012;Santa Cruz;Energía;1B. Emisiones fugitivas fabricación de combustibles;CH4;2126.72;59548.13
2013;Santa Cruz;Energía;1B. Emisiones fugitivas fabricación de combustibles;CO2;1677.18;1677.18
2013;Santa Cruz;Energía;1B. Emisiones fugitivas fabricación de combustibles;CH4;1863.19;52169.41
2014;Santa Cruz;Energía;1B. Emisiones fugitivas fabricación de combustibles;CO2;1193.06;1193.06
2014;Santa Cruz;Energía;1B. Emisiones fugitivas fabricación de combustibles;CH4;1325.37;37110.45
2015;Santa Cruz;Energía;1B. Emisiones fugitivas fabricación de combustibles;CO2;708.93;708.93
2015;Santa Cruz;Energía;1B. Emisiones fugitivas fabricación de combustibles;CH4;787.55;22051.48
2016;Santa Cruz;Energía;1B. Emisiones fugitivas fabricación de combustibles;CO2;493.36;493.36
2016;Santa Cruz;Energía;1B. Emisiones fugitivas fabricación de combustibles;CH4;548.07;15346.07
2017;Santa Cruz;Energía;1B. Emisiones fugitivas fabricación de combustibles;CO2;414.42;414.42
2017;Santa Cruz;Energía;1B. Emisiones fugitivas fabricación de combustibles;CH4;460.38;12890.7
2018;Santa Cruz;Energía;1B. Emisiones fugitivas fabricación de combustibles;CO2;1265.83;1265.83
2018;Santa Cruz;Energía;1B. Emisiones fugitivas fabricación de combustibles;CH4;1406.22;39374.13
2019;Santa Cruz;Energía;1B. Emisiones fugitivas fabricación de combustibles;CO2;2215.2;2215.2
2019;Santa Cruz;Energía;1B. Emisiones fugitivas fabricación de combustibles;CH4;2460.88;68904.62
2020;Santa Cruz;Energía;1B. Emisiones fugitivas fabricación de combustibles;CO2;414.42;414.42
2020;Santa Cruz;Energía;1B. Emisiones fugitivas fabricación de combustibles;CH4;460.38;12890.6
2021;Santa Cruz;Energía;1B. Emisiones fugitivas fabricación de combustibles;CO2;421.94;421.94
2021;Santa Cruz;Energía;1B. Emisiones fugitivas fabricación de combustibles;CH4;468.74;13124.61
2022;Santa Cruz;Energía;1B. Emisiones fugitivas fabricación de combustibles;CO2;421.94;421.94
2022;Santa Cruz;Energía;1B. Emisiones fugitivas fabricación de combustibles;CH4;468.74;13124.61
2010;Catamarca;Energía;1B. Emisiones fugitivas fabricación de combustibles;CH4;66.37;1858.47
2010;Córdoba;Energía;1B. Emisiones fugitivas fabricación de combustibles;CH4;208.96;5850.75
2010;Chaco;Energía;1B. Emisiones fugitivas fabricación de combustibles;CH4;9923.31;277852.7
2010;Formosa;Energía;1B. Emisiones fugitivas fabricación de combustibles;CH4;631.34;17677.51
2010;Jujuy;Energía;1B. Emisiones fugitivas fabricación de combustibles;CH4;177.24;4962.7
2010;La Pampa;Energía;1B. Emisiones fugitivas fabricación de combustibles;CH4;0.6;16.93
2010;La Rioja;Energía;1B. Emisiones fugitivas fabricación de combustibles;CH4;0.32;9.03
2010;Salta;Energía;1B. Emisiones fugitivas fabricación de combustibles;CH4;165.31;4628.7
2010;Santa Fe;Energía;1B. Emisiones fugitivas fabricación de combustibles;CH4;2.7;75.6
2010;Santiago del Estero;Energía;1B. Emisiones fugitivas fabricación de combustibles;CH4;4153.56;116299.67
2010;Tucumán;Energía;1B. Emisiones fugitivas fabricación de combustibles;CH4;3.1;86.89
2011;Catamarca;Energía;1B. Emisiones fugitivas fabricación de combustibles;CH4;61.62;1725.32
2011;Córdoba;Energía;1B. Emisiones fugitivas fabricación de combustibles;CH4;1.65;46.26
2011;Chaco;Energía;1B. Emisiones fugitivas fabricación de combustibles;CH4;11220.89;314184.93
2011;Formosa;Energía;1B. Emisiones fugitivas fabricación de combustibles;CH4;658.74;18444.83
2011;Jujuy;Energía;1B. Emisiones fugitivas fabricación de combustibles;CH4;247.04;6917.09
2011;Salta;Energía;1B. Emisiones fugitivas fabricación de combustibles;CH4;140.73;3940.37
2011;San Luis;Energía;1B. Emisiones fugitivas fabricación de combustibles;CH4;283.71;7943.94
2011;Santa Fe;Energía;1B. Emisiones fugitivas fabricación de combustibles;CH4;14.31;400.58
2011;Santiago del Estero;Energía;1B. Emisiones fugitivas fabricación de combustibles;CH4;3714.17;103996.73
2011;Tucumán;Energía;1B. Emisiones fugitivas fabricación de combustibles;CH4;2.14;59.81
2012;Catamarca;Energía;1B. Emisiones fugitivas fabricación de combustibles;CH4;112.44;3148.24
2012;Córdoba;Energía;1B. Emisiones fugitivas fabricación de combustibles;CH4;36.75;1029.1
2012;Chaco;Energía;1B. Emisiones fugitivas fabricación de combustibles;CH4;10764.17;301396.77
2012;Formosa;Energía;1B. Emisiones fugitivas fabricación de combustibles;CH4;479.01;13412.16
2012;Jujuy;Energía;1B. Emisiones fugitivas fabricación de combustibles;CH4;47.43;1328.13
2012;Salta;Energía;1B. Emisiones fugitivas fabricación de combustibles;CH4;158.18;4428.97
2012;San Luis;Energía;1B. Emisiones fugitivas fabricación de combustibles;CH4;41.07;1149.84
2012;Santa Fe;Energía;1B. Emisiones fugitivas fabricación de combustibles;CH4;19.22;538.25
2012;Santiago del Estero;Energía;1B. Emisiones fugitivas fabricación de combustibles;CH4;2916.75;81669.08
2012;Tucumán;Energía;1B. Emisiones fugitivas fabricación de combustibles;CH4;1.45;40.62
2013;Catamarca;Energía;1B. Emisiones fugitivas fabricación de combustibles;CH4;171.15;4792.31
2013;Córdoba;Energía;1B. Emisiones fugitivas fabricación de combustibles;CH4;18.82;526.96
2013;Chaco;Energía;1B. Emisiones fugitivas fabricación de combustibles;CH4;12604.11;352915.0
2013;Formosa;Energía;1B. Emisiones fugitivas fabricación de combustibles;CH4;441.04;12349.21
2013;Jujuy;Energía;1B. Emisiones fugitivas fabricación de combustibles;CH4;39.82;1114.86
2013;La Pampa;Energía;1B. Emisiones fugitivas fabricación de combustibles;CH4;1.81;50.78
2013;Salta;Energía;1B. Emisiones fugitivas fabricación de combustibles;CH4;696.46;19501.01
2013;San Luis;Energía;1B. Emisiones fugitivas fabricación de combustibles;CH4;36.15;1012.17
2013;Santa Fe;Energía;1B. Emisiones fugitivas fabricación de combustibles;CH4;79.15;2216.18
2013;Santiago del Estero;Energía;1B. Emisiones fugitivas fabricación de combustibles;CH4;3614.39;101202.81
2013;Tucumán;Energía;1B. Emisiones fugitivas fabricación de combustibles;CH4;1.53;42.88
2014;Catamarca;Energía;1B. Emisiones fugitivas fabricación de combustibles;CH4;162.05;4537.3
2014;Córdoba;Energía;1B. Emisiones fugitivas fabricación de combustibles;CH4;13.78;385.91
2014;Chaco;Energía;1B. Emisiones fugitivas fabricación de combustibles;CH4;10609.06;297053.56
2014;Formosa;Energía;1B. Emisiones fugitivas fabricación de combustibles;CH4;606.52;16982.42
2014;Jujuy;Energía;1B. Emisiones fugitivas fabricación de combustibles;CH4;28.61;801.16
2014;La Pampa;Energía;1B. Emisiones fugitivas fabricación de combustibles;CH4;1.81;50.78
2014;Salta;Energía;1B. Emisiones fugitivas fabricación de combustibles;CH4;104.01;2912.4
2014;San Luis;Energía;1B. Emisiones fugitivas fabricación de combustibles;CH4;34.58;968.17
2014;Santa Fe;Energía;1B. Emisiones fugitivas fabricación de combustibles;CH4;3.59;100.43
2014;Santiago del Estero;Energía;1B. Emisiones fugitivas fabricación de combustibles;CH4;4005.98;112167.47
2014;Tucumán;Energía;1B. Emisiones fugitivas fabricación de combustibles;CH4;0.36;10.16
2015;Catamarca;Energía;1B. Emisiones fugitivas fabricación de combustibles;CH4;54.57;1527.85
2015;Córdoba;Energía;1B. Emisiones fugitivas fabricación de combustibles;CH4;88.78;2485.87
2015;Chaco;Energía;1B. Emisiones fugitivas fabricación de combustibles;CH4;11608.82;325046.9
2015;Formosa;Energía;1B. Emisiones fugitivas fabricación de combustibles;CH4;390.91;10945.48
2015;Jujuy;Energía;1B. Emisiones fugitivas fabricación de combustibles;CH4;41.59;1164.51
2015;La Pampa;Energía;1B. Emisiones fugitivas fabricación de combustibles;CH4;0.6;16.93
2015;Salta;Energía;1B. Emisiones fugitivas fabricación de combustibles;CH4;107.52;3010.57
2015;San Luis;Energía;1B. Emisiones fugitivas fabricación de combustibles;CH4;30.67;858.71
2015;Santa Fe;Energía;1B. Emisiones fugitivas fabricación de combustibles;CH4;44.45;1244.63
2015;Santiago del Estero;Energía;1B. Emisiones fugitivas fabricación de combustibles;CH4;4570.95;127986.51
2015;Tucumán;Energía;1B. Emisiones fugitivas fabricación de combustibles;CH4;1.77;49.65
2016;Buenos Aires;Energía;1B. Emisiones fugitivas fabricación de combustibles;CH4;0.08;2.26
2016;Catamarca;Energía;1B. Emisiones fugitivas fabricación de combustibles;CH4;47.8;1338.28
2016;Córdoba;Energía;1B. Emisiones fugitivas fabricación de combustibles;CH4;6.81;190.7
2016;Chaco;Energía;1B. Emisiones fugitivas fabricación de combustibles;CH4;8033.72;224944.28
2016;Formosa;Energía;1B. Emisiones fugitivas fabricación de combustibles;CH4;845.7;23679.47
2016;Jujuy;Energía;1B. Emisiones fugitivas fabricación de combustibles;CH4;16.85;471.67
2016;La Pampa;Energía;1B. Emisiones fugitivas fabricación de combustibles;CH4;4.43;124.12
2016;Salta;Energía;1B. Emisiones fugitivas fabricación de combustibles;CH4;223.62;6261.49
2016;San Luis;Energía;1B. Emisiones fugitivas fabricación de combustibles;CH4;6.85;191.83
2016;Santa Fe;Energía;1B. Emisiones fugitivas fabricación de combustibles;CH4;81.73;2288.4
2016;Santiago del Estero;Energía;1B. Emisiones fugitivas fabricación de combustibles;CH4;4140.1;115922.79
2017;Catamarca;Energía;1B. Emisiones fugitivas fabricación de combustibles;CH4;61.64;1725.97
2017;Córdoba;Energía;1B. Emisiones fugitivas fabricación de combustibles;CH4;2.7;75.6
2017;Chaco;Energía;1B. Emisiones fugitivas fabricación de combustibles;CH4;7650.2;214205.48
2017;Formosa;Energía;1B. Emisiones fugitivas fabricación de combustibles;CH4;493.21;13809.92
2017;La Pampa;Energía;1B. Emisiones fugitivas fabricación de combustibles;CH4;3.63;101.56
2017;La Rioja;Energía;1B. Emisiones fugitivas fabricación de combustibles;CH4;8.34;233.58
2017;San Luis;Energía;1B. Emisiones fugitivas fabricación de combustibles;CH4;11.53;322.72
2017;Santa Fe;Energía;1B. Emisiones fugitivas fabricación de combustibles;CH4;125.33;3509.32
2017;Santiago del Estero;Energía;1B. Emisiones fugitivas fabricación de combustibles;CH4;4173.19;116849.21
2017;Tucumán;Energía;1B. Emisiones fugitivas fabricación de combustibles;CH4;5.2;145.56
2018;Catamarca;Energía;1B. Emisiones fugitivas fabricación de combustibles;CH4;116.3;3256.29
2018;Córdoba;Energía;1B. Emisiones fugitivas fabricación de combustibles;CH4;4.19;117.35
2018;Chaco;Energía;1B. Emisiones fugitivas fabricación de combustibles;CH4;7940.28;222327.82
2018;Formosa;Energía;1B. Emisiones fugitivas fabricación de combustibles;CH4;433.23;12130.3
2018;Jujuy;Energía;1B. Emisiones fugitivas fabricación de combustibles;CH4;46.78;1309.96
2018;La Pampa;Energía;1B. Emisiones fugitivas fabricación de combustibles;CH4;13.97;391.27
2018;La Rioja;Energía;1B. Emisiones fugitivas fabricación de combustibles;CH4;7.13;199.73
2018;Salta;Energía;1B. Emisiones fugitivas fabricación de combustibles;CH4;103.27;2891.47
2018;Santa Fe;Energía;1B. Emisiones fugitivas fabricación de combustibles;CH4;181.35;5077.8
2018;Santiago del Estero;Energía;1B. Emisiones fugitivas fabricación de combustibles;CH4;4284.22;119958.17
2019;Catamarca;Energía;1B. Emisiones fugitivas fabricación de combustibles;CH4;136.17;3812.81
2019;Córdoba;Energía;1B. Emisiones fugitivas fabricación de combustibles;CH4;2.62;73.35
2019;Chaco;Energía;1B. Emisiones fugitivas fabricación de combustibles;CH4;6384.98;178779.34
2019;Formosa;Energía;1B. Emisiones fugitivas fabricación de combustibles;CH4;662.94;18562.18
2019;La Pampa;Energía;1B. Emisiones fugitivas fabricación de combustibles;CH4;6.07;170.05
2019;La Rioja;Energía;1B. Emisiones fugitivas fabricación de combustibles;CH4;3.09;86.55
2019;Salta;Energía;1B. Emisiones fugitivas fabricación de combustibles;CH4;142.2;3981.64
2019;Santa Fe;Energía;1B. Emisiones fugitivas fabricación de combustibles;CH4;209.56;5867.68
2019;Santiago del Estero;Energía;1B. Emisiones fugitivas fabricación de combustibles;CH4;4462.74;124956.76
2019;Tucumán;Energía;1B. Emisiones fugitivas fabricación de combustibles;CH4;5.7;159.56
2020;Catamarca;Energía;1B. Emisiones fugitivas fabricación de combustibles;CH4;98.78;2765.93
2020;Córdoba;Energía;1B. Emisiones fugitivas fabricación de combustibles;CH4;2.02;56.42
2020;Chaco;Energía;1B. Emisiones fugitivas fabricación de combustibles;CH4;6525.02;182700.52
2020;Formosa;Energía;1B. Emisiones fugitivas fabricación de combustibles;CH4;819.46;22944.89
2020;La Pampa;Energía;1B. Emisiones fugitivas fabricación de combustibles;CH4;10.56;295.64
2020;La Rioja;Energía;1B. Emisiones fugitivas fabricación de combustibles;CH4;3.09;86.55
2020;Salta;Energía;1B. Emisiones fugitivas fabricación de combustibles;CH4;191.87;5372.48
2020;Santiago del Estero;Energía;1B. Emisiones fugitivas fabricación de combustibles;CH4;3472.33;97225.2
2020;Tucumán;Energía;1B. Emisiones fugitivas fabricación de combustibles;CH4;5.95;166.66
2021;Buenos Aires;Energía;1B. Emisiones fugitivas fabricación de combustibles;CH4;1.01;28.21
2021;Catamarca;Energía;1B. Emisiones fugitivas fabricación de combustibles;CH4;207.24;5802.71
2021;Córdoba;Energía;1B. Emisiones fugitivas fabricación de combustibles;CH4;3.55;99.3
2021;Chaco;Energía;1B. Emisiones fugitivas fabricación de combustibles;CH4;8055.8;225562.49
2021;Formosa;Energía;1B. Emisiones fugitivas fabricación de combustibles;CH4;712.75;19956.88
2021;La Pampa;Energía;1B. Emisiones fugitivas fabricación de combustibles;CH4;5.34;149.4
2021;La Rioja;Energía;1B. Emisiones fugitivas fabricación de combustibles;CH4;3.09;86.55
2021;Salta;Energía;1B. Emisiones fugitivas fabricación de combustibles;CH4;181.15;5072.33
2021;San Luis;Energía;1B. Emisiones fugitivas fabricación de combustibles;CH4;1.77;49.65
2021;Santa Fe;Energía;1B. Emisiones fugitivas fabricación de combustibles;CH4;34.26;959.14
2021;Santiago del Estero;Energía;1B. Emisiones fugitivas fabricación de combustibles;CH4;3780.78;105861.97
2021;Tucumán;Energía;1B. Emisiones fugitivas fabricación de combustibles;CH4;6.26;175.35
2022;Buenos Aires;Energía;1B. Emisiones fugitivas fabricación de combustibles;CH4;0.4;11.28
2022;Catamarca;Energía;1B. Emisiones fugitivas fabricación de combustibles;CH4;187.23;5242.32
2022;Córdoba;Energía;1B. Emisiones fugitivas fabricación de combustibles;CH4;7.86;220.04
2022;Chaco;Energía;1B. Emisiones fugitivas fabricación de combustibles;CH4;6411.03;179508.91
2022;Formosa;Energía;1B. Emisiones fugitivas fabricación de combustibles;CH4;570.85;15983.79
2022;La Pampa;Energía;1B. Emisiones fugitivas fabricación de combustibles;CH4;0.67;18.84
2022;La Rioja;Energía;1B. Emisiones fugitivas fabricación de combustibles;CH4;3.09;86.55
2022;Salta;Energía;1B. Emisiones fugitivas fabricación de combustibles;CH4;116.74;3268.79
2022;Santa Fe;Energía;1B. Emisiones fugitivas fabricación de combustibles;CH4;93.29;2612.25
2022;Santiago del Estero;Energía;1B. Emisiones fugitivas fabricación de combustibles;CH4;6354.46;177924.98
2022;Tucumán;Energía;1B. Emisiones fugitivas fabricación de combustibles;CH4;11.03;308.84
2010;Catamarca;Energía;1B. Emisiones fugitivas fabricación de combustibles;N2O;0.13;34.92
2010;Córdoba;Energía;1B. Emisiones fugitivas fabricación de combustibles;N2O;0.41;109.92
2010;Chaco;Energía;1B. Emisiones fugitivas fabricación de combustibles;N2O;19.7;5220.2
2010;Formosa;Energía;1B. Emisiones fugitivas fabricación de combustibles;N2O;1.25;332.12
2010;Jujuy;Energía;1B. Emisiones fugitivas fabricación de combustibles;N2O;0.35;93.24
2010;La Pampa;Energía;1B. Emisiones fugitivas fabricación de combustibles;N2O;0.0;0.32
2010;La Rioja;Energía;1B. Emisiones fugitivas fabricación de combustibles;N2O;0.0;0.17
2010;Salta;Energía;1B. Emisiones fugitivas fabricación de combustibles;N2O;0.33;86.96
2010;Santa Fe;Energía;1B. Emisiones fugitivas fabricación de combustibles;N2O;0.01;1.42
2010;Santiago del Estero;Energía;1B. Emisiones fugitivas fabricación de combustibles;N2O;8.25;2185.0
2010;Tucumán;Energía;1B. Emisiones fugitivas fabricación de combustibles;N2O;0.01;1.63
2011;Catamarca;Energía;1B. Emisiones fugitivas fabricación de combustibles;N2O;0.12;32.41
2011;Córdoba;Energía;1B. Emisiones fugitivas fabricación de combustibles;N2O;0.0;0.87
2011;Chaco;Energía;1B. Emisiones fugitivas fabricación de combustibles;N2O;22.27;5902.8
2011;Formosa;Energía;1B. Emisiones fugitivas fabricación de combustibles;N2O;1.31;346.54
2011;Jujuy;Energía;1B. Emisiones fugitivas fabricación de combustibles;N2O;0.49;129.96
2011;Salta;Energía;1B. Emisiones fugitivas fabricación de combustibles;N2O;0.28;74.03
2011;San Luis;Energía;1B. Emisiones fugitivas fabricación de combustibles;N2O;0.56;149.25
2011;Santa Fe;Energía;1B. Emisiones fugitivas fabricación de combustibles;N2O;0.03;7.53
2011;Santiago del Estero;Energía;1B. Emisiones fugitivas fabricación de combustibles;N2O;7.37;1953.86
2011;Tucumán;Energía;1B. Emisiones fugitivas fabricación de combustibles;N2O;0.0;1.12
2012;Catamarca;Energía;1B. Emisiones fugitivas fabricación de combustibles;N2O;0.22;59.15
2012;Córdoba;Energía;1B. Emisiones fugitivas fabricación de combustibles;N2O;0.07;19.33
2012;Chaco;Energía;1B. Emisiones fugitivas fabricación de combustibles;N2O;21.37;5662.54
2012;Formosa;Energía;1B. Emisiones fugitivas fabricación de combustibles;N2O;0.95;251.98
2012;Jujuy;Energía;1B. Emisiones fugitivas fabricación de combustibles;N2O;0.09;24.95
2012;Salta;Energía;1B. Emisiones fugitivas fabricación de combustibles;N2O;0.31;83.21
2012;San Luis;Energía;1B. Emisiones fugitivas fabricación de combustibles;N2O;0.08;21.6
2012;Santa Fe;Energía;1B. Emisiones fugitivas fabricación de combustibles;N2O;0.04;10.11
2012;Santiago del Estero;Energía;1B. Emisiones fugitivas fabricación de combustibles;N2O;5.79;1534.37
2012;Tucumán;Energía;1B. Emisiones fugitivas fabricación de combustibles;N2O;0.0;0.76
2013;Catamarca;Energía;1B. Emisiones fugitivas fabricación de combustibles;N2O;0.34;90.04
2013;Córdoba;Energía;1B. Emisiones fugitivas fabricación de combustibles;N2O;0.04;9.9
2013;Chaco;Energía;1B. Emisiones fugitivas fabricación de combustibles;N2O;25.02;6630.45
2013;Formosa;Energía;1B. Emisiones fugitivas fabricación de combustibles;N2O;0.88;232.01
2013;Jujuy;Energía;1B. Emisiones fugitivas fabricación de combustibles;N2O;0.08;20.95
2013;La Pampa;Energía;1B. Emisiones fugitivas fabricación de combustibles;N2O;0.0;0.95
2013;Salta;Energía;1B. Emisiones fugitivas fabricación de combustibles;N2O;1.38;366.38
2013;San Luis;Energía;1B. Emisiones fugitivas fabricación de combustibles;N2O;0.07;19.02
2013;Santa Fe;Energía;1B. Emisiones fugitivas fabricación de combustibles;N2O;0.16;41.64
2013;Santiago del Estero;Energía;1B. Emisiones fugitivas fabricación de combustibles;N2O;7.17;1901.36
2013;Tucumán;Energía;1B. Emisiones fugitivas fabricación de combustibles;N2O;0.0;0.81
2014;Catamarca;Energía;1B. Emisiones fugitivas fabricación de combustibles;N2O;0.32;85.25
2014;Córdoba;Energía;1B. Emisiones fugitivas fabricación de combustibles;N2O;0.03;7.25
2014;Chaco;Energía;1B. Emisiones fugitivas fabricación de combustibles;N2O;21.06;5580.94
2014;Formosa;Energía;1B. Emisiones fugitivas fabricación de combustibles;N2O;1.2;319.06
2014;Jujuy;Energía;1B. Emisiones fugitivas fabricación de combustibles;N2O;0.06;15.05
2014;La Pampa;Energía;1B. Emisiones fugitivas fabricación de combustibles;N2O;0.0;0.95
2014;Salta;Energía;1B. Emisiones fugitivas fabricación de combustibles;N2O;0.21;54.72
2014;San Luis;Energía;1B. Emisiones fugitivas fabricación de combustibles;N2O;0.07;18.19
2014;Santa Fe;Energía;1B. Emisiones fugitivas fabricación de combustibles;N2O;0.01;1.89
2014;Santiago del Estero;Energía;1B. Emisiones fugitivas fabricación de combustibles;N2O;7.95;2107.36
2014;Tucumán;Energía;1B. Emisiones fugitivas fabricación de combustibles;N2O;0.0;0.19
2015;Catamarca;Energía;1B. Emisiones fugitivas fabricación de combustibles;N2O;0.11;28.7
2015;Córdoba;Energía;1B. Emisiones fugitivas fabricación de combustibles;N2O;0.18;46.7
2015;Chaco;Energía;1B. Emisiones fugitivas fabricación de combustibles;N2O;23.04;6106.87
2015;Formosa;Energía;1B. Emisiones fugitivas fabricación de combustibles;N2O;0.78;205.64
2015;Jujuy;Energía;1B. Emisiones fugitivas fabricación de combustibles;N2O;0.08;21.88
2015;La Pampa;Energía;1B. Emisiones fugitivas fabricación de combustibles;N2O;0.0;0.32
2015;Salta;Energía;1B. Emisiones fugitivas fabricación de combustibles;N2O;0.21;56.56
2015;San Luis;Energía;1B. Emisiones fugitivas fabricación de combustibles;N2O;0.06;16.13
2015;Santa Fe;Energía;1B. Emisiones fugitivas fabricación de combustibles;N2O;0.09;23.38
2015;Santiago del Estero;Energía;1B. Emisiones fugitivas fabricación de combustibles;N2O;9.07;2404.57
2015;Tucumán;Energía;1B. Emisiones fugitivas fabricación de combustibles;N2O;0.0;0.93
2016;Buenos Aires;Energía;1B. Emisiones fugitivas fabricación de combustibles;N2O;0.0;0.04
2016;Catamarca;Energía;1B. Emisiones fugitivas fabricación de combustibles;N2O;0.09;25.14
2016;Córdoba;Energía;1B. Emisiones fugitivas fabricación de combustibles;N2O;0.01;3.58
2016;Chaco;Energía;1B. Emisiones fugitivas fabricación de combustibles;N2O;15.95;4226.18
2016;Formosa;Energía;1B. Emisiones fugitivas fabricación de combustibles;N2O;1.68;444.88
2016;Jujuy;Energía;1B. Emisiones fugitivas fabricación de combustibles;N2O;0.03;8.86
2016;La Pampa;Energía;1B. Emisiones fugitivas fabricación de combustibles;N2O;0.01;2.33
2016;Salta;Energía;1B. Emisiones fugitivas fabricación de combustibles;N2O;0.44;117.64
2016;San Luis;Energía;1B. Emisiones fugitivas fabricación de combustibles;N2O;0.01;3.6
2016;Santa Fe;Energía;1B. Emisiones fugitivas fabricación de combustibles;N2O;0.16;42.99
2016;Santiago del Estero;Energía;1B. Emisiones fugitivas fabricación de combustibles;N2O;8.22;2177.92
2017;Catamarca;Energía;1B. Emisiones fugitivas fabricación de combustibles;N2O;0.12;32.43
2017;Córdoba;Energía;1B. Emisiones fugitivas fabricación de combustibles;N2O;0.01;1.42
2017;Chaco;Energía;1B. Emisiones fugitivas fabricación de combustibles;N2O;15.19;4024.42
2017;Formosa;Energía;1B. Emisiones fugitivas fabricación de combustibles;N2O;0.98;259.46
2017;La Pampa;Energía;1B. Emisiones fugitivas fabricación de combustibles;N2O;0.01;1.91
2017;La Rioja;Energía;1B. Emisiones fugitivas fabricación de combustibles;N2O;0.02;4.39
2017;San Luis;Energía;1B. Emisiones fugitivas fabricación de combustibles;N2O;0.02;6.06
2017;Santa Fe;Energía;1B. Emisiones fugitivas fabricación de combustibles;N2O;0.25;65.93
2017;Santiago del Estero;Energía;1B. Emisiones fugitivas fabricación de combustibles;N2O;8.28;2195.32
2017;Tucumán;Energía;1B. Emisiones fugitivas fabricación de combustibles;N2O;0.01;2.73
2018;Catamarca;Energía;1B. Emisiones fugitivas fabricación de combustibles;N2O;0.23;61.18
2018;Córdoba;Energía;1B. Emisiones fugitivas fabricación de combustibles;N2O;0.01;2.2
2018;Chaco;Energía;1B. Emisiones fugitivas fabricación de combustibles;N2O;15.76;4177.02
2018;Formosa;Energía;1B. Emisiones fugitivas fabricación de combustibles;N2O;0.86;227.9
2018;Jujuy;Energía;1B. Emisiones fugitivas fabricación de combustibles;N2O;0.09;24.61
2018;La Pampa;Energía;1B. Emisiones fugitivas fabricación de combustibles;N2O;0.03;7.35
2018;La Rioja;Energía;1B. Emisiones fugitivas fabricación de combustibles;N2O;0.01;3.75
2018;Salta;Energía;1B. Emisiones fugitivas fabricación de combustibles;N2O;0.2;54.32
2018;Santa Fe;Energía;1B. Emisiones fugitivas fabricación de combustibles;N2O;0.36;95.4
2018;Santiago del Estero;Energía;1B. Emisiones fugitivas fabricación de combustibles;N2O;8.5;2253.73
2019;Catamarca;Energía;1B. Emisiones fugitivas fabricación de combustibles;N2O;0.27;71.63
2019;Córdoba;Energía;1B. Emisiones fugitivas fabricación de combustibles;N2O;0.01;1.38
2019;Chaco;Energía;1B. Emisiones fugitivas fabricación de combustibles;N2O;12.67;3358.85
2019;Formosa;Energía;1B. Emisiones fugitivas fabricación de combustibles;N2O;1.32;348.74
2019;La Pampa;Energía;1B. Emisiones fugitivas fabricación de combustibles;N2O;0.01;3.19
2019;La Rioja;Energía;1B. Emisiones fugitivas fabricación de combustibles;N2O;0.01;1.63
2019;Salta;Energía;1B. Emisiones fugitivas fabricación de combustibles;N2O;0.28;74.81
2019;Santa Cruz;Energía;1B. Emisiones fugitivas fabricación de combustibles;N2O;0.03;8.59
2019;Santa Fe;Energía;1B. Emisiones fugitivas fabricación de combustibles;N2O;0.42;110.24
2019;Santiago del Estero;Energía;1B. Emisiones fugitivas fabricación de combustibles;N2O;8.86;2347.65
2019;Tucumán;Energía;1B. Emisiones fugitivas fabricación de combustibles;N2O;0.01;3.0
2020;Catamarca;Energía;1B. Emisiones fugitivas fabricación de combustibles;N2O;0.2;51.97
2020;Córdoba;Energía;1B. Emisiones fugitivas fabricación de combustibles;N2O;0.0;1.06
2020;Chaco;Energía;1B. Emisiones fugitivas fabricación de combustibles;N2O;12.95;3432.52
2020;Formosa;Energía;1B. Emisiones fugitivas fabricación de combustibles;N2O;1.63;431.08
2020;La Pampa;Energía;1B. Emisiones fugitivas fabricación de combustibles;N2O;0.02;5.55
2020;La Rioja;Energía;1B. Emisiones fugitivas fabricación de combustibles;N2O;0.01;1.63
2020;Salta;Energía;1B. Emisiones fugitivas fabricación de combustibles;N2O;0.38;100.94
2020;Santiago del Estero;Energía;1B. Emisiones fugitivas fabricación de combustibles;N2O;6.89;1826.63
2020;Tucumán;Energía;1B. Emisiones fugitivas fabricación de combustibles;N2O;0.01;3.13
2021;Buenos Aires;Energía;1B. Emisiones fugitivas fabricación de combustibles;N2O;0.0;0.53
2021;Catamarca;Energía;1B. Emisiones fugitivas fabricación de combustibles;N2O;0.41;109.02
2021;Córdoba;Energía;1B. Emisiones fugitivas fabricación de combustibles;N2O;0.01;1.87
2021;Chaco;Energía;1B. Emisiones fugitivas fabricación de combustibles;N2O;15.99;4237.79
2021;Formosa;Energía;1B. Emisiones fugitivas fabricación de combustibles;N2O;1.41;374.94
2021;La Pampa;Energía;1B. Emisiones fugitivas fabricación de combustibles;N2O;0.01;2.81
2021;La Rioja;Energía;1B. Emisiones fugitivas fabricación de combustibles;N2O;0.01;1.63
2021;Salta;Energía;1B. Emisiones fugitivas fabricación de combustibles;N2O;0.36;95.3
2021;San Luis;Energía;1B. Emisiones fugitivas fabricación de combustibles;N2O;0.0;0.93
2021;Santa Fe;Energía;1B. Emisiones fugitivas fabricación de combustibles;N2O;0.07;18.02
2021;Santiago del Estero;Energía;1B. Emisiones fugitivas fabricación de combustibles;N2O;7.51;1988.9
2021;Tucumán;Energía;1B. Emisiones fugitivas fabricación de combustibles;N2O;0.01;3.29
2022;Buenos Aires;Energía;1B. Emisiones fugitivas fabricación de combustibles;N2O;0.0;0.21
2022;Catamarca;Energía;1B. Emisiones fugitivas fabricación de combustibles;N2O;0.37;98.49
2022;Córdoba;Energía;1B. Emisiones fugitivas fabricación de combustibles;N2O;0.02;4.13
2022;Chaco;Energía;1B. Emisiones fugitivas fabricación de combustibles;N2O;12.73;3372.55
2022;Formosa;Energía;1B. Emisiones fugitivas fabricación de combustibles;N2O;1.13;300.3
2022;La Pampa;Energía;1B. Emisiones fugitivas fabricación de combustibles;N2O;0.0;0.35
2022;La Rioja;Energía;1B. Emisiones fugitivas fabricación de combustibles;N2O;0.01;1.63
2022;Salta;Energía;1B. Emisiones fugitivas fabricación de combustibles;N2O;0.23;61.41
2022;Santa Fe;Energía;1B. Emisiones fugitivas fabricación de combustibles;N2O;0.19;49.08
2022;Santiago del Estero;Energía;1B. Emisiones fugitivas fabricación de combustibles;N2O;12.61;3342.79
2022;Tucumán;Energía;1B. Emisiones fugitivas fabricación de combustibles;N2O;0.02;5.8
2010;Chubut;Energía;1B. Emisiones fugitivas fabricación de combustibles;CO2;4224.14;4224.14
2010;Formosa;Energía;1B. Emisiones fugitivas fabricación de combustibles;CO2;55.25;55.25
2010;Jujuy;Energía;1B. Emisiones fugitivas fabricación de combustibles;CO2;9.73;9.73
2010;La Pampa;Energía;1B. Emisiones fugitivas fabricación de combustibles;CO2;643.75;643.75
2010;Mendoza;Energía;1B. Emisiones fugitivas fabricación de combustibles;CO2;2357.82;2357.82
2010;Neuquén;Energía;1B. Emisiones fugitivas fabricación de combustibles;CO2;3442.7;3442.7
2010;Río Negro;Energía;1B. Emisiones fugitivas fabricación de combustibles;CO2;985.35;985.35
2010;Salta;Energía;1B. Emisiones fugitivas fabricación de combustibles;CO2;252.11;252.11
2010;Tierra del Fuego, Antártida e Islas del Atlántico Sur;Energía;1B. Emisiones fugitivas fabricación de combustibles;CO2;214.95;214.95
2011;Chubut;Energía;1B. Emisiones fugitivas fabricación de combustibles;CO2;4221.47;4221.47
2011;Formosa;Energía;1B. Emisiones fugitivas fabricación de combustibles;CO2;47.41;47.41
2011;Jujuy;Energía;1B. Emisiones fugitivas fabricación de combustibles;CO2;8.77;8.77
2011;La Pampa;Energía;1B. Emisiones fugitivas fabricación de combustibles;CO2;686.2;686.2
2011;Mendoza;Energía;1B. Emisiones fugitivas fabricación de combustibles;CO2;2178.62;2178.62
2011;Neuquén;Energía;1B. Emisiones fugitivas fabricación de combustibles;CO2;3200.57;3200.57
2011;Río Negro;Energía;1B. Emisiones fugitivas fabricación de combustibles;CO2;1020.79;1020.79
2011;Salta;Energía;1B. Emisiones fugitivas fabricación de combustibles;CO2;221.16;221.16
2011;Tierra del Fuego, Antártida e Islas del Atlántico Sur;Energía;1B. Emisiones fugitivas fabricación de combustibles;CO2;196.87;196.87
2012;Chubut;Energía;1B. Emisiones fugitivas fabricación de combustibles;CO2;3940.19;3940.19
2012;Formosa;Energía;1B. Emisiones fugitivas fabricación de combustibles;CO2;69.97;69.97
2012;Jujuy;Energía;1B. Emisiones fugitivas fabricación de combustibles;CO2;7.92;7.92
2012;La Pampa;Energía;1B. Emisiones fugitivas fabricación de combustibles;CO2;691.89;691.89
2012;Mendoza;Energía;1B. Emisiones fugitivas fabricación de combustibles;CO2;2069.79;2069.79
2012;Neuquén;Energía;1B. Emisiones fugitivas fabricación de combustibles;CO2;2900.75;2900.75
2012;Río Negro;Energía;1B. Emisiones fugitivas fabricación de combustibles;CO2;1094.15;1094.15
2012;Salta;Energía;1B. Emisiones fugitivas fabricación de combustibles;CO2;191.23;191.23
2012;Tierra del Fuego, Antártida e Islas del Atlántico Sur;Energía;1B. Emisiones fugitivas fabricación de combustibles;CO2;176.62;176.62
2013;Chubut;Energía;1B. Emisiones fugitivas fabricación de combustibles;CO2;3901.56;3901.56
2013;Formosa;Energía;1B. Emisiones fugitivas fabricación de combustibles;CO2;63.44;63.44
2013;Jujuy;Energía;1B. Emisiones fugitivas fabricación de combustibles;CO2;6.86;6.86
2013;La Pampa;Energía;1B. Emisiones fugitivas fabricación de combustibles;CO2;688.73;688.73
2013;Mendoza;Energía;1B. Emisiones fugitivas fabricación de combustibles;CO2;1993.33;1993.33
2013;Neuquén;Energía;1B. Emisiones fugitivas fabricación de combustibles;CO2;2839.65;2839.65
2013;Río Negro;Energía;1B. Emisiones fugitivas fabricación de combustibles;CO2;1074.13;1074.13
2013;Salta;Energía;1B. Emisiones fugitivas fabricación de combustibles;CO2;168.42;168.42
2013;Tierra del Fuego, Antártida e Islas del Atlántico Sur;Energía;1B. Emisiones fugitivas fabricación de combustibles;CO2;167.54;167.54
2014;Chubut;Energía;1B. Emisiones fugitivas fabricación de combustibles;CO2;4011.31;4011.31
2014;Formosa;Energía;1B. Emisiones fugitivas fabricación de combustibles;CO2;59.51;59.51
2014;Jujuy;Energía;1B. Emisiones fugitivas fabricación de combustibles;CO2;6.51;6.51
2014;La Pampa;Energía;1B. Emisiones fugitivas fabricación de combustibles;CO2;625.05;625.05
2014;Mendoza;Energía;1B. Emisiones fugitivas fabricación de combustibles;CO2;1917.83;1917.83
2014;Neuquén;Energía;1B. Emisiones fugitivas fabricación de combustibles;CO2;2892.3;2892.3
2014;Río Negro;Energía;1B. Emisiones fugitivas fabricación de combustibles;CO2;981.34;981.34
2014;Salta;Energía;1B. Emisiones fugitivas fabricación de combustibles;CO2;154.44;154.44
2014;Tierra del Fuego, Antártida e Islas del Atlántico Sur;Energía;1B. Emisiones fugitivas fabricación de combustibles;CO2;156.91;156.91
2015;Chubut;Energía;1B. Emisiones fugitivas fabricación de combustibles;CO2;4116.9;4116.9
2015;Formosa;Energía;1B. Emisiones fugitivas fabricación de combustibles;CO2;59.06;59.06
2015;Jujuy;Energía;1B. Emisiones fugitivas fabricación de combustibles;CO2;6.19;6.19
2015;La Pampa;Energía;1B. Emisiones fugitivas fabricación de combustibles;CO2;575.08;575.08
2015;Mendoza;Energía;1B. Emisiones fugitivas fabricación de combustibles;CO2;2022.66;2022.66
2015;Neuquén;Energía;1B. Emisiones fugitivas fabricación de combustibles;CO2;2899.92;2899.92
2015;Río Negro;Energía;1B. Emisiones fugitivas fabricación de combustibles;CO2;913.21;913.21
2015;Salta;Energía;1B. Emisiones fugitivas fabricación de combustibles;CO2;157.44;157.44
2015;Tierra del Fuego, Antártida e Islas del Atlántico Sur;Energía;1B. Emisiones fugitivas fabricación de combustibles;CO2;137.32;137.32
2016;Chubut;Energía;1B. Emisiones fugitivas fabricación de combustibles;CO2;3907.63;3907.63
2016;Formosa;Energía;1B. Emisiones fugitivas fabricación de combustibles;CO2;47.02;47.02
2016;Jujuy;Energía;1B. Emisiones fugitivas fabricación de combustibles;CO2;5.35;5.35
2016;La Pampa;Energía;1B. Emisiones fugitivas fabricación de combustibles;CO2;513.35;513.35
2016;Mendoza;Energía;1B. Emisiones fugitivas fabricación de combustibles;CO2;2048.52;2048.52
2016;Neuquén;Energía;1B. Emisiones fugitivas fabricación de combustibles;CO2;2815.47;2815.47
2016;Río Negro;Energía;1B. Emisiones fugitivas fabricación de combustibles;CO2;891.34;891.34
2016;Salta;Energía;1B. Emisiones fugitivas fabricación de combustibles;CO2;151.18;151.18
2016;Tierra del Fuego, Antártida e Islas del Atlántico Sur;Energía;1B. Emisiones fugitivas fabricación de combustibles;CO2;131.69;131.69
2017;Chubut;Energía;1B. Emisiones fugitivas fabricación de combustibles;CO2;3615.22;3615.22
2017;Formosa;Energía;1B. Emisiones fugitivas fabricación de combustibles;CO2;40.9;40.9
2017;Jujuy;Energía;1B. Emisiones fugitivas fabricación de combustibles;CO2;5.69;5.69
2017;La Pampa;Energía;1B. Emisiones fugitivas fabricación de combustibles;CO2;472.98;472.98
2017;Mendoza;Energía;1B. Emisiones fugitivas fabricación de combustibles;CO2;1969.77;1969.77
2017;Neuquén;Energía;1B. Emisiones fugitivas fabricación de combustibles;CO2;2716.08;2716.08
2017;Río Negro;Energía;1B. Emisiones fugitivas fabricación de combustibles;CO2;851.07;851.07
2017;Salta;Energía;1B. Emisiones fugitivas fabricación de combustibles;CO2;137.24;137.24
2017;Tierra del Fuego, Antártida e Islas del Atlántico Sur;Energía;1B. Emisiones fugitivas fabricación de combustibles;CO2;119.48;119.48
2018;Chubut;Energía;1B. Emisiones fugitivas fabricación de combustibles;CO2;3816.37;3816.37
2018;Formosa;Energía;1B. Emisiones fugitivas fabricación de combustibles;CO2;30.42;30.42
2018;Jujuy;Energía;1B. Emisiones fugitivas fabricación de combustibles;CO2;5.35;5.35
2018;La Pampa;Energía;1B. Emisiones fugitivas fabricación de combustibles;CO2;444.29;444.29
2018;Mendoza;Energía;1B. Emisiones fugitivas fabricación de combustibles;CO2;1894.42;1894.42
2018;Neuquén;Energía;1B. Emisiones fugitivas fabricación de combustibles;CO2;3055.72;3055.72
2018;Río Negro;Energía;1B. Emisiones fugitivas fabricación de combustibles;CO2;802.59;802.59
2018;Salta;Energía;1B. Emisiones fugitivas fabricación de combustibles;CO2;120.48;120.48
2018;Tierra del Fuego, Antártida e Islas del Atlántico Sur;Energía;1B. Emisiones fugitivas fabricación de combustibles;CO2;158.78;158.78
2019;Chubut;Energía;1B. Emisiones fugitivas fabricación de combustibles;CO2;3863.92;3863.92
2019;Formosa;Energía;1B. Emisiones fugitivas fabricación de combustibles;CO2;25.97;25.97
2019;Jujuy;Energía;1B. Emisiones fugitivas fabricación de combustibles;CO2;5.01;5.01
2019;La Pampa;Energía;1B. Emisiones fugitivas fabricación de combustibles;CO2;449.03;449.03
2019;Mendoza;Energía;1B. Emisiones fugitivas fabricación de combustibles;CO2;1794.1;1794.1
2019;Neuquén;Energía;1B. Emisiones fugitivas fabricación de combustibles;CO2;6010.52;6010.52
2019;Río Negro;Energía;1B. Emisiones fugitivas fabricación de combustibles;CO2;883.16;883.16
2019;Salta;Energía;1B. Emisiones fugitivas fabricación de combustibles;CO2;112.39;112.39
2019;Tierra del Fuego, Antártida e Islas del Atlántico Sur;Energía;1B. Emisiones fugitivas fabricación de combustibles;CO2;172.0;172.0
2020;Chubut;Energía;1B. Emisiones fugitivas fabricación de combustibles;CO2;3693.78;3693.78
2020;Formosa;Energía;1B. Emisiones fugitivas fabricación de combustibles;CO2;19.7;19.7
2020;Jujuy;Energía;1B. Emisiones fugitivas fabricación de combustibles;CO2;7.32;7.32
2020;La Pampa;Energía;1B. Emisiones fugitivas fabricación de combustibles;CO2;393.09;393.09
2020;Mendoza;Energía;1B. Emisiones fugitivas fabricación de combustibles;CO2;1523.26;1523.26
2020;Neuquén;Energía;1B. Emisiones fugitivas fabricación de combustibles;CO2;6867.61;6867.61
2020;Río Negro;Energía;1B. Emisiones fugitivas fabricación de combustibles;CO2;747.61;747.61
2020;Salta;Energía;1B. Emisiones fugitivas fabricación de combustibles;CO2;122.74;122.74
2020;Tierra del Fuego, Antártida e Islas del Atlántico Sur;Energía;1B. Emisiones fugitivas fabricación de combustibles;CO2;87.31;87.31
2021;Chubut;Energía;1B. Emisiones fugitivas fabricación de combustibles;CO2;3601.77;3601.77
2021;Formosa;Energía;1B. Emisiones fugitivas fabricación de combustibles;CO2;12.21;12.21
2021;Jujuy;Energía;1B. Emisiones fugitivas fabricación de combustibles;CO2;6.98;6.98
2021;La Pampa;Energía;1B. Emisiones fugitivas fabricación de combustibles;CO2;362.64;362.64
2021;Mendoza;Energía;1B. Emisiones fugitivas fabricación de combustibles;CO2;1450.76;1450.76
2021;Neuquén;Energía;1B. Emisiones fugitivas fabricación de combustibles;CO2;9248.36;9248.36
2021;Río Negro;Energía;1B. Emisiones fugitivas fabricación de combustibles;CO2;683.33;683.33
2021;Salta;Energía;1B. Emisiones fugitivas fabricación de combustibles;CO2;112.01;112.01
2021;Tierra del Fuego, Antártida e Islas del Atlántico Sur;Energía;1B. Emisiones fugitivas fabricación de combustibles;CO2;109.65;109.65
2022;Chubut;Energía;1B. Emisiones fugitivas fabricación de combustibles;CO2;3577.33;3577.33
2022;Formosa;Energía;1B. Emisiones fugitivas fabricación de combustibles;CO2;17.0;17.0
2022;Jujuy;Energía;1B. Emisiones fugitivas fabricación de combustibles;CO2;4.73;4.73
2022;La Pampa;Energía;1B. Emisiones fugitivas fabricación de combustibles;CO2;387.42;387.42
2022;Mendoza;Energía;1B. Emisiones fugitivas fabricación de combustibles;CO2;1432.03;1432.03
2022;Neuquén;Energía;1B. Emisiones fugitivas fabricación de combustibles;CO2;13112.04;13112.04
2022;Río Negro;Energía;1B. Emisiones fugitivas fabricación de combustibles;CO2;632.32;632.32
2022;Salta;Energía;1B. Emisiones fugitivas fabricación de combustibles;CO2;115.88;115.88
2022;Tierra del Fuego, Antártida e Islas del Atlántico Sur;Energía;1B. Emisiones fugitivas fabricación de combustibles;CO2;89.13;89.13
2010;Chubut;Energía;1B. Emisiones fugitivas fabricación de combustibles;CH4;192.01;5376.18
2010;Mendoza;Energía;1B. Emisiones fugitivas fabricación de combustibles;CH4;107.17;3000.87
2010;Neuquén;Energía;1B. Emisiones fugitivas fabricación de combustibles;CH4;156.49;4381.61
2010;Río Negro;Energía;1B. Emisiones fugitivas fabricación de combustibles;CH4;44.79;1254.08
2010;Tierra del Fuego, Antártida e Islas del Atlántico Sur;Energía;1B. Emisiones fugitivas fabricación de combustibles;CH4;9.77;273.57
2011;Chubut;Energía;1B. Emisiones fugitivas fabricación de combustibles;CH4;191.89;5372.78
2011;La Pampa;Energía;1B. Emisiones fugitivas fabricación de combustibles;CH4;31.19;873.34
2011;Mendoza;Energía;1B. Emisiones fugitivas fabricación de combustibles;CH4;99.03;2772.79
2011;Neuquén;Energía;1B. Emisiones fugitivas fabricación de combustibles;CH4;145.48;4073.46
2011;Río Negro;Energía;1B. Emisiones fugitivas fabricación de combustibles;CH4;46.4;1299.19
2011;Tierra del Fuego, Antártida e Islas del Atlántico Sur;Energía;1B. Emisiones fugitivas fabricación de combustibles;CH4;8.95;250.56
2012;Chubut;Energía;1B. Emisiones fugitivas fabricación de combustibles;CH4;179.1;5014.79
2012;La Pampa;Energía;1B. Emisiones fugitivas fabricación de combustibles;CH4;31.45;880.59
2012;Mendoza;Energía;1B. Emisiones fugitivas fabricación de combustibles;CH4;94.08;2634.28
2012;Neuquén;Energía;1B. Emisiones fugitivas fabricación de combustibles;CH4;131.85;3691.86
2012;Río Negro;Energía;1B. Emisiones fugitivas fabricación de combustibles;CH4;49.73;1392.55
2012;Tierra del Fuego, Antártida e Islas del Atlántico Sur;Energía;1B. Emisiones fugitivas fabricación de combustibles;CH4;8.03;224.78
2013;Chubut;Energía;1B. Emisiones fugitivas fabricación de combustibles;CH4;177.34;4965.62
2013;Mendoza;Energía;1B. Emisiones fugitivas fabricación de combustibles;CH4;90.61;2536.96
2013;Neuquén;Energía;1B. Emisiones fugitivas fabricación de combustibles;CH4;129.07;3614.09
2013;Río Negro;Energía;1B. Emisiones fugitivas fabricación de combustibles;CH4;48.82;1367.07
2013;Tierra del Fuego, Antártida e Islas del Atlántico Sur;Energía;1B. Emisiones fugitivas fabricación de combustibles;CH4;7.62;213.23
2014;Chubut;Energía;1B. Emisiones fugitivas fabricación de combustibles;CH4;182.33;5105.3
2014;Mendoza;Energía;1B. Emisiones fugitivas fabricación de combustibles;CH4;87.17;2440.87
2014;Neuquén;Energía;1B. Emisiones fugitivas fabricación de combustibles;CH4;131.47;3681.11
2014;Río Negro;Energía;1B. Emisiones fugitivas fabricación de combustibles;CH4;44.61;1248.98
2014;Tierra del Fuego, Antártida e Islas del Atlántico Sur;Energía;1B. Emisiones fugitivas fabricación de combustibles;CH4;7.13;199.71
2015;Chubut;Energía;1B. Emisiones fugitivas fabricación de combustibles;CH4;187.13;5239.69
2015;Mendoza;Energía;1B. Emisiones fugitivas fabricación de combustibles;CH4;91.94;2574.29
2015;Neuquén;Energía;1B. Emisiones fugitivas fabricación de combustibles;CH4;131.81;3690.81
2015;Río Negro;Energía;1B. Emisiones fugitivas fabricación de combustibles;CH4;41.51;1162.27
2015;Tierra del Fuego, Antártida e Islas del Atlántico Sur;Energía;1B. Emisiones fugitivas fabricación de combustibles;CH4;6.24;174.78
2016;Chubut;Energía;1B. Emisiones fugitivas fabricación de combustibles;CH4;177.62;4973.34
2016;Mendoza;Energía;1B. Emisiones fugitivas fabricación de combustibles;CH4;93.11;2607.2
2016;Neuquén;Energía;1B. Emisiones fugitivas fabricación de combustibles;CH4;128.1;3586.9
2016;Río Negro;Energía;1B. Emisiones fugitivas fabricación de combustibles;CH4;40.52;1134.43
2016;Tierra del Fuego, Antártida e Islas del Atlántico Sur;Energía;1B. Emisiones fugitivas fabricación de combustibles;CH4;5.99;167.6
2017;Chubut;Energía;1B. Emisiones fugitivas fabricación de combustibles;CH4;164.33;4601.19
2017;Jujuy;Energía;1B. Emisiones fugitivas fabricación de combustibles;CH4;0.26;7.24
2017;Mendoza;Energía;1B. Emisiones fugitivas fabricación de combustibles;CH4;89.54;2506.98
2017;Neuquén;Energía;1B. Emisiones fugitivas fabricación de combustibles;CH4;123.9;3469.17
2017;Río Negro;Energía;1B. Emisiones fugitivas fabricación de combustibles;CH4;38.68;1083.18
2017;Salta;Energía;1B. Emisiones fugitivas fabricación de combustibles;CH4;6.24;174.67
2017;Tierra del Fuego, Antártida e Islas del Atlántico Sur;Energía;1B. Emisiones fugitivas fabricación de combustibles;CH4;5.43;152.06
2018;Chubut;Energía;1B. Emisiones fugitivas fabricación de combustibles;CH4;173.47;4857.2
2018;Mendoza;Energía;1B. Emisiones fugitivas fabricación de combustibles;CH4;86.11;2411.08
2018;Neuquén;Energía;1B. Emisiones fugitivas fabricación de combustibles;CH4;139.31;3900.79
2018;Río Negro;Energía;1B. Emisiones fugitivas fabricación de combustibles;CH4;36.48;1021.48
2018;Tierra del Fuego, Antártida e Islas del Atlántico Sur;Energía;1B. Emisiones fugitivas fabricación de combustibles;CH4;7.22;202.09
2019;Chubut;Energía;1B. Emisiones fugitivas fabricación de combustibles;CH4;175.63;4917.77
2019;Jujuy;Energía;1B. Emisiones fugitivas fabricación de combustibles;CH4;0.23;6.38
2019;Mendoza;Energía;1B. Emisiones fugitivas fabricación de combustibles;CH4;82.2;2301.62
2019;Neuquén;Energía;1B. Emisiones fugitivas fabricación de combustibles;CH4;386.64;10826.04
2019;Río Negro;Energía;1B. Emisiones fugitivas fabricación de combustibles;CH4;45.52;1274.59
2019;Tierra del Fuego, Antártida e Islas del Atlántico Sur;Energía;1B. Emisiones fugitivas fabricación de combustibles;CH4;7.82;218.91
2020;Chubut;Energía;1B. Emisiones fugitivas fabricación de combustibles;CH4;167.9;4701.19
2020;Jujuy;Energía;1B. Emisiones fugitivas fabricación de combustibles;CH4;0.33;9.32
2020;Mendoza;Energía;1B. Emisiones fugitivas fabricación de combustibles;CH4;69.52;1946.69
2020;Neuquén;Energía;1B. Emisiones fugitivas fabricación de combustibles;CH4;452.64;12673.85
2020;Río Negro;Energía;1B. Emisiones fugitivas fabricación de combustibles;CH4;38.33;1073.31
2020;Tierra del Fuego, Antártida e Islas del Atlántico Sur;Energía;1B. Emisiones fugitivas fabricación de combustibles;CH4;3.97;111.12
2021;Chubut;Energía;1B. Emisiones fugitivas fabricación de combustibles;CH4;163.72;4584.07
2021;Jujuy;Energía;1B. Emisiones fugitivas fabricación de combustibles;CH4;0.32;8.88
2021;Mendoza;Energía;1B. Emisiones fugitivas fabricación de combustibles;CH4;66.07;1849.83
2021;Neuquén;Energía;1B. Emisiones fugitivas fabricación de combustibles;CH4;620.54;17375.2
2021;Río Negro;Energía;1B. Emisiones fugitivas fabricación de combustibles;CH4;34.36;962.04
2021;Tierra del Fuego, Antártida e Islas del Atlántico Sur;Energía;1B. Emisiones fugitivas fabricación de combustibles;CH4;4.98;139.55
2022;Chubut;Energía;1B. Emisiones fugitivas fabricación de combustibles;CH4;162.61;4553.0
2022;Jujuy;Energía;1B. Emisiones fugitivas fabricación de combustibles;CH4;0.21;6.02
2022;Mendoza;Energía;1B. Emisiones fugitivas fabricación de combustibles;CH4;65.18;1824.93
2022;Neuquén;Energía;1B. Emisiones fugitivas fabricación de combustibles;CH4;893.96;25030.81
2022;Río Negro;Energía;1B. Emisiones fugitivas fabricación de combustibles;CH4;31.72;888.24
2022;Tierra del Fuego, Antártida e Islas del Atlántico Sur;Energía;1B. Emisiones fugitivas fabricación de combustibles;CH4;4.05;113.44
2010;Chubut;Energía;1B. Emisiones fugitivas fabricación de combustibles;N2O;0.03;8.14
2010;Mendoza;Energía;1B. Emisiones fugitivas fabricación de combustibles;N2O;0.02;4.54
2010;Neuquén;Energía;1B. Emisiones fugitivas fabricación de combustibles;N2O;0.03;6.64
2010;Río Negro;Energía;1B. Emisiones fugitivas fabricación de combustibles;N2O;0.01;1.9
2010;Santa Cruz;Energía;1B. Emisiones fugitivas fabricación de combustibles;N2O;0.02;5.84
2010;Tierra del Fuego, Antártida e Islas del Atlántico Sur;Energía;1B. Emisiones fugitivas fabricación de combustibles;N2O;0.0;0.41
2011;Chubut;Energía;1B. Emisiones fugitivas fabricación de combustibles;N2O;0.03;8.14
2011;La Pampa;Energía;1B. Emisiones fugitivas fabricación de combustibles;N2O;0.0;1.32
2011;Mendoza;Energía;1B. Emisiones fugitivas fabricación de combustibles;N2O;0.02;4.2
2011;Neuquén;Energía;1B. Emisiones fugitivas fabricación de combustibles;N2O;0.02;6.17
2011;Río Negro;Energía;1B. Emisiones fugitivas fabricación de combustibles;N2O;0.01;1.97
2011;Santa Cruz;Energía;1B. Emisiones fugitivas fabricación de combustibles;N2O;0.02;4.93
2011;Tierra del Fuego, Antártida e Islas del Atlántico Sur;Energía;1B. Emisiones fugitivas fabricación de combustibles;N2O;0.0;0.38
2012;Chubut;Energía;1B. Emisiones fugitivas fabricación de combustibles;N2O;0.03;7.59
2012;La Pampa;Energía;1B. Emisiones fugitivas fabricación de combustibles;N2O;0.01;1.33
2012;Mendoza;Energía;1B. Emisiones fugitivas fabricación de combustibles;N2O;0.02;3.99
2012;Neuquén;Energía;1B. Emisiones fugitivas fabricación de combustibles;N2O;0.02;5.59
2012;Río Negro;Energía;1B. Emisiones fugitivas fabricación de combustibles;N2O;0.01;2.11
2012;Santa Cruz;Energía;1B. Emisiones fugitivas fabricación de combustibles;N2O;0.02;5.85
2012;Tierra del Fuego, Antártida e Islas del Atlántico Sur;Energía;1B. Emisiones fugitivas fabricación de combustibles;N2O;0.0;0.34
2013;Chubut;Energía;1B. Emisiones fugitivas fabricación de combustibles;N2O;0.03;7.52
2013;Mendoza;Energía;1B. Emisiones fugitivas fabricación de combustibles;N2O;0.01;3.84
2013;Neuquén;Energía;1B. Emisiones fugitivas fabricación de combustibles;N2O;0.02;5.47
2013;Río Negro;Energía;1B. Emisiones fugitivas fabricación de combustibles;N2O;0.01;2.07
2013;Santa Cruz;Energía;1B. Emisiones fugitivas fabricación de combustibles;N2O;0.02;5.76
2013;Tierra del Fuego, Antártida e Islas del Atlántico Sur;Energía;1B. Emisiones fugitivas fabricación de combustibles;N2O;0.0;0.32
2014;Chubut;Energía;1B. Emisiones fugitivas fabricación de combustibles;N2O;0.03;7.73
2014;Mendoza;Energía;1B. Emisiones fugitivas fabricación de combustibles;N2O;0.01;3.7
2014;Neuquén;Energía;1B. Emisiones fugitivas fabricación de combustibles;N2O;0.02;5.57
2014;Río Negro;Energía;1B. Emisiones fugitivas fabricación de combustibles;N2O;0.01;1.89
2014;Santa Cruz;Energía;1B. Emisiones fugitivas fabricación de combustibles;N2O;0.02;5.58
2014;Tierra del Fuego, Antártida e Islas del Atlántico Sur;Energía;1B. Emisiones fugitivas fabricación de combustibles;N2O;0.0;0.3
2015;Chubut;Energía;1B. Emisiones fugitivas fabricación de combustibles;N2O;0.03;7.93
2015;Mendoza;Energía;1B. Emisiones fugitivas fabricación de combustibles;N2O;0.01;3.9
2015;Neuquén;Energía;1B. Emisiones fugitivas fabricación de combustibles;N2O;0.02;5.59
2015;Río Negro;Energía;1B. Emisiones fugitivas fabricación de combustibles;N2O;0.01;1.76
2015;Santa Cruz;Energía;1B. Emisiones fugitivas fabricación de combustibles;N2O;0.02;5.48
2015;Tierra del Fuego, Antártida e Islas del Atlántico Sur;Energía;1B. Emisiones fugitivas fabricación de combustibles;N2O;0.0;0.26
2016;Chubut;Energía;1B. Emisiones fugitivas fabricación de combustibles;N2O;0.03;7.53
2016;Mendoza;Energía;1B. Emisiones fugitivas fabricación de combustibles;N2O;0.01;3.95
2016;Neuquén;Energía;1B. Emisiones fugitivas fabricación de combustibles;N2O;0.02;5.42
2016;Río Negro;Energía;1B. Emisiones fugitivas fabricación de combustibles;N2O;0.01;1.72
2016;Santa Cruz;Energía;1B. Emisiones fugitivas fabricación de combustibles;N2O;0.02;5.2
2016;Tierra del Fuego, Antártida e Islas del Atlántico Sur;Energía;1B. Emisiones fugitivas fabricación de combustibles;N2O;0.0;0.25
2017;Chubut;Energía;1B. Emisiones fugitivas fabricación de combustibles;N2O;0.03;6.97
2017;Jujuy;Energía;1B. Emisiones fugitivas fabricación de combustibles;N2O;0.0;0.01
2017;Mendoza;Energía;1B. Emisiones fugitivas fabricación de combustibles;N2O;0.01;3.8
2017;Neuquén;Energía;1B. Emisiones fugitivas fabricación de combustibles;N2O;0.02;5.2
2017;Río Negro;Energía;1B. Emisiones fugitivas fabricación de combustibles;N2O;0.01;1.64
2017;Salta;Energía;1B. Emisiones fugitivas fabricación de combustibles;N2O;0.0;0.26
2017;Santa Cruz;Energía;1B. Emisiones fugitivas fabricación de combustibles;N2O;0.02;4.79
2017;Tierra del Fuego, Antártida e Islas del Atlántico Sur;Energía;1B. Emisiones fugitivas fabricación de combustibles;N2O;0.0;0.23
2018;Chubut;Energía;1B. Emisiones fugitivas fabricación de combustibles;N2O;0.03;7.36
2018;Mendoza;Energía;1B. Emisiones fugitivas fabricación de combustibles;N2O;0.01;3.65
2018;Neuquén;Energía;1B. Emisiones fugitivas fabricación de combustibles;N2O;0.02;5.86
2018;Río Negro;Energía;1B. Emisiones fugitivas fabricación de combustibles;N2O;0.01;1.55
2018;Santa Cruz;Energía;1B. Emisiones fugitivas fabricación de combustibles;N2O;0.02;4.45
2018;Tierra del Fuego, Antártida e Islas del Atlántico Sur;Energía;1B. Emisiones fugitivas fabricación de combustibles;N2O;0.0;0.31
2019;Chubut;Energía;1B. Emisiones fugitivas fabricación de combustibles;N2O;0.03;7.45
2019;Jujuy;Energía;1B. Emisiones fugitivas fabricación de combustibles;N2O;0.0;0.01
2019;Mendoza;Energía;1B. Emisiones fugitivas fabricación de combustibles;N2O;0.01;3.41
2019;Neuquén;Energía;1B. Emisiones fugitivas fabricación de combustibles;N2O;0.01;2.59
2019;Río Negro;Energía;1B. Emisiones fugitivas fabricación de combustibles;N2O;0.0;1.28
2019;Tierra del Fuego, Antártida e Islas del Atlántico Sur;Energía;1B. Emisiones fugitivas fabricación de combustibles;N2O;0.0;0.33
2020;Chubut;Energía;1B. Emisiones fugitivas fabricación de combustibles;N2O;0.03;7.12
2020;Jujuy;Energía;1B. Emisiones fugitivas fabricación de combustibles;N2O;0.0;0.01
2020;Mendoza;Energía;1B. Emisiones fugitivas fabricación de combustibles;N2O;0.01;2.91
2020;Neuquén;Energía;1B. Emisiones fugitivas fabricación de combustibles;N2O;0.01;2.1
2020;Río Negro;Energía;1B. Emisiones fugitivas fabricación de combustibles;N2O;0.0;1.1
2020;Santa Cruz;Energía;1B. Emisiones fugitivas fabricación de combustibles;N2O;0.01;3.6
2020;Tierra del Fuego, Antártida e Islas del Atlántico Sur;Energía;1B. Emisiones fugitivas fabricación de combustibles;N2O;0.0;0.17
2021;Chubut;Energía;1B. Emisiones fugitivas fabricación de combustibles;N2O;0.03;6.94
2021;Jujuy;Energía;1B. Emisiones fugitivas fabricación de combustibles;N2O;0.0;0.01
2021;Mendoza;Energía;1B. Emisiones fugitivas fabricación de combustibles;N2O;0.01;2.79
2021;Neuquén;Energía;1B. Emisiones fugitivas fabricación de combustibles;N2O;0.01;1.96
2021;Río Negro;Energía;1B. Emisiones fugitivas fabricación de combustibles;N2O;0.0;1.06
2021;Santa Cruz;Energía;1B. Emisiones fugitivas fabricación de combustibles;N2O;0.01;3.38
2021;Tierra del Fuego, Antártida e Islas del Atlántico Sur;Energía;1B. Emisiones fugitivas fabricación de combustibles;N2O;0.0;0.21
2022;Chubut;Energía;1B. Emisiones fugitivas fabricación de combustibles;N2O;0.03;6.89
2022;Jujuy;Energía;1B. Emisiones fugitivas fabricación de combustibles;N2O;0.0;0.01
2022;Mendoza;Energía;1B. Emisiones fugitivas fabricación de combustibles;N2O;0.01;2.75
2022;Neuquén;Energía;1B. Emisiones fugitivas fabricación de combustibles;N2O;0.01;1.65
2022;Río Negro;Energía;1B. Emisiones fugitivas fabricación de combustibles;N2O;0.0;0.98
2022;Santa Cruz;Energía;1B. Emisiones fugitivas fabricación de combustibles;N2O;0.01;3.32
2022;Tierra del Fuego, Antártida e Islas del Atlántico Sur;Energía;1B. Emisiones fugitivas fabricación de combustibles;N2O;0.0;0.17
2010;Jurisdiccion sin determinar;Energía;1B. Emisiones fugitivas fabricación de combustibles;CO2;1438.0;1438.0
2011;Jurisdiccion sin determinar;Energía;1B. Emisiones fugitivas fabricación de combustibles;CO2;1205.05;1205.05
2012;Jurisdiccion sin determinar;Energía;1B. Emisiones fugitivas fabricación de combustibles;CO2;1564.37;1564.37
2013;Jurisdiccion sin determinar;Energía;1B. Emisiones fugitivas fabricación de combustibles;CO2;1391.12;1391.12
2014;Jurisdiccion sin determinar;Energía;1B. Emisiones fugitivas fabricación de combustibles;CO2;1192.85;1192.85
2015;Jurisdiccion sin determinar;Energía;1B. Emisiones fugitivas fabricación de combustibles;CO2;1191.63;1191.63
2016;Jurisdiccion sin determinar;Energía;1B. Emisiones fugitivas fabricación de combustibles;CO2;1020.56;1020.56
2017;Jurisdiccion sin determinar;Energía;1B. Emisiones fugitivas fabricación de combustibles;CO2;892.91;892.91
2018;Jurisdiccion sin determinar;Energía;1B. Emisiones fugitivas fabricación de combustibles;CO2;1156.1;1156.1
2019;Jurisdiccion sin determinar;Energía;1B. Emisiones fugitivas fabricación de combustibles;CO2;1332.6;1332.6
2020;Jurisdiccion sin determinar;Energía;1B. Emisiones fugitivas fabricación de combustibles;CO2;1256.2;1256.2
2021;Jurisdiccion sin determinar;Energía;1B. Emisiones fugitivas fabricación de combustibles;CO2;1141.06;1141.06
2022;Jurisdiccion sin determinar;Energía;1B. Emisiones fugitivas fabricación de combustibles;CO2;958.77;958.77
2010;Jurisdiccion sin determinar;Energía;1B. Emisiones fugitivas fabricación de combustibles;CH4;867.03;24276.81
2011;Jurisdiccion sin determinar;Energía;1B. Emisiones fugitivas fabricación de combustibles;CH4;726.58;20344.11
2012;Jurisdiccion sin determinar;Energía;1B. Emisiones fugitivas fabricación de combustibles;CH4;943.23;26410.3
2013;Jurisdiccion sin determinar;Energía;1B. Emisiones fugitivas fabricación de combustibles;CH4;838.76;23485.3
2014;Jurisdiccion sin determinar;Energía;1B. Emisiones fugitivas fabricación de combustibles;CH4;719.22;20138.04
2015;Jurisdiccion sin determinar;Energía;1B. Emisiones fugitivas fabricación de combustibles;CH4;718.48;20117.46
2016;Jurisdiccion sin determinar;Energía;1B. Emisiones fugitivas fabricación de combustibles;CH4;615.34;17229.39
2017;Jurisdiccion sin determinar;Energía;1B. Emisiones fugitivas fabricación de combustibles;CH4;538.37;15074.35
2018;Jurisdiccion sin determinar;Energía;1B. Emisiones fugitivas fabricación de combustibles;CH4;697.06;19517.63
2019;Jurisdiccion sin determinar;Energía;1B. Emisiones fugitivas fabricación de combustibles;CH4;803.48;22497.45
2020;Jurisdiccion sin determinar;Energía;1B. Emisiones fugitivas fabricación de combustibles;CH4;757.41;21207.59
2021;Jurisdiccion sin determinar;Energía;1B. Emisiones fugitivas fabricación de combustibles;CH4;687.99;19263.8
2022;Jurisdiccion sin determinar;Energía;1B. Emisiones fugitivas fabricación de combustibles;CH4;578.08;16186.29
2010;Jurisdiccion sin determinar;Energía;1B. Emisiones fugitivas fabricación de combustibles;N2O;2.6;687.96
2011;Jurisdiccion sin determinar;Energía;1B. Emisiones fugitivas fabricación de combustibles;N2O;2.52;667.71
2012;Jurisdiccion sin determinar;Energía;1B. Emisiones fugitivas fabricación de combustibles;N2O;2.6;687.86
2013;Jurisdiccion sin determinar;Energía;1B. Emisiones fugitivas fabricación de combustibles;N2O;2.58;684.76
2014;Jurisdiccion sin determinar;Energía;1B. Emisiones fugitivas fabricación de combustibles;N2O;2.58;684.62
2015;Jurisdiccion sin determinar;Energía;1B. Emisiones fugitivas fabricación de combustibles;N2O;2.63;697.1
2016;Jurisdiccion sin determinar;Energía;1B. Emisiones fugitivas fabricación de combustibles;N2O;2.51;665.91
2017;Jurisdiccion sin determinar;Energía;1B. Emisiones fugitivas fabricación de combustibles;N2O;2.46;651.08
2018;Jurisdiccion sin determinar;Energía;1B. Emisiones fugitivas fabricación de combustibles;N2O;2.3;609.34
2019;Jurisdiccion sin determinar;Energía;1B. Emisiones fugitivas fabricación de combustibles;N2O;2.33;616.58
2020;Jurisdiccion sin determinar;Energía;1B. Emisiones fugitivas fabricación de combustibles;N2O;2.04;540.11
2021;Jurisdiccion sin determinar;Energía;1B. Emisiones fugitivas fabricación de combustibles;N2O;2.31;612.7
2022;Jurisdiccion sin determinar;Energía;1B. Emisiones fugitivas fabricación de combustibles;N2O;2.4;636.73
2010;Ciudad Autónoma de Buenos Aires;Energía;1B. Emisiones fugitivas fabricación de combustibles;CO2;334.9;334.9
2010;Buenos Aires;Energía;1B. Emisiones fugitivas fabricación de combustibles;CO2;1440.27;1440.27
2010;Catamarca;Energía;1B. Emisiones fugitivas fabricación de combustibles;CO2;10.06;10.06
2010;Córdoba;Energía;1B. Emisiones fugitivas fabricación de combustibles;CO2;209.86;209.86
2010;Entre Ríos;Energía;1B. Emisiones fugitivas fabricación de combustibles;CO2;30.47;30.47
2010;La Rioja;Energía;1B. Emisiones fugitivas fabricación de combustibles;CO2;3.3;3.3
2010;San Juan;Energía;1B. Emisiones fugitivas fabricación de combustibles;CO2;28.27;28.27
2010;San Luis;Energía;1B. Emisiones fugitivas fabricación de combustibles;CO2;23.37;23.37
2010;Santa Fe;Energía;1B. Emisiones fugitivas fabricación de combustibles;CO2;268.06;268.06
2010;Santiago del Estero;Energía;1B. Emisiones fugitivas fabricación de combustibles;CO2;9.53;9.53
2010;Tucumán;Energía;1B. Emisiones fugitivas fabricación de combustibles;CO2;132.29;132.29
2011;Ciudad Autónoma de Buenos Aires;Energía;1B. Emisiones fugitivas fabricación de combustibles;CO2;356.15;356.15
2011;Buenos Aires;Energía;1B. Emisiones fugitivas fabricación de combustibles;CO2;1469.66;1469.66
2011;Catamarca;Energía;1B. Emisiones fugitivas fabricación de combustibles;CO2;10.15;10.15
2011;Córdoba;Energía;1B. Emisiones fugitivas fabricación de combustibles;CO2;228.31;228.31
2011;Entre Ríos;Energía;1B. Emisiones fugitivas fabricación de combustibles;CO2;34.08;34.08
2011;La Rioja;Energía;1B. Emisiones fugitivas fabricación de combustibles;CO2;3.55;3.55
2011;San Juan;Energía;1B. Emisiones fugitivas fabricación de combustibles;CO2;31.73;31.73
2011;San Luis;Energía;1B. Emisiones fugitivas fabricación de combustibles;CO2;24.87;24.87
2011;Santa Fe;Energía;1B. Emisiones fugitivas fabricación de combustibles;CO2;307.29;307.29
2011;Santiago del Estero;Energía;1B. Emisiones fugitivas fabricación de combustibles;CO2;11.01;11.01
2011;Tucumán;Energía;1B. Emisiones fugitivas fabricación de combustibles;CO2;148.06;148.06
2012;Ciudad Autónoma de Buenos Aires;Energía;1B. Emisiones fugitivas fabricación de combustibles;CO2;359.99;359.99
2012;Buenos Aires;Energía;1B. Emisiones fugitivas fabricación de combustibles;CO2;1536.33;1536.33
2012;Catamarca;Energía;1B. Emisiones fugitivas fabricación de combustibles;CO2;9.55;9.55
2012;Córdoba;Energía;1B. Emisiones fugitivas fabricación de combustibles;CO2;239.99;239.99
2012;Entre Ríos;Energía;1B. Emisiones fugitivas fabricación de combustibles;CO2;37.15;37.15
2012;La Rioja;Energía;1B. Emisiones fugitivas fabricación de combustibles;CO2;3.92;3.92
2012;San Juan;Energía;1B. Emisiones fugitivas fabricación de combustibles;CO2;31.45;31.45
2012;San Luis;Energía;1B. Emisiones fugitivas fabricación de combustibles;CO2;27.84;27.84
2012;Santa Fe;Energía;1B. Emisiones fugitivas fabricación de combustibles;CO2;303.72;303.72
2012;Santiago del Estero;Energía;1B. Emisiones fugitivas fabricación de combustibles;CO2;11.36;11.36
2012;Tucumán;Energía;1B. Emisiones fugitivas fabricación de combustibles;CO2;154.36;154.36
2013;Ciudad Autónoma de Buenos Aires;Energía;1B. Emisiones fugitivas fabricación de combustibles;CO2;340.01;340.01
2013;Buenos Aires;Energía;1B. Emisiones fugitivas fabricación de combustibles;CO2;1558.79;1558.79
2013;Catamarca;Energía;1B. Emisiones fugitivas fabricación de combustibles;CO2;9.56;9.56
2013;Córdoba;Energía;1B. Emisiones fugitivas fabricación de combustibles;CO2;247.6;247.6
2013;Entre Ríos;Energía;1B. Emisiones fugitivas fabricación de combustibles;CO2;39.62;39.62
2013;La Rioja;Energía;1B. Emisiones fugitivas fabricación de combustibles;CO2;4.45;4.45
2013;San Juan;Energía;1B. Emisiones fugitivas fabricación de combustibles;CO2;29.99;29.99
2013;San Luis;Energía;1B. Emisiones fugitivas fabricación de combustibles;CO2;33.2;33.2
2013;Santa Fe;Energía;1B. Emisiones fugitivas fabricación de combustibles;CO2;314.65;314.65
2013;Santiago del Estero;Energía;1B. Emisiones fugitivas fabricación de combustibles;CO2;11.62;11.62
2013;Tucumán;Energía;1B. Emisiones fugitivas fabricación de combustibles;CO2;151.95;151.95
2014;Ciudad Autónoma de Buenos Aires;Energía;1B. Emisiones fugitivas fabricación de combustibles;CO2;319.55;319.55
2014;Buenos Aires;Energía;1B. Emisiones fugitivas fabricación de combustibles;CO2;1553.39;1553.39
2014;Catamarca;Energía;1B. Emisiones fugitivas fabricación de combustibles;CO2;10.27;10.27
2014;Córdoba;Energía;1B. Emisiones fugitivas fabricación de combustibles;CO2;229.92;229.92
2014;Entre Ríos;Energía;1B. Emisiones fugitivas fabricación de combustibles;CO2;37.42;37.42
2014;La Rioja;Energía;1B. Emisiones fugitivas fabricación de combustibles;CO2;4.17;4.17
2014;San Juan;Energía;1B. Emisiones fugitivas fabricación de combustibles;CO2;31.39;31.39
2014;San Luis;Energía;1B. Emisiones fugitivas fabricación de combustibles;CO2;26.32;26.32
2014;Santa Fe;Energía;1B. Emisiones fugitivas fabricación de combustibles;CO2;319.11;319.11
2014;Santiago del Estero;Energía;1B. Emisiones fugitivas fabricación de combustibles;CO2;11.73;11.73
2014;Tucumán;Energía;1B. Emisiones fugitivas fabricación de combustibles;CO2;168.2;168.2
2015;Ciudad Autónoma de Buenos Aires;Energía;1B. Emisiones fugitivas fabricación de combustibles;CO2;322.45;322.45
2015;Buenos Aires;Energía;1B. Emisiones fugitivas fabricación de combustibles;CO2;1520.71;1520.71
2015;Catamarca;Energía;1B. Emisiones fugitivas fabricación de combustibles;CO2;10.62;10.62
2015;Córdoba;Energía;1B. Emisiones fugitivas fabricación de combustibles;CO2;249.93;249.93
2015;Entre Ríos;Energía;1B. Emisiones fugitivas fabricación de combustibles;CO2;38.55;38.55
2015;La Rioja;Energía;1B. Emisiones fugitivas fabricación de combustibles;CO2;4.36;4.36
2015;San Juan;Energía;1B. Emisiones fugitivas fabricación de combustibles;CO2;33.18;33.18
2015;San Luis;Energía;1B. Emisiones fugitivas fabricación de combustibles;CO2;27.83;27.83
2015;Santa Fe;Energía;1B. Emisiones fugitivas fabricación de combustibles;CO2;332.27;332.27
2015;Santiago del Estero;Energía;1B. Emisiones fugitivas fabricación de combustibles;CO2;12.52;12.52
2015;Tucumán;Energía;1B. Emisiones fugitivas fabricación de combustibles;CO2;183.78;183.78
2016;Ciudad Autónoma de Buenos Aires;Energía;1B. Emisiones fugitivas fabricación de combustibles;CO2;302.03;302.03
2016;Buenos Aires;Energía;1B. Emisiones fugitivas fabricación de combustibles;CO2;1591.23;1591.23
2016;Catamarca;Energía;1B. Emisiones fugitivas fabricación de combustibles;CO2;10.17;10.17
2016;Córdoba;Energía;1B. Emisiones fugitivas fabricación de combustibles;CO2;248.79;248.79
2016;Entre Ríos;Energía;1B. Emisiones fugitivas fabricación de combustibles;CO2;39.56;39.56
2016;La Rioja;Energía;1B. Emisiones fugitivas fabricación de combustibles;CO2;3.92;3.92
2016;San Juan;Energía;1B. Emisiones fugitivas fabricación de combustibles;CO2;29.48;29.48
2016;San Luis;Energía;1B. Emisiones fugitivas fabricación de combustibles;CO2;28.07;28.07
2016;Santa Fe;Energía;1B. Emisiones fugitivas fabricación de combustibles;CO2;355.86;355.86
2016;Santiago del Estero;Energía;1B. Emisiones fugitivas fabricación de combustibles;CO2;15.8;15.8
2016;Tucumán;Energía;1B. Emisiones fugitivas fabricación de combustibles;CO2;176.06;176.06
2017;Ciudad Autónoma de Buenos Aires;Energía;1B. Emisiones fugitivas fabricación de combustibles;CO2;369.07;369.07
2017;Buenos Aires;Energía;1B. Emisiones fugitivas fabricación de combustibles;CO2;1594.77;1594.77
2017;Catamarca;Energía;1B. Emisiones fugitivas fabricación de combustibles;CO2;11.03;11.03
2017;Córdoba;Energía;1B. Emisiones fugitivas fabricación de combustibles;CO2;239.53;239.53
2017;Entre Ríos;Energía;1B. Emisiones fugitivas fabricación de combustibles;CO2;33.63;33.63
2017;La Rioja;Energía;1B. Emisiones fugitivas fabricación de combustibles;CO2;4.18;4.18
2017;San Juan;Energía;1B. Emisiones fugitivas fabricación de combustibles;CO2;27.61;27.61
2017;San Luis;Energía;1B. Emisiones fugitivas fabricación de combustibles;CO2;25.81;25.81
2017;Santa Fe;Energía;1B. Emisiones fugitivas fabricación de combustibles;CO2;359.84;359.84
2017;Santiago del Estero;Energía;1B. Emisiones fugitivas fabricación de combustibles;CO2;16.86;16.86
2017;Tucumán;Energía;1B. Emisiones fugitivas fabricación de combustibles;CO2;165.55;165.55
2018;Ciudad Autónoma de Buenos Aires;Energía;1B. Emisiones fugitivas fabricación de combustibles;CO2;376.66;376.66
2018;Buenos Aires;Energía;1B. Emisiones fugitivas fabricación de combustibles;CO2;1651.39;1651.39
2018;Catamarca;Energía;1B. Emisiones fugitivas fabricación de combustibles;CO2;10.61;10.61
2018;Córdoba;Energía;1B. Emisiones fugitivas fabricación de combustibles;CO2;234.87;234.87
2018;Entre Ríos;Energía;1B. Emisiones fugitivas fabricación de combustibles;CO2;31.76;31.76
2018;La Rioja;Energía;1B. Emisiones fugitivas fabricación de combustibles;CO2;3.51;3.51
2018;San Juan;Energía;1B. Emisiones fugitivas fabricación de combustibles;CO2;29.62;29.62
2018;San Luis;Energía;1B. Emisiones fugitivas fabricación de combustibles;CO2;25.49;25.49
2018;Santa Fe;Energía;1B. Emisiones fugitivas fabricación de combustibles;CO2;379.4;379.4
2018;Santiago del Estero;Energía;1B. Emisiones fugitivas fabricación de combustibles;CO2;14.12;14.12
2018;Tucumán;Energía;1B. Emisiones fugitivas fabricación de combustibles;CO2;170.91;170.91
2019;Ciudad Autónoma de Buenos Aires;Energía;1B. Emisiones fugitivas fabricación de combustibles;CO2;369.31;369.31
2019;Buenos Aires;Energía;1B. Emisiones fugitivas fabricación de combustibles;CO2;1630.47;1630.47
2019;Catamarca;Energía;1B. Emisiones fugitivas fabricación de combustibles;CO2;9.56;9.56
2019;Córdoba;Energía;1B. Emisiones fugitivas fabricación de combustibles;CO2;195.23;195.23
2019;Entre Ríos;Energía;1B. Emisiones fugitivas fabricación de combustibles;CO2;49.72;49.72
2019;La Rioja;Energía;1B. Emisiones fugitivas fabricación de combustibles;CO2;4.19;4.19
2019;San Juan;Energía;1B. Emisiones fugitivas fabricación de combustibles;CO2;29.94;29.94
2019;San Luis;Energía;1B. Emisiones fugitivas fabricación de combustibles;CO2;24.13;24.13
2019;Santa Fe;Energía;1B. Emisiones fugitivas fabricación de combustibles;CO2;380.16;380.16
2019;Santiago del Estero;Energía;1B. Emisiones fugitivas fabricación de combustibles;CO2;10.57;10.57
2019;Tucumán;Energía;1B. Emisiones fugitivas fabricación de combustibles;CO2;125.38;125.38
2020;Ciudad Autónoma de Buenos Aires;Energía;1B. Emisiones fugitivas fabricación de combustibles;CO2;325.05;325.05
2020;Buenos Aires;Energía;1B. Emisiones fugitivas fabricación de combustibles;CO2;1679.07;1679.07
2020;Catamarca;Energía;1B. Emisiones fugitivas fabricación de combustibles;CO2;9.78;9.78
2020;Córdoba;Energía;1B. Emisiones fugitivas fabricación de combustibles;CO2;205.17;205.17
2020;Entre Ríos;Energía;1B. Emisiones fugitivas fabricación de combustibles;CO2;28.79;28.79
2020;La Rioja;Energía;1B. Emisiones fugitivas fabricación de combustibles;CO2;3.05;3.05
2020;San Juan;Energía;1B. Emisiones fugitivas fabricación de combustibles;CO2;26.74;26.74
2020;San Luis;Energía;1B. Emisiones fugitivas fabricación de combustibles;CO2;21.66;21.66
2020;Santa Fe;Energía;1B. Emisiones fugitivas fabricación de combustibles;CO2;362.52;362.52
2020;Santiago del Estero;Energía;1B. Emisiones fugitivas fabricación de combustibles;CO2;7.46;7.46
2020;Tucumán;Energía;1B. Emisiones fugitivas fabricación de combustibles;CO2;135.5;135.5
2010;Ciudad Autónoma de Buenos Aires;Energía;1B. Emisiones fugitivas fabricación de combustibles;CH4;10865.61;304237.09
2010;Buenos Aires;Energía;1B. Emisiones fugitivas fabricación de combustibles;CH4;46728.82;1308406.97
2010;Entre Ríos;Energía;1B. Emisiones fugitivas fabricación de combustibles;CH4;988.44;27676.38
2010;San Juan;Energía;1B. Emisiones fugitivas fabricación de combustibles;CH4;917.36;25686.12
2010;San Luis;Energía;1B. Emisiones fugitivas fabricación de combustibles;CH4;758.12;21227.27
2011;Ciudad Autónoma de Buenos Aires;Energía;1B. Emisiones fugitivas fabricación de combustibles;CH4;11555.15;323544.13
2011;Buenos Aires;Energía;1B. Emisiones fugitivas fabricación de combustibles;CH4;47682.24;1335102.68
2011;Entre Ríos;Energía;1B. Emisiones fugitivas fabricación de combustibles;CH4;1105.6;30956.69
2011;La Rioja;Energía;1B. Emisiones fugitivas fabricación de combustibles;CH4;115.15;3224.07
2011;San Juan;Energía;1B. Emisiones fugitivas fabricación de combustibles;CH4;1029.61;28829.13
2012;Ciudad Autónoma de Buenos Aires;Energía;1B. Emisiones fugitivas fabricación de combustibles;CH4;11679.83;327035.17
2012;Buenos Aires;Energía;1B. Emisiones fugitivas fabricación de combustibles;CH4;49845.5;1395673.97
2012;Entre Ríos;Energía;1B. Emisiones fugitivas fabricación de combustibles;CH4;1205.36;33750.18
2012;La Rioja;Energía;1B. Emisiones fugitivas fabricación de combustibles;CH4;127.17;3560.66
2012;San Juan;Energía;1B. Emisiones fugitivas fabricación de combustibles;CH4;1020.36;28569.95
2013;Ciudad Autónoma de Buenos Aires;Energía;1B. Emisiones fugitivas fabricación de combustibles;CH4;11031.37;308878.22
2013;Buenos Aires;Energía;1B. Emisiones fugitivas fabricación de combustibles;CH4;50573.92;1416069.83
2013;Entre Ríos;Energía;1B. Emisiones fugitivas fabricación de combustibles;CH4;1285.3;35988.29
2013;La Rioja;Energía;1B. Emisiones fugitivas fabricación de combustibles;CH4;144.34;4041.52
2013;San Juan;Energía;1B. Emisiones fugitivas fabricación de combustibles;CH4;973.15;27248.13
2014;Ciudad Autónoma de Buenos Aires;Energía;1B. Emisiones fugitivas fabricación de combustibles;CH4;10367.5;290290.01
2014;Buenos Aires;Energía;1B. Emisiones fugitivas fabricación de combustibles;CH4;50398.88;1411168.75
2014;Entre Ríos;Energía;1B. Emisiones fugitivas fabricación de combustibles;CH4;1214.04;33993.26
2014;La Rioja;Energía;1B. Emisiones fugitivas fabricación de combustibles;CH4;135.4;3791.25
2014;San Juan;Energía;1B. Emisiones fugitivas fabricación de combustibles;CH4;1018.46;28516.97
2015;Ciudad Autónoma de Buenos Aires;Energía;1B. Emisiones fugitivas fabricación de combustibles;CH4;10461.64;292926.0
2015;Buenos Aires;Energía;1B. Emisiones fugitivas fabricación de combustibles;CH4;49338.47;1381477.2
2015;Entre Ríos;Energía;1B. Emisiones fugitivas fabricación de combustibles;CH4;1250.67;35018.77
2015;La Rioja;Energía;1B. Emisiones fugitivas fabricación de combustibles;CH4;141.32;3957.07
2015;San Juan;Energía;1B. Emisiones fugitivas fabricación de combustibles;CH4;1076.62;30145.31
2016;Ciudad Autónoma de Buenos Aires;Energía;1B. Emisiones fugitivas fabricación de combustibles;CH4;9799.21;274377.88
2016;Entre Ríos;Energía;1B. Emisiones fugitivas fabricación de combustibles;CH4;1283.41;35935.5
2016;La Rioja;Energía;1B. Emisiones fugitivas fabricación de combustibles;CH4;127.27;3563.68
2016;San Juan;Energía;1B. Emisiones fugitivas fabricación de combustibles;CH4;956.34;26777.5
2016;Tucumán;Energía;1B. Emisiones fugitivas fabricación de combustibles;CH4;5712.17;159940.77
2017;Ciudad Autónoma de Buenos Aires;Energía;1B. Emisiones fugitivas fabricación de combustibles;CH4;11974.41;335283.5
2017;Buenos Aires;Energía;1B. Emisiones fugitivas fabricación de combustibles;CH4;51741.51;1448762.19
2017;Entre Ríos;Energía;1B. Emisiones fugitivas fabricación de combustibles;CH4;1091.22;30554.19
2017;San Juan;Energía;1B. Emisiones fugitivas fabricación de combustibles;CH4;895.76;25081.25
2018;Ciudad Autónoma de Buenos Aires;Energía;1B. Emisiones fugitivas fabricación de combustibles;CH4;12220.57;342175.85
2018;Buenos Aires;Energía;1B. Emisiones fugitivas fabricación de combustibles;CH4;53578.35;1500193.75
2018;Entre Ríos;Energía;1B. Emisiones fugitivas fabricación de combustibles;CH4;1030.31;28848.74
2018;San Juan;Energía;1B. Emisiones fugitivas fabricación de combustibles;CH4;960.89;26904.83
2018;San Luis;Energía;1B. Emisiones fugitivas fabricación de combustibles;CH4;827.05;23157.29
2018;Tucumán;Energía;1B. Emisiones fugitivas fabricación de combustibles;CH4;5544.92;155257.85
2019;Ciudad Autónoma de Buenos Aires;Energía;1B. Emisiones fugitivas fabricación de combustibles;CH4;11981.91;335493.43
2019;Buenos Aires;Energía;1B. Emisiones fugitivas fabricación de combustibles;CH4;52899.77;1481193.57
2019;Entre Ríos;Energía;1B. Emisiones fugitivas fabricación de combustibles;CH4;1613.06;45165.62
2019;San Juan;Energía;1B. Emisiones fugitivas fabricación de combustibles;CH4;971.3;27196.32
2019;San Luis;Energía;1B. Emisiones fugitivas fabricación de combustibles;CH4;782.72;21916.26
2020;Ciudad Autónoma de Buenos Aires;Energía;1B. Emisiones fugitivas fabricación de combustibles;CH4;10546.06;295289.56
2020;Buenos Aires;Energía;1B. Emisiones fugitivas fabricación de combustibles;CH4;54476.34;1525337.56
2020;Entre Ríos;Energía;1B. Emisiones fugitivas fabricación de combustibles;CH4;934.21;26157.87
2020;San Juan;Energía;1B. Emisiones fugitivas fabricación de combustibles;CH4;867.64;24293.86
2020;San Luis;Energía;1B. Emisiones fugitivas fabricación de combustibles;CH4;702.75;19677.02
2020;Santa Fe;Energía;1B. Emisiones fugitivas fabricación de combustibles;CH4;11761.82;329330.84
2021;Ciudad Autónoma de Buenos Aires;Energía;1B. Emisiones fugitivas fabricación de combustibles;CO2;296.62;296.62
2021;Buenos Aires;Energía;1B. Emisiones fugitivas fabricación de combustibles;CO2;1659.88;1659.88
2021;Catamarca;Energía;1B. Emisiones fugitivas fabricación de combustibles;CO2;10.34;10.34
2021;Córdoba;Energía;1B. Emisiones fugitivas fabricación de combustibles;CO2;219.3;219.3
2021;Entre Ríos;Energía;1B. Emisiones fugitivas fabricación de combustibles;CO2;31.35;31.35
2021;La Rioja;Energía;1B. Emisiones fugitivas fabricación de combustibles;CO2;2.84;2.84
2021;San Juan;Energía;1B. Emisiones fugitivas fabricación de combustibles;CO2;27.66;27.66
2021;San Luis;Energía;1B. Emisiones fugitivas fabricación de combustibles;CO2;25.31;25.31
2021;Santa Fe;Energía;1B. Emisiones fugitivas fabricación de combustibles;CO2;365.67;365.67
2021;Santiago del Estero;Energía;1B. Emisiones fugitivas fabricación de combustibles;CO2;8.48;8.48
2021;Tucumán;Energía;1B. Emisiones fugitivas fabricación de combustibles;CO2;166.38;166.38
2022;Ciudad Autónoma de Buenos Aires;Energía;1B. Emisiones fugitivas fabricación de combustibles;CO2;308.5;308.5
2022;Buenos Aires;Energía;1B. Emisiones fugitivas fabricación de combustibles;CO2;1591.35;1591.35
2022;Catamarca;Energía;1B. Emisiones fugitivas fabricación de combustibles;CO2;12.01;12.01
2022;Córdoba;Energía;1B. Emisiones fugitivas fabricación de combustibles;CO2;221.03;221.03
2022;Entre Ríos;Energía;1B. Emisiones fugitivas fabricación de combustibles;CO2;33.06;33.06
2022;La Rioja;Energía;1B. Emisiones fugitivas fabricación de combustibles;CO2;3.08;3.08
2022;San Juan;Energía;1B. Emisiones fugitivas fabricación de combustibles;CO2;31.76;31.76
2022;San Luis;Energía;1B. Emisiones fugitivas fabricación de combustibles;CO2;25.94;25.94
2022;Santa Fe;Energía;1B. Emisiones fugitivas fabricación de combustibles;CO2;311.63;311.63
2022;Santiago del Estero;Energía;1B. Emisiones fugitivas fabricación de combustibles;CO2;8.59;8.59
2022;Tucumán;Energía;1B. Emisiones fugitivas fabricación de combustibles;CO2;130.75;130.75
2021;Ciudad Autónoma de Buenos Aires;Energía;1B. Emisiones fugitivas fabricación de combustibles;CH4;9623.69;269463.42
2021;Entre Ríos;Energía;1B. Emisiones fugitivas fabricación de combustibles;CH4;1017.28;28483.88
2021;San Juan;Energía;1B. Emisiones fugitivas fabricación de combustibles;CH4;897.48;25129.48
2022;Ciudad Autónoma de Buenos Aires;Energía;1B. Emisiones fugitivas fabricación de combustibles;CH4;10009.1;280254.76
2022;Entre Ríos;Energía;1B. Emisiones fugitivas fabricación de combustibles;CH4;1072.53;30030.78
2022;San Juan;Energía;1B. Emisiones fugitivas fabricación de combustibles;CH4;1030.48;28853.54
2022;San Luis;Energía;1B. Emisiones fugitivas fabricación de combustibles;CH4;841.65;23566.26
2010;Buenos Aires;Residuos;5A. Eliminación de residuos sólidos;CH4;11954.47;334725.05
2010;Catamarca;Residuos;5A. Eliminación de residuos sólidos;CH4;303.56;8499.55
2010;Córdoba;Residuos;5A. Eliminación de residuos sólidos;CH4;20614.64;577209.94
2010;Corrientes;Residuos;5A. Eliminación de residuos sólidos;CH4;3507.87;98220.32
2010;Formosa;Residuos;5A. Eliminación de residuos sólidos;CH4;657.98;18423.57
2010;La Pampa;Residuos;5A. Eliminación de residuos sólidos;CH4;610.35;17089.77
2010;La Rioja;Residuos;5A. Eliminación de residuos sólidos;CH4;742.59;20792.52
2010;Mendoza;Residuos;5A. Eliminación de residuos sólidos;CH4;1759.34;49261.54
2010;Misiones;Residuos;5A. Eliminación de residuos sólidos;CH4;1913.79;53586.26
2010;Salta;Residuos;5A. Eliminación de residuos sólidos;CH4;2971.56;83203.71
2010;San Luis;Residuos;5A. Eliminación de residuos sólidos;CH4;701.9;19653.23
2010;Santa Fe;Residuos;5A. Eliminación de residuos sólidos;CH4;10054.21;281517.91
2010;Tucumán;Residuos;5A. Eliminación de residuos sólidos;CH4;6873.25;192451.1
2011;Buenos Aires;Residuos;5A. Eliminación de residuos sólidos;CH4;12585.38;352390.76
2011;Catamarca;Residuos;5A. Eliminación de residuos sólidos;CH4;443.92;12429.78
2011;Chubut;Residuos;5A. Eliminación de residuos sólidos;CH4;261.45;7320.64
2011;Córdoba;Residuos;5A. Eliminación de residuos sólidos;CH4;21593.38;604614.64
2011;Corrientes;Residuos;5A. Eliminación de residuos sólidos;CH4;3679.87;103036.28
2011;Formosa;Residuos;5A. Eliminación de residuos sólidos;CH4;777.69;21775.26
2011;La Pampa;Residuos;5A. Eliminación de residuos sólidos;CH4;694.91;19457.6
2011;La Rioja;Residuos;5A. Eliminación de residuos sólidos;CH4;897.98;25143.54
2011;Mendoza;Residuos;5A. Eliminación de residuos sólidos;CH4;2065.14;57823.97
2011;Misiones;Residuos;5A. Eliminación de residuos sólidos;CH4;2004.28;56119.8
2011;Salta;Residuos;5A. Eliminación de residuos sólidos;CH4;3201.38;89638.72
2011;San Luis;Residuos;5A. Eliminación de residuos sólidos;CH4;799.15;22376.24
2011;Santa Fe;Residuos;5A. Eliminación de residuos sólidos;CH4;9417.57;263692.01
2011;Tucumán;Residuos;5A. Eliminación de residuos sólidos;CH4;7965.35;223029.78
2012;Buenos Aires;Residuos;5A. Eliminación de residuos sólidos;CH4;13196.38;369498.62
2012;Catamarca;Residuos;5A. Eliminación de residuos sólidos;CH4;577.2;16161.69
2012;Chubut;Residuos;5A. Eliminación de residuos sólidos;CH4;512.28;14343.96
2012;Córdoba;Residuos;5A. Eliminación de residuos sólidos;CH4;22571.94;632014.41
2012;Corrientes;Residuos;5A. Eliminación de residuos sólidos;CH4;3824.44;107084.25
2012;Formosa;Residuos;5A. Eliminación de residuos sólidos;CH4;870.59;24376.4
2012;La Pampa;Residuos;5A. Eliminación de residuos sólidos;CH4;775.24;21706.69
2012;La Rioja;Residuos;5A. Eliminación de residuos sólidos;CH4;1042.97;29203.2
2012;Mendoza;Residuos;5A. Eliminación de residuos sólidos;CH4;2374.88;66496.59
2012;Misiones;Residuos;5A. Eliminación de residuos sólidos;CH4;2091.4;58559.17
2012;Salta;Residuos;5A. Eliminación de residuos sólidos;CH4;3426.14;95931.82
2012;San Luis;Residuos;5A. Eliminación de residuos sólidos;CH4;891.52;24962.7
2012;Santa Fe;Residuos;5A. Eliminación de residuos sólidos;CH4;10715.31;300028.81
2012;Tucumán;Residuos;5A. Eliminación de residuos sólidos;CH4;8955.14;250743.94
2013;Buenos Aires;Residuos;5A. Eliminación de residuos sólidos;CH4;13783.93;385950.13
2013;Catamarca;Residuos;5A. Eliminación de residuos sólidos;CH4;703.77;19705.58
2013;Chubut;Residuos;5A. Eliminación de residuos sólidos;CH4;753.08;21086.25
2013;Córdoba;Residuos;5A. Eliminación de residuos sólidos;CH4;23551.6;659444.75
2013;Corrientes;Residuos;5A. Eliminación de residuos sólidos;CH4;3947.9;110541.19
2013;Formosa;Residuos;5A. Eliminación de residuos sólidos;CH4;944.23;26438.58
2013;La Pampa;Residuos;5A. Eliminación de residuos sólidos;CH4;851.54;23843.18
2013;La Rioja;Residuos;5A. Eliminación de residuos sólidos;CH4;1178.29;32992.17
2013;Mendoza;Residuos;5A. Eliminación de residuos sólidos;CH4;2671.09;74790.65
2013;Misiones;Residuos;5A. Eliminación de residuos sólidos;CH4;2177.55;60971.45
2013;Salta;Residuos;5A. Eliminación de residuos sólidos;CH4;3646.01;102088.4
2013;San Luis;Residuos;5A. Eliminación de residuos sólidos;CH4;979.27;27419.66
2013;Santa Fe;Residuos;5A. Eliminación de residuos sólidos;CH4;11274.28;315679.7
2013;Tucumán;Residuos;5A. Eliminación de residuos sólidos;CH4;9858.64;276041.78
2014;Buenos Aires;Residuos;5A. Eliminación de residuos sólidos;CH4;14341.52;401562.65
2014;Catamarca;Residuos;5A. Eliminación de residuos sólidos;CH4;823.97;23071.19
2014;Chubut;Residuos;5A. Eliminación de residuos sólidos;CH4;984.39;27562.99
2014;Córdoba;Residuos;5A. Eliminación de residuos sólidos;CH4;24533.54;686939.15
2014;Corrientes;Residuos;5A. Eliminación de residuos sólidos;CH4;4054.79;113534.19
2014;Formosa;Residuos;5A. Eliminación de residuos sólidos;CH4;1003.85;28107.92
2014;La Pampa;Residuos;5A. Eliminación de residuos sólidos;CH4;924.03;25872.88
2014;La Rioja;Residuos;5A. Eliminación de residuos sólidos;CH4;1304.63;36529.6
2014;Mendoza;Residuos;5A. Eliminación de residuos sólidos;CH4;2959.31;82860.65
2014;Misiones;Residuos;5A. Eliminación de residuos sólidos;CH4;2264.44;63404.28
2014;Salta;Residuos;5A. Eliminación de residuos sólidos;CH4;3861.24;108114.74
2014;San Luis;Residuos;5A. Eliminación de residuos sólidos;CH4;1062.64;29753.81
2014;Santa Fe;Residuos;5A. Eliminación de residuos sólidos;CH4;11800.07;330402.04
2014;Tucumán;Residuos;5A. Eliminación de residuos sólidos;CH4;10689.32;299301.04
2015;Buenos Aires;Residuos;5A. Eliminación de residuos sólidos;CH4;14869.89;416356.98
2015;Catamarca;Residuos;5A. Eliminación de residuos sólidos;CH4;938.13;26267.76
2015;Chubut;Residuos;5A. Eliminación de residuos sólidos;CH4;1206.74;33788.8
2015;Córdoba;Residuos;5A. Eliminación de residuos sólidos;CH4;25518.94;714530.18
2015;Corrientes;Residuos;5A. Eliminación de residuos sólidos;CH4;4148.42;116155.84
2015;Formosa;Residuos;5A. Eliminación de residuos sólidos;CH4;1053.08;29486.11
2015;La Pampa;Residuos;5A. Eliminación de residuos sólidos;CH4;992.9;27801.28
2015;La Rioja;Residuos;5A. Eliminación de residuos sólidos;CH4;1422.62;39833.23
2015;Mendoza;Residuos;5A. Eliminación de residuos sólidos;CH4;3233.14;90527.82
2015;Misiones;Residuos;5A. Eliminación de residuos sólidos;CH4;2353.31;65892.7
2015;Salta;Residuos;5A. Eliminación de residuos sólidos;CH4;4064.73;113812.38
2015;San Luis;Residuos;5A. Eliminación de residuos sólidos;CH4;1141.84;31971.47
2015;Santa Fe;Residuos;5A. Eliminación de residuos sólidos;CH4;12295.19;344265.32
2015;Tucumán;Residuos;5A. Eliminación de residuos sólidos;CH4;11458.59;320840.52
2016;Buenos Aires;Residuos;5A. Eliminación de residuos sólidos;CH4;15370.61;430377.06
2016;Catamarca;Residuos;5A. Eliminación de residuos sólidos;CH4;1046.57;29304.04
2016;Chubut;Residuos;5A. Eliminación de residuos sólidos;CH4;1417.91;39701.37
2016;Córdoba;Residuos;5A. Eliminación de residuos sólidos;CH4;26455.52;740754.54
2016;Corrientes;Residuos;5A. Eliminación de residuos sólidos;CH4;4231.24;118474.63
2016;Formosa;Residuos;5A. Eliminación de residuos sólidos;CH4;1094.45;30644.53
2016;La Pampa;Residuos;5A. Eliminación de residuos sólidos;CH4;1058.34;29633.59
2016;La Rioja;Residuos;5A. Eliminación de residuos sólidos;CH4;1532.84;42919.49
2016;Mendoza;Residuos;5A. Eliminación de residuos sólidos;CH4;3493.32;97812.9
2016;Misiones;Residuos;5A. Eliminación de residuos sólidos;CH4;2444.97;68459.15
2016;Salta;Residuos;5A. Eliminación de residuos sólidos;CH4;4290.11;120123.13
2016;San Luis;Residuos;5A. Eliminación de residuos sólidos;CH4;1217.09;34078.63
2016;Santa Fe;Residuos;5A. Eliminación de residuos sólidos;CH4;14681.87;411092.26
2016;Tucumán;Residuos;5A. Eliminación de residuos sólidos;CH4;12136.64;339825.98
2017;Buenos Aires;Residuos;5A. Eliminación de residuos sólidos;CH4;15845.09;443662.46
2017;Catamarca;Residuos;5A. Eliminación de residuos sólidos;CH4;1149.58;32188.3
2017;Chubut;Residuos;5A. Eliminación de residuos sólidos;CH4;1618.46;45316.93
2017;Córdoba;Residuos;5A. Eliminación de residuos sólidos;CH4;27345.79;765682.09
2017;Corrientes;Residuos;5A. Eliminación de residuos sólidos;CH4;4305.08;120542.13
2017;Formosa;Residuos;5A. Eliminación de residuos sólidos;CH4;1129.78;31633.81
2017;La Pampa;Residuos;5A. Eliminación de residuos sólidos;CH4;1120.53;31374.76
2017;La Rioja;Residuos;5A. Eliminación de residuos sólidos;CH4;1635.84;45803.6
2017;Mendoza;Residuos;5A. Eliminación de residuos sólidos;CH4;3740.55;104735.51
2017;Misiones;Residuos;5A. Eliminación de residuos sólidos;CH4;3366.93;94274.1
2017;Salta;Residuos;5A. Eliminación de residuos sólidos;CH4;4504.33;126121.2
2017;San Luis;Residuos;5A. Eliminación de residuos sólidos;CH4;1288.61;36080.98
2017;Santa Fe;Residuos;5A. Eliminación de residuos sólidos;CH4;15122.09;423418.64
2017;Tucumán;Residuos;5A. Eliminación de residuos sólidos;CH4;12736.21;356614.01
2018;Buenos Aires;Residuos;5A. Eliminación de residuos sólidos;CH4;16294.69;456251.21
2018;Catamarca;Residuos;5A. Eliminación de residuos sólidos;CH4;1247.44;34928.38
2018;Chubut;Residuos;5A. Eliminación de residuos sólidos;CH4;1808.96;50650.84
2018;Córdoba;Residuos;5A. Eliminación de residuos sólidos;CH4;28192.11;789379.02
2018;Corrientes;Residuos;5A. Eliminación de residuos sólidos;CH4;4371.35;122397.84
2018;Formosa;Residuos;5A. Eliminación de residuos sólidos;CH4;1160.37;32490.32
2018;La Pampa;Residuos;5A. Eliminación de residuos sólidos;CH4;1179.62;33029.46
2018;La Rioja;Residuos;5A. Eliminación de residuos sólidos;CH4;1732.13;48499.66
2018;Mendoza;Residuos;5A. Eliminación de residuos sólidos;CH4;3975.51;111314.26
2018;Misiones;Residuos;5A. Eliminación de residuos sólidos;CH4;3558.98;99651.49
2018;Salta;Residuos;5A. Eliminación de residuos sólidos;CH4;4707.95;131822.57
2018;San Luis;Residuos;5A. Eliminación de residuos sólidos;CH4;1356.57;37983.88
2018;Santa Fe;Residuos;5A. Eliminación de residuos sólidos;CH4;15537.7;435055.71
2018;Tucumán;Residuos;5A. Eliminación de residuos sólidos;CH4;13268.09;371506.47
2019;Buenos Aires;Residuos;5A. Eliminación de residuos sólidos;CH4;16720.67;468178.71
2019;Catamarca;Residuos;5A. Eliminación de residuos sólidos;CH4;1340.42;37531.72
2019;Chubut;Residuos;5A. Eliminación de residuos sólidos;CH4;1989.92;55717.65
2019;Córdoba;Residuos;5A. Eliminación de residuos sólidos;CH4;28996.72;811908.08
2019;Corrientes;Residuos;5A. Eliminación de residuos sólidos;CH4;4431.16;124072.57
2019;Formosa;Residuos;5A. Eliminación de residuos sólidos;CH4;1187.16;33240.57
2019;La Pampa;Residuos;5A. Eliminación de residuos sólidos;CH4;1235.79;34602.12
2019;La Rioja;Residuos;5A. Eliminación de residuos sólidos;CH4;1822.17;51020.76
2019;Mendoza;Residuos;5A. Eliminación de residuos sólidos;CH4;4198.81;117566.76
2019;Misiones;Residuos;5A. Eliminación de residuos sólidos;CH4;3716.09;104050.45
2019;Salta;Residuos;5A. Eliminación de residuos sólidos;CH4;4901.51;137242.39
2019;San Luis;Residuos;5A. Eliminación de residuos sólidos;CH4;1421.16;39792.44
2019;Santa Fe;Residuos;5A. Eliminación de residuos sólidos;CH4;15930.35;446049.78
2019;Tucumán;Residuos;5A. Eliminación de residuos sólidos;CH4;13741.4;384759.32
2020;Buenos Aires;Residuos;5A. Eliminación de residuos sólidos;CH4;17124.21;479477.94
2020;Catamarca;Residuos;5A. Eliminación de residuos sólidos;CH4;1428.76;40005.35
2020;Chubut;Residuos;5A. Eliminación de residuos sólidos;CH4;2161.83;60531.14
2020;Córdoba;Residuos;5A. Eliminación de residuos sólidos;CH4;29761.74;833328.71
2020;Corrientes;Residuos;5A. Eliminación de residuos sólidos;CH4;4485.39;125590.83
2020;Formosa;Residuos;5A. Eliminación de residuos sólidos;CH4;1210.86;33904.14
2020;La Pampa;Residuos;5A. Eliminación de residuos sólidos;CH4;1289.18;36096.94
2020;La Rioja;Residuos;5A. Eliminación de residuos sólidos;CH4;1906.39;53379.01
2020;Mendoza;Residuos;5A. Eliminación de residuos sólidos;CH4;4411.06;123509.71
2020;Misiones;Residuos;5A. Eliminación de residuos sólidos;CH4;3847.2;107721.55
2020;Salta;Residuos;5A. Eliminación de residuos sólidos;CH4;5085.54;142395.02
2020;San Luis;Residuos;5A. Eliminación de residuos sólidos;CH4;1482.55;41511.48
2020;Santa Fe;Residuos;5A. Eliminación de residuos sólidos;CH4;16301.54;456443.05
2020;Tucumán;Residuos;5A. Eliminación de residuos sólidos;CH4;14163.93;396589.97
2021;Buenos Aires;Residuos;5A. Eliminación de residuos sólidos;CH4;17506.46;490180.97
2021;Catamarca;Residuos;5A. Eliminación de residuos sólidos;CH4;1512.71;42355.93
2021;Chubut;Residuos;5A. Eliminación de residuos sólidos;CH4;2325.16;65104.36
2021;Córdoba;Residuos;5A. Eliminación de residuos sólidos;CH4;30489.19;853697.25
2021;Corrientes;Residuos;5A. Eliminación de residuos sólidos;CH4;4534.73;126972.39
2021;Formosa;Residuos;5A. Eliminación de residuos sólidos;CH4;1231.99;34495.8
2021;La Pampa;Residuos;5A. Eliminación de residuos sólidos;CH4;1339.92;37517.88
2021;La Rioja;Residuos;5A. Eliminación de residuos sólidos;CH4;1985.2;55585.64
2021;Mendoza;Residuos;5A. Eliminación de residuos sólidos;CH4;4612.82;129158.93
2021;Misiones;Residuos;5A. Eliminación de residuos sólidos;CH4;3958.59;110840.58
2021;Salta;Residuos;5A. Eliminación de residuos sólidos;CH4;5260.5;147294.06
2021;San Luis;Residuos;5A. Eliminación de residuos sólidos;CH4;1540.91;43145.57
2021;Santa Fe;Residuos;5A. Eliminación de residuos sólidos;CH4;16652.65;466274.09
2021;Tucumán;Residuos;5A. Eliminación de residuos sólidos;CH4;14542.27;407183.44
2022;Buenos Aires;Residuos;5A. Eliminación de residuos sólidos;CH4;17868.45;500316.47
2022;Catamarca;Residuos;5A. Eliminación de residuos sólidos;CH4;1592.49;44589.78
2022;Chubut;Residuos;5A. Eliminación de residuos sólidos;CH4;2480.35;69449.68
2022;Córdoba;Residuos;5A. Eliminación de residuos sólidos;CH4;31180.97;873067.1
2022;Corrientes;Residuos;5A. Eliminación de residuos sólidos;CH4;4579.77;128233.53
2022;Formosa;Residuos;5A. Eliminación de residuos sólidos;CH4;1250.96;35026.85
2022;La Pampa;Residuos;5A. Eliminación de residuos sólidos;CH4;1388.17;38868.73
2022;La Rioja;Residuos;5A. Eliminación de residuos sólidos;CH4;2058.97;57651.08
2022;Mendoza;Residuos;5A. Eliminación de residuos sólidos;CH4;4804.62;134529.39
2022;Misiones;Residuos;5A. Eliminación de residuos sólidos;CH4;4054.72;113532.18
2022;Salta;Residuos;5A. Eliminación de residuos sólidos;CH4;5426.87;151952.41
2022;San Luis;Residuos;5A. Eliminación de residuos sólidos;CH4;1596.39;44699.04
2022;Santa Fe;Residuos;5A. Eliminación de residuos sólidos;CH4;16984.94;475578.28
2022;Tucumán;Residuos;5A. Eliminación de residuos sólidos;CH4;14882.05;416697.48
2010;Chaco;Residuos;5A. Eliminación de residuos sólidos;CH4;8690.76;243341.29
2010;Chubut;Residuos;5A. Eliminación de residuos sólidos;CH4;3348.48;93757.33
2010;Entre Ríos;Residuos;5A. Eliminación de residuos sólidos;CH4;7505.57;210155.97
2010;Jujuy;Residuos;5A. Eliminación de residuos sólidos;CH4;4527.59;126772.48
2010;Neuquén;Residuos;5A. Eliminación de residuos sólidos;CH4;3715.59;104036.58
2010;Río Negro;Residuos;5A. Eliminación de residuos sólidos;CH4;4176.66;116946.42
2010;San Juan;Residuos;5A. Eliminación de residuos sólidos;CH4;4992.86;139799.97
2010;Santa Cruz;Residuos;5A. Eliminación de residuos sólidos;CH4;1566.17;43852.86
2010;Santiago del Estero;Residuos;5A. Eliminación de residuos sólidos;CH4;4220.42;118171.69
2010;Tierra del Fuego, Antártida e Islas del Atlántico Sur;Residuos;5A. Eliminación de residuos sólidos;CH4;759.07;21254.09
2011;Chaco;Residuos;5A. Eliminación de residuos sólidos;CH4;8516.04;238449.18
2011;Entre Ríos;Residuos;5A. Eliminación de residuos sólidos;CH4;7854.74;219932.81
2011;Jujuy;Residuos;5A. Eliminación de residuos sólidos;CH4;4640.18;129924.98
2011;Neuquén;Residuos;5A. Eliminación de residuos sólidos;CH4;3817.13;106879.63
2011;Río Negro;Residuos;5A. Eliminación de residuos sólidos;CH4;4283.37;119934.5
2011;San Juan;Residuos;5A. Eliminación de residuos sólidos;CH4;5089.95;142518.59
2011;Santa Cruz;Residuos;5A. Eliminación de residuos sólidos;CH4;1624.59;45488.49
2011;Santiago del Estero;Residuos;5A. Eliminación de residuos sólidos;CH4;4317.47;120889.12
2011;Tierra del Fuego, Antártida e Islas del Atlántico Sur;Residuos;5A. Eliminación de residuos sólidos;CH4;791.17;22152.78
2012;Chaco;Residuos;5A. Eliminación de residuos sólidos;CH4;8283.13;231927.55
2012;Entre Ríos;Residuos;5A. Eliminación de residuos sólidos;CH4;8218.58;230120.14
2012;Jujuy;Residuos;5A. Eliminación de residuos sólidos;CH4;4771.37;133598.49
2012;Neuquén;Residuos;5A. Eliminación de residuos sólidos;CH4;3930.8;110062.26
2012;Río Negro;Residuos;5A. Eliminación de residuos sólidos;CH4;4393.13;123007.66
2012;San Juan;Residuos;5A. Eliminación de residuos sólidos;CH4;5201.32;145636.84
2012;Santa Cruz;Residuos;5A. Eliminación de residuos sólidos;CH4;1681.61;47085.11
2012;Santiago del Estero;Residuos;5A. Eliminación de residuos sólidos;CH4;4409.02;123452.65
2012;Tierra del Fuego, Antártida e Islas del Atlántico Sur;Residuos;5A. Eliminación de residuos sólidos;CH4;826.33;23137.13
2013;Chaco;Residuos;5A. Eliminación de residuos sólidos;CH4;7913.63;221581.54
2013;Entre Ríos;Residuos;5A. Eliminación de residuos sólidos;CH4;8532.37;238906.49
2013;Jujuy;Residuos;5A. Eliminación de residuos sólidos;CH4;4886.07;136809.98
2013;Neuquén;Residuos;5A. Eliminación de residuos sólidos;CH4;4034.82;112974.84
2013;Río Negro;Residuos;5A. Eliminación de residuos sólidos;CH4;4489.92;125717.79
2013;San Juan;Residuos;5A. Eliminación de residuos sólidos;CH4;5306.34;148577.54
2013;Santa Cruz;Residuos;5A. Eliminación de residuos sólidos;CH4;1731.57;48483.83
2013;Santiago del Estero;Residuos;5A. Eliminación de residuos sólidos;CH4;4480.46;125452.76
2013;Tierra del Fuego, Antártida e Islas del Atlántico Sur;Residuos;5A. Eliminación de residuos sólidos;CH4;855.24;23946.78
2014;Chaco;Residuos;5A. Eliminación de residuos sólidos;CH4;7475.94;209326.27
2014;Entre Ríos;Residuos;5A. Eliminación de residuos sólidos;CH4;8840.95;247546.71
2014;Jujuy;Residuos;5A. Eliminación de residuos sólidos;CH4;5006.36;140178.16
2014;Neuquén;Residuos;5A. Eliminación de residuos sólidos;CH4;4138.27;115871.67
2014;Río Negro;Residuos;5A. Eliminación de residuos sólidos;CH4;4583.43;128336.03
2014;San Juan;Residuos;5A. Eliminación de residuos sólidos;CH4;5415.98;151647.56
2014;Santa Cruz;Residuos;5A. Eliminación de residuos sólidos;CH4;1778.38;49794.58
2014;Santiago del Estero;Residuos;5A. Eliminación de residuos sólidos;CH4;4543.5;127217.89
2014;Tierra del Fuego, Antártida e Islas del Atlántico Sur;Residuos;5A. Eliminación de residuos sólidos;CH4;882.35;24705.73
2015;Chaco;Residuos;5A. Eliminación de residuos sólidos;CH4;6938.75;194285.11
2015;Entre Ríos;Residuos;5A. Eliminación de residuos sólidos;CH4;9091.41;254559.62
2015;Jujuy;Residuos;5A. Eliminación de residuos sólidos;CH4;5103.13;142887.57
2015;Neuquén;Residuos;5A. Eliminación de residuos sólidos;CH4;4228.65;118402.19
2015;Río Negro;Residuos;5A. Eliminación de residuos sólidos;CH4;4660.79;130502.03
2015;San Juan;Residuos;5A. Eliminación de residuos sólidos;CH4;5514.78;154413.82
2015;Santa Cruz;Residuos;5A. Eliminación de residuos sólidos;CH4;1816.49;50861.83
2015;Santiago del Estero;Residuos;5A. Eliminación de residuos sólidos;CH4;4584.26;128359.2
2015;Tierra del Fuego, Antártida e Islas del Atlántico Sur;Residuos;5A. Eliminación de residuos sólidos;CH4;902.44;25268.27
2016;Chaco;Residuos;5A. Eliminación de residuos sólidos;CH4;6355.32;177948.97
2016;Entre Ríos;Residuos;5A. Eliminación de residuos sólidos;CH4;9333.95;261350.63
2016;Jujuy;Residuos;5A. Eliminación de residuos sólidos;CH4;5201.78;145649.94
2016;Neuquén;Residuos;5A. Eliminación de residuos sólidos;CH4;4316.11;120851.21
2016;Río Negro;Residuos;5A. Eliminación de residuos sólidos;CH4;4732.66;132514.37
2016;San Juan;Residuos;5A. Eliminación de residuos sólidos;CH4;5615.2;157225.51
2016;Santa Cruz;Residuos;5A. Eliminación de residuos sólidos;CH4;1850.22;51806.07
2016;Santiago del Estero;Residuos;5A. Eliminación de residuos sólidos;CH4;4615.29;129228.08
2016;Tierra del Fuego, Antártida e Islas del Atlántico Sur;Residuos;5A. Eliminación de residuos sólidos;CH4;920.4;25771.19
2017;Chaco;Residuos;5A. Eliminación de residuos sólidos;CH4;5915.95;165646.72
2017;Entre Ríos;Residuos;5A. Eliminación de residuos sólidos;CH4;9542.72;267196.1
2017;Jujuy;Residuos;5A. Eliminación de residuos sólidos;CH4;5287.75;148057.04
2017;Neuquén;Residuos;5A. Eliminación de residuos sólidos;CH4;4399.36;123182.01
2017;Río Negro;Residuos;5A. Eliminación de residuos sólidos;CH4;4800.93;134425.94
2017;San Juan;Residuos;5A. Eliminación de residuos sólidos;CH4;5709.58;159868.35
2017;Santa Cruz;Residuos;5A. Eliminación de residuos sólidos;CH4;1883.96;52750.91
2017;Santiago del Estero;Residuos;5A. Eliminación de residuos sólidos;CH4;4643.36;130014.22
2017;Tierra del Fuego, Antártida e Islas del Atlántico Sur;Residuos;5A. Eliminación de residuos sólidos;CH4;938.12;26267.38
2018;Chaco;Residuos;5A. Eliminación de residuos sólidos;CH4;5598.38;156754.53
2018;Entre Ríos;Residuos;5A. Eliminación de residuos sólidos;CH4;9760.16;273284.46
2018;Jujuy;Residuos;5A. Eliminación de residuos sólidos;CH4;5382.78;150717.92
2018;Neuquén;Residuos;5A. Eliminación de residuos sólidos;CH4;4487.12;125639.39
2018;Río Negro;Residuos;5A. Eliminación de residuos sólidos;CH4;4874.5;136485.92
2018;San Juan;Residuos;5A. Eliminación de residuos sólidos;CH4;5809.0;162652.03
2018;Santa Cruz;Residuos;5A. Eliminación de residuos sólidos;CH4;1921.36;53798.08
2018;Santiago del Estero;Residuos;5A. Eliminación de residuos sólidos;CH4;4678.15;130988.22
2018;Tierra del Fuego, Antártida e Islas del Atlántico Sur;Residuos;5A. Eliminación de residuos sólidos;CH4;959.31;26860.63
2019;Chaco;Residuos;5A. Eliminación de residuos sólidos;CH4;5336.16;149412.52
2019;Entre Ríos;Residuos;5A. Eliminación de residuos sólidos;CH4;9926.55;277943.51
2019;Jujuy;Residuos;5A. Eliminación de residuos sólidos;CH4;5454.48;152725.32
2019;Neuquén;Residuos;5A. Eliminación de residuos sólidos;CH4;4565.78;127841.76
2019;Río Negro;Residuos;5A. Eliminación de residuos sólidos;CH4;4939.49;138305.82
2019;San Juan;Residuos;5A. Eliminación de residuos sólidos;CH4;5896.54;165103.16
2019;Santa Cruz;Residuos;5A. Eliminación de residuos sólidos;CH4;1956.5;54782.1
2019;Santiago del Estero;Residuos;5A. Eliminación de residuos sólidos;CH4;4704.58;131728.28
2019;Tierra del Fuego, Antártida e Islas del Atlántico Sur;Residuos;5A. Eliminación de residuos sólidos;CH4;977.69;27375.41
2020;Chaco;Residuos;5A. Eliminación de residuos sólidos;CH4;5118.24;143310.75
2020;Entre Ríos;Residuos;5A. Eliminación de residuos sólidos;CH4;10056.97;281595.2
2020;Jujuy;Residuos;5A. Eliminación de residuos sólidos;CH4;5510.23;154286.39
2020;Neuquén;Residuos;5A. Eliminación de residuos sólidos;CH4;4637.55;129851.31
2020;Río Negro;Residuos;5A. Eliminación de residuos sólidos;CH4;4998.17;139948.87
2020;San Juan;Residuos;5A. Eliminación de residuos sólidos;CH4;5975.11;167303.08
2020;Santa Cruz;Residuos;5A. Eliminación de residuos sólidos;CH4;1990.21;55726.0
2020;Santiago del Estero;Residuos;5A. Eliminación de residuos sólidos;CH4;4725.26;132307.38
2020;Tierra del Fuego, Antártida e Islas del Atlántico Sur;Residuos;5A. Eliminación de residuos sólidos;CH4;994.38;27842.56
2021;Chaco;Residuos;5A. Eliminación de residuos sólidos;CH4;4892.45;136988.54
2021;Entre Ríos;Residuos;5A. Eliminación de residuos sólidos;CH4;10081.99;282295.74
2021;Jujuy;Residuos;5A. Eliminación de residuos sólidos;CH4;5512.41;154347.35
2021;Neuquén;Residuos;5A. Eliminación de residuos sólidos;CH4;4685.58;131196.27
2021;Río Negro;Residuos;5A. Eliminación de residuos sólidos;CH4;5033.4;140935.15
2021;San Juan;Residuos;5A. Eliminación de residuos sólidos;CH4;6023.94;168670.25
2021;Santa Cruz;Residuos;5A. Eliminación de residuos sólidos;CH4;2014.89;56416.86
2021;Santiago del Estero;Residuos;5A. Eliminación de residuos sólidos;CH4;4721.99;132215.78
2021;Tierra del Fuego, Antártida e Islas del Atlántico Sur;Residuos;5A. Eliminación de residuos sólidos;CH4;1001.83;28051.16
2022;Chaco;Residuos;5A. Eliminación de residuos sólidos;CH4;4761.25;133315.06
2022;Entre Ríos;Residuos;5A. Eliminación de residuos sólidos;CH4;10203.34;285693.4
2022;Jujuy;Residuos;5A. Eliminación de residuos sólidos;CH4;5566.65;155866.16
2022;Neuquén;Residuos;5A. Eliminación de residuos sólidos;CH4;4753.54;133098.99
2022;Río Negro;Residuos;5A. Eliminación de residuos sólidos;CH4;5089.56;142507.72
2022;San Juan;Residuos;5A. Eliminación de residuos sólidos;CH4;6097.23;170722.47
2022;Santa Cruz;Residuos;5A. Eliminación de residuos sólidos;CH4;2049.83;57395.17
2022;Santiago del Estero;Residuos;5A. Eliminación de residuos sólidos;CH4;4742.59;132792.56
2022;Tierra del Fuego, Antártida e Islas del Atlántico Sur;Residuos;5A. Eliminación de residuos sólidos;CH4;1020.34;28569.6
2010;Buenos Aires;Residuos;5C. Incineración e incineración abierta de residuos;CO2;1759.94;1759.94
2010;Catamarca;Residuos;5C. Incineración e incineración abierta de residuos;CO2;113.4;113.4
2010;Chaco;Residuos;5C. Incineración e incineración abierta de residuos;CO2;325.34;325.34
2010;Chubut;Residuos;5C. Incineración e incineración abierta de residuos;CO2;156.96;156.96
2010;Córdoba;Residuos;5C. Incineración e incineración abierta de residuos;CO2;1020.15;1020.15
2010;Corrientes;Residuos;5C. Incineración e incineración abierta de residuos;CO2;306.02;306.02
2010;Entre Ríos;Residuos;5C. Incineración e incineración abierta de residuos;CO2;1420.79;1420.79
2010;Formosa;Residuos;5C. Incineración e incineración abierta de residuos;CO2;163.45;163.45
2010;Jujuy;Residuos;5C. Incineración e incineración abierta de residuos;CO2;207.59;207.59
2010;La Pampa;Residuos;5C. Incineración e incineración abierta de residuos;CO2;98.34;98.34
2010;La Rioja;Residuos;5C. Incineración e incineración abierta de residuos;CO2;102.86;102.86
2010;Mendoza;Residuos;5C. Incineración e incineración abierta de residuos;CO2;536.13;536.13
2010;Misiones;Residuos;5C. Incineración e incineración abierta de residuos;CO2;339.63;339.63
2010;Neuquén;Residuos;5C. Incineración e incineración abierta de residuos;CO2;2249.4;2249.4
2010;Río Negro;Residuos;5C. Incineración e incineración abierta de residuos;CO2;196.9;196.9
2010;Salta;Residuos;5C. Incineración e incineración abierta de residuos;CO2;374.42;374.42
2010;San Juan;Residuos;5C. Incineración e incineración abierta de residuos;CO2;209.97;209.97
2010;San Luis;Residuos;5C. Incineración e incineración abierta de residuos;CO2;133.28;133.28
2010;Santa Cruz;Residuos;5C. Incineración e incineración abierta de residuos;CO2;1124.18;1124.18
2010;Santa Fe;Residuos;5C. Incineración e incineración abierta de residuos;CO2;3064.34;3064.34
2010;Santiago del Estero;Residuos;5C. Incineración e incineración abierta de residuos;CO2;269.46;269.46
2010;Tierra del Fuego, Antártida e Islas del Atlántico Sur;Residuos;5C. Incineración e incineración abierta de residuos;CO2;39.22;39.22
2010;Tucumán;Residuos;5C. Incineración e incineración abierta de residuos;CO2;446.49;446.49
2011;Buenos Aires;Residuos;5C. Incineración e incineración abierta de residuos;CO2;1791.98;1791.98
2011;Catamarca;Residuos;5C. Incineración e incineración abierta de residuos;CO2;117.63;117.63
2011;Chaco;Residuos;5C. Incineración e incineración abierta de residuos;CO2;336.87;336.87
2011;Chubut;Residuos;5C. Incineración e incineración abierta de residuos;CO2;161.62;161.62
2011;Córdoba;Residuos;5C. Incineración e incineración abierta de residuos;CO2;1051.88;1051.88
2011;Corrientes;Residuos;5C. Incineración e incineración abierta de residuos;CO2;317.02;317.02
2011;Entre Ríos;Residuos;5C. Incineración e incineración abierta de residuos;CO2;1493.31;1493.31
2011;Formosa;Residuos;5C. Incineración e incineración abierta de residuos;CO2;171.8;171.8
2011;Jujuy;Residuos;5C. Incineración e incineración abierta de residuos;CO2;213.47;213.47
2011;La Pampa;Residuos;5C. Incineración e incineración abierta de residuos;CO2;101.82;101.82
2011;La Rioja;Residuos;5C. Incineración e incineración abierta de residuos;CO2;107.14;107.14
2011;Mendoza;Residuos;5C. Incineración e incineración abierta de residuos;CO2;554.1;554.1
2011;Misiones;Residuos;5C. Incineración e incineración abierta de residuos;CO2;348.02;348.02
2011;Neuquén;Residuos;5C. Incineración e incineración abierta de residuos;CO2;2383.63;2383.63
2011;Río Negro;Residuos;5C. Incineración e incineración abierta de residuos;CO2;203.02;203.02
2011;Salta;Residuos;5C. Incineración e incineración abierta de residuos;CO2;387.89;387.89
2011;San Juan;Residuos;5C. Incineración e incineración abierta de residuos;CO2;217.25;217.25
2011;San Luis;Residuos;5C. Incineración e incineración abierta de residuos;CO2;138.87;138.87
2011;Santa Cruz;Residuos;5C. Incineración e incineración abierta de residuos;CO2;1189.83;1189.83
2011;Santa Fe;Residuos;5C. Incineración e incineración abierta de residuos;CO2;3217.2;3217.2
2011;Santiago del Estero;Residuos;5C. Incineración e incineración abierta de residuos;CO2;274.03;274.03
2011;Tierra del Fuego, Antártida e Islas del Atlántico Sur;Residuos;5C. Incineración e incineración abierta de residuos;CO2;41.85;41.85
2011;Tucumán;Residuos;5C. Incineración e incineración abierta de residuos;CO2;465.52;465.52
2012;Buenos Aires;Residuos;5C. Incineración e incineración abierta de residuos;CO2;1813.5;1813.5
2012;Catamarca;Residuos;5C. Incineración e incineración abierta de residuos;CO2;118.82;118.82
2012;Chaco;Residuos;5C. Incineración e incineración abierta de residuos;CO2;340.77;340.77
2012;Chubut;Residuos;5C. Incineración e incineración abierta de residuos;CO2;164.93;164.93
2012;Córdoba;Residuos;5C. Incineración e incineración abierta de residuos;CO2;1063.87;1063.87
2012;Corrientes;Residuos;5C. Incineración e incineración abierta de residuos;CO2;320.27;320.27
2012;Entre Ríos;Residuos;5C. Incineración e incineración abierta de residuos;CO2;1486.06;1486.06
2012;Formosa;Residuos;5C. Incineración e incineración abierta de residuos;CO2;173.51;173.51
2012;Jujuy;Residuos;5C. Incineración e incineración abierta de residuos;CO2;216.2;216.2
2012;La Pampa;Residuos;5C. Incineración e incineración abierta de residuos;CO2;102.82;102.82
2012;La Rioja;Residuos;5C. Incineración e incineración abierta de residuos;CO2;108.67;108.67
2012;Mendoza;Residuos;5C. Incineración e incineración abierta de residuos;CO2;561.0;561.0
2012;Misiones;Residuos;5C. Incineración e incineración abierta de residuos;CO2;352.76;352.76
2012;Neuquén;Residuos;5C. Incineración e incineración abierta de residuos;CO2;2364.0;2364.0
2012;Río Negro;Residuos;5C. Incineración e incineración abierta de residuos;CO2;206.15;206.15
2012;Salta;Residuos;5C. Incineración e incineración abierta de residuos;CO2;393.73;393.73
2012;San Juan;Residuos;5C. Incineración e incineración abierta de residuos;CO2;219.9;219.9
2012;San Luis;Residuos;5C. Incineración e incineración abierta de residuos;CO2;140.87;140.87
2012;Santa Cruz;Residuos;5C. Incineración e incineración abierta de residuos;CO2;1181.29;1181.29
2012;Santa Fe;Residuos;5C. Incineración e incineración abierta de residuos;CO2;3203.15;3203.15
2012;Santiago del Estero;Residuos;5C. Incineración e incineración abierta de residuos;CO2;277.01;277.01
2012;Tierra del Fuego, Antártida e Islas del Atlántico Sur;Residuos;5C. Incineración e incineración abierta de residuos;CO2;43.12;43.12
2012;Tucumán;Residuos;5C. Incineración e incineración abierta de residuos;CO2;471.92;471.92
2013;Buenos Aires;Residuos;5C. Incineración e incineración abierta de residuos;CO2;1834.78;1834.78
2013;Catamarca;Residuos;5C. Incineración e incineración abierta de residuos;CO2;120.01;120.01
2013;Chaco;Residuos;5C. Incineración e incineración abierta de residuos;CO2;344.67;344.67
2013;Chubut;Residuos;5C. Incineración e incineración abierta de residuos;CO2;168.23;168.23
2013;Córdoba;Residuos;5C. Incineración e incineración abierta de residuos;CO2;1075.89;1075.89
2013;Corrientes;Residuos;5C. Incineración e incineración abierta de residuos;CO2;323.52;323.52
2013;Entre Ríos;Residuos;5C. Incineración e incineración abierta de residuos;CO2;1516.36;1516.36
2013;Formosa;Residuos;5C. Incineración e incineración abierta de residuos;CO2;175.22;175.22
2013;Jujuy;Residuos;5C. Incineración e incineración abierta de residuos;CO2;218.94;218.94
2013;La Pampa;Residuos;5C. Incineración e incineración abierta de residuos;CO2;103.81;103.81
2013;La Rioja;Residuos;5C. Incineración e incineración abierta de residuos;CO2;110.23;110.23
2013;Mendoza;Residuos;5C. Incineración e incineración abierta de residuos;CO2;567.85;567.85
2013;Misiones;Residuos;5C. Incineración e incineración abierta de residuos;CO2;357.47;357.47
2013;Neuquén;Residuos;5C. Incineración e incineración abierta de residuos;CO2;2419.43;2419.43
2013;Río Negro;Residuos;5C. Incineración e incineración abierta de residuos;CO2;209.28;209.28
2013;Salta;Residuos;5C. Incineración e incineración abierta de residuos;CO2;399.55;399.55
2013;San Juan;Residuos;5C. Incineración e incineración abierta de residuos;CO2;222.55;222.55
2013;San Luis;Residuos;5C. Incineración e incineración abierta de residuos;CO2;142.87;142.87
2013;Santa Cruz;Residuos;5C. Incineración e incineración abierta de residuos;CO2;1210.31;1210.31
2013;Santa Fe;Residuos;5C. Incineración e incineración abierta de residuos;CO2;3264.26;3264.26
2013;Santiago del Estero;Residuos;5C. Incineración e incineración abierta de residuos;CO2;280.03;280.03
2013;Tierra del Fuego, Antártida e Islas del Atlántico Sur;Residuos;5C. Incineración e incineración abierta de residuos;CO2;44.39;44.39
2013;Tucumán;Residuos;5C. Incineración e incineración abierta de residuos;CO2;478.33;478.33
2014;Buenos Aires;Residuos;5C. Incineración e incineración abierta de residuos;CO2;1855.8;1855.8
2014;Catamarca;Residuos;5C. Incineración e incineración abierta de residuos;CO2;121.19;121.19
2014;Chaco;Residuos;5C. Incineración e incineración abierta de residuos;CO2;348.58;348.58
2014;Chubut;Residuos;5C. Incineración e incineración abierta de residuos;CO2;171.52;171.52
2014;Córdoba;Residuos;5C. Incineración e incineración abierta de residuos;CO2;1087.92;1087.92
2014;Corrientes;Residuos;5C. Incineración e incineración abierta de residuos;CO2;326.76;326.76
2014;Entre Ríos;Residuos;5C. Incineración e incineración abierta de residuos;CO2;1492.36;1492.36
2014;Formosa;Residuos;5C. Incineración e incineración abierta de residuos;CO2;176.91;176.91
2014;Jujuy;Residuos;5C. Incineración e incineración abierta de residuos;CO2;221.66;221.66
2014;La Pampa;Residuos;5C. Incineración e incineración abierta de residuos;CO2;104.79;104.79
2014;La Rioja;Residuos;5C. Incineración e incineración abierta de residuos;CO2;111.79;111.79
2014;Mendoza;Residuos;5C. Incineración e incineración abierta de residuos;CO2;574.63;574.63
2014;Misiones;Residuos;5C. Incineración e incineración abierta de residuos;CO2;362.12;362.12
2014;Neuquén;Residuos;5C. Incineración e incineración abierta de residuos;CO2;2366.21;2366.21
2014;Río Negro;Residuos;5C. Incineración e incineración abierta de residuos;CO2;212.39;212.39
2014;Salta;Residuos;5C. Incineración e incineración abierta de residuos;CO2;405.34;405.34
2014;San Juan;Residuos;5C. Incineración e incineración abierta de residuos;CO2;225.19;225.19
2014;San Luis;Residuos;5C. Incineración e incineración abierta de residuos;CO2;144.87;144.87
2014;Santa Cruz;Residuos;5C. Incineración e incineración abierta de residuos;CO2;1185.02;1185.02
2014;Santa Fe;Residuos;5C. Incineración e incineración abierta de residuos;CO2;3216.8;3216.8
2014;Santiago del Estero;Residuos;5C. Incineración e incineración abierta de residuos;CO2;283.07;283.07
2014;Tierra del Fuego, Antártida e Islas del Atlántico Sur;Residuos;5C. Incineración e incineración abierta de residuos;CO2;45.67;45.67
2014;Tucumán;Residuos;5C. Incineración e incineración abierta de residuos;CO2;484.72;484.72
2015;Buenos Aires;Residuos;5C. Incineración e incineración abierta de residuos;CO2;1876.5;1876.5
2015;Catamarca;Residuos;5C. Incineración e incineración abierta de residuos;CO2;122.37;122.37
2015;Chaco;Residuos;5C. Incineración e incineración abierta de residuos;CO2;352.46;352.46
2015;Chubut;Residuos;5C. Incineración e incineración abierta de residuos;CO2;174.79;174.79
2015;Córdoba;Residuos;5C. Incineración e incineración abierta de residuos;CO2;1099.94;1099.94
2015;Corrientes;Residuos;5C. Incineración e incineración abierta de residuos;CO2;329.98;329.98
2015;Entre Ríos;Residuos;5C. Incineración e incineración abierta de residuos;CO2;1526.14;1526.14
2015;Formosa;Residuos;5C. Incineración e incineración abierta de residuos;CO2;178.59;178.59
2015;Jujuy;Residuos;5C. Incineración e incineración abierta de residuos;CO2;224.38;224.38
2015;La Pampa;Residuos;5C. Incineración e incineración abierta de residuos;CO2;105.77;105.77
2015;La Rioja;Residuos;5C. Incineración e incineración abierta de residuos;CO2;113.37;113.37
2015;Mendoza;Residuos;5C. Incineración e incineración abierta de residuos;CO2;581.33;581.33
2015;Misiones;Residuos;5C. Incineración e incineración abierta de residuos;CO2;366.72;366.72
2015;Neuquén;Residuos;5C. Incineración e incineración abierta de residuos;CO2;2428.56;2428.56
2015;Río Negro;Residuos;5C. Incineración e incineración abierta de residuos;CO2;215.47;215.47
2015;Salta;Residuos;5C. Incineración e incineración abierta de residuos;CO2;411.09;411.09
2015;San Juan;Residuos;5C. Incineración e incineración abierta de residuos;CO2;227.83;227.83
2015;San Luis;Residuos;5C. Incineración e incineración abierta de residuos;CO2;146.86;146.86
2015;Santa Cruz;Residuos;5C. Incineración e incineración abierta de residuos;CO2;1217.55;1217.55
2015;Santa Fe;Residuos;5C. Incineración e incineración abierta de residuos;CO2;3284.97;3284.97
2015;Santiago del Estero;Residuos;5C. Incineración e incineración abierta de residuos;CO2;286.14;286.14
2015;Tierra del Fuego, Antártida e Islas del Atlántico Sur;Residuos;5C. Incineración e incineración abierta de residuos;CO2;46.96;46.96
2015;Tucumán;Residuos;5C. Incineración e incineración abierta de residuos;CO2;491.1;491.1
2016;Buenos Aires;Residuos;5C. Incineración e incineración abierta de residuos;CO2;1896.91;1896.91
2016;Catamarca;Residuos;5C. Incineración e incineración abierta de residuos;CO2;123.53;123.53
2016;Chaco;Residuos;5C. Incineración e incineración abierta de residuos;CO2;356.32;356.32
2016;Chubut;Residuos;5C. Incineración e incineración abierta de residuos;CO2;178.04;178.04
2016;Córdoba;Residuos;5C. Incineración e incineración abierta de residuos;CO2;1111.93;1111.93
2016;Corrientes;Residuos;5C. Incineración e incineración abierta de residuos;CO2;333.17;333.17
2016;Entre Ríos;Residuos;5C. Incineración e incineración abierta de residuos;CO2;1506.9;1506.9
2016;Formosa;Residuos;5C. Incineración e incineración abierta de residuos;CO2;180.24;180.24
2016;Jujuy;Residuos;5C. Incineración e incineración abierta de residuos;CO2;227.08;227.08
2016;La Pampa;Residuos;5C. Incineración e incineración abierta de residuos;CO2;106.73;106.73
2016;La Rioja;Residuos;5C. Incineración e incineración abierta de residuos;CO2;114.96;114.96
2016;Mendoza;Residuos;5C. Incineración e incineración abierta de residuos;CO2;587.96;587.96
2016;Misiones;Residuos;5C. Incineración e incineración abierta de residuos;CO2;371.26;371.26
2016;Neuquén;Residuos;5C. Incineración e incineración abierta de residuos;CO2;2384.83;2384.83
2016;Río Negro;Residuos;5C. Incineración e incineración abierta de residuos;CO2;218.53;218.53
2016;Salta;Residuos;5C. Incineración e incineración abierta de residuos;CO2;416.79;416.79
2016;San Juan;Residuos;5C. Incineración e incineración abierta de residuos;CO2;230.46;230.46
2016;San Luis;Residuos;5C. Incineración e incineración abierta de residuos;CO2;148.85;148.85
2016;Santa Cruz;Residuos;5C. Incineración e incineración abierta de residuos;CO2;1197.06;1197.06
2016;Santa Fe;Residuos;5C. Incineración e incineración abierta de residuos;CO2;3247.1;3247.1
2016;Santiago del Estero;Residuos;5C. Incineración e incineración abierta de residuos;CO2;289.23;289.23
2016;Tierra del Fuego, Antártida e Islas del Atlántico Sur;Residuos;5C. Incineración e incineración abierta de residuos;CO2;48.25;48.25
2016;Tucumán;Residuos;5C. Incineración e incineración abierta de residuos;CO2;497.45;497.45
2017;Buenos Aires;Residuos;5C. Incineración e incineración abierta de residuos;CO2;1917.05;1917.05
2017;Catamarca;Residuos;5C. Incineración e incineración abierta de residuos;CO2;124.69;124.69
2017;Chaco;Residuos;5C. Incineración e incineración abierta de residuos;CO2;360.15;360.15
2017;Chubut;Residuos;5C. Incineración e incineración abierta de residuos;CO2;181.27;181.27
2017;Córdoba;Residuos;5C. Incineración e incineración abierta de residuos;CO2;1123.88;1123.88
2017;Corrientes;Residuos;5C. Incineración e incineración abierta de residuos;CO2;336.34;336.34
2017;Entre Ríos;Residuos;5C. Incineración e incineración abierta de residuos;CO2;1541.57;1541.57
2017;Formosa;Residuos;5C. Incineración e incineración abierta de residuos;CO2;181.88;181.88
2017;Jujuy;Residuos;5C. Incineración e incineración abierta de residuos;CO2;229.77;229.77
2017;La Pampa;Residuos;5C. Incineración e incineración abierta de residuos;CO2;107.69;107.69
2017;La Rioja;Residuos;5C. Incineración e incineración abierta de residuos;CO2;116.55;116.55
2017;Mendoza;Residuos;5C. Incineración e incineración abierta de residuos;CO2;594.51;594.51
2017;Misiones;Residuos;5C. Incineración e incineración abierta de residuos;CO2;375.76;375.76
2017;Neuquén;Residuos;5C. Incineración e incineración abierta de residuos;CO2;2449.75;2449.75
2017;Río Negro;Residuos;5C. Incineración e incineración abierta de residuos;CO2;221.56;221.56
2017;Salta;Residuos;5C. Incineración e incineración abierta de residuos;CO2;422.47;422.47
2017;San Juan;Residuos;5C. Incineración e incineración abierta de residuos;CO2;233.08;233.08
2017;San Luis;Residuos;5C. Incineración e incineración abierta de residuos;CO2;150.83;150.83
2017;Santa Cruz;Residuos;5C. Incineración e incineración abierta de residuos;CO2;1230.5;1230.5
2017;Santa Fe;Residuos;5C. Incineración e incineración abierta de residuos;CO2;3317.87;3317.87
2017;Santiago del Estero;Residuos;5C. Incineración e incineración abierta de residuos;CO2;292.33;292.33
2017;Tierra del Fuego, Antártida e Islas del Atlántico Sur;Residuos;5C. Incineración e incineración abierta de residuos;CO2;49.55;49.55
2017;Tucumán;Residuos;5C. Incineración e incineración abierta de residuos;CO2;503.77;503.77
2018;Buenos Aires;Residuos;5C. Incineración e incineración abierta de residuos;CO2;1936.92;1936.92
2018;Catamarca;Residuos;5C. Incineración e incineración abierta de residuos;CO2;125.84;125.84
2018;Chaco;Residuos;5C. Incineración e incineración abierta de residuos;CO2;363.95;363.95
2018;Chubut;Residuos;5C. Incineración e incineración abierta de residuos;CO2;184.49;184.49
2018;Córdoba;Residuos;5C. Incineración e incineración abierta de residuos;CO2;1135.79;1135.79
2018;Corrientes;Residuos;5C. Incineración e incineración abierta de residuos;CO2;339.47;339.47
2018;Entre Ríos;Residuos;5C. Incineración e incineración abierta de residuos;CO2;1516.69;1516.69
2018;Formosa;Residuos;5C. Incineración e incineración abierta de residuos;CO2;183.48;183.48
2018;Jujuy;Residuos;5C. Incineración e incineración abierta de residuos;CO2;232.43;232.43
2018;La Pampa;Residuos;5C. Incineración e incineración abierta de residuos;CO2;108.64;108.64
2018;La Rioja;Residuos;5C. Incineración e incineración abierta de residuos;CO2;118.15;118.15
2018;Mendoza;Residuos;5C. Incineración e incineración abierta de residuos;CO2;600.98;600.98
2018;Misiones;Residuos;5C. Incineración e incineración abierta de residuos;CO2;380.2;380.2
2018;Neuquén;Residuos;5C. Incineración e incineración abierta de residuos;CO2;2393.08;2393.08
2018;Río Negro;Residuos;5C. Incineración e incineración abierta de residuos;CO2;224.57;224.57
2018;Salta;Residuos;5C. Incineración e incineración abierta de residuos;CO2;428.1;428.1
2018;San Juan;Residuos;5C. Incineración e incineración abierta de residuos;CO2;235.69;235.69
2018;San Luis;Residuos;5C. Incineración e incineración abierta de residuos;CO2;152.81;152.81
2018;Santa Cruz;Residuos;5C. Incineración e incineración abierta de residuos;CO2;1204.42;1204.42
2018;Santa Fe;Residuos;5C. Incineración e incineración abierta de residuos;CO2;3267.05;3267.05
2018;Santiago del Estero;Residuos;5C. Incineración e incineración abierta de residuos;CO2;295.44;295.44
2018;Tierra del Fuego, Antártida e Islas del Atlántico Sur;Residuos;5C. Incineración e incineración abierta de residuos;CO2;50.85;50.85
2018;Tucumán;Residuos;5C. Incineración e incineración abierta de residuos;CO2;510.06;510.06
2019;Buenos Aires;Residuos;5C. Incineración e incineración abierta de residuos;CO2;1956.49;1956.49
2019;Catamarca;Residuos;5C. Incineración e incineración abierta de residuos;CO2;126.97;126.97
2019;Chaco;Residuos;5C. Incineración e incineración abierta de residuos;CO2;367.69;367.69
2019;Chubut;Residuos;5C. Incineración e incineración abierta de residuos;CO2;187.68;187.68
2019;Córdoba;Residuos;5C. Incineración e incineración abierta de residuos;CO2;1147.62;1147.62
2019;Corrientes;Residuos;5C. Incineración e incineración abierta de residuos;CO2;342.55;342.55
2019;Entre Ríos;Residuos;5C. Incineración e incineración abierta de residuos;CO2;1498.37;1498.37
2019;Formosa;Residuos;5C. Incineración e incineración abierta de residuos;CO2;185.06;185.06
2019;Jujuy;Residuos;5C. Incineración e incineración abierta de residuos;CO2;235.07;235.07
2019;La Pampa;Residuos;5C. Incineración e incineración abierta de residuos;CO2;109.58;109.58
2019;La Rioja;Residuos;5C. Incineración e incineración abierta de residuos;CO2;119.74;119.74
2019;Mendoza;Residuos;5C. Incineración e incineración abierta de residuos;CO2;607.36;607.36
2019;Misiones;Residuos;5C. Incineración e incineración abierta de residuos;CO2;384.57;384.57
2019;Neuquén;Residuos;5C. Incineración e incineración abierta de residuos;CO2;2351.93;2351.93
2019;Río Negro;Residuos;5C. Incineración e incineración abierta de residuos;CO2;227.55;227.55
2019;Salta;Residuos;5C. Incineración e incineración abierta de residuos;CO2;433.66;433.66
2019;San Juan;Residuos;5C. Incineración e incineración abierta de residuos;CO2;238.28;238.28
2019;San Luis;Residuos;5C. Incineración e incineración abierta de residuos;CO2;154.77;154.77
2019;Santa Cruz;Residuos;5C. Incineración e incineración abierta de residuos;CO2;1184.87;1184.87
2019;Santa Fe;Residuos;5C. Incineración e incineración abierta de residuos;CO2;3231.72;3231.72
2019;Santiago del Estero;Residuos;5C. Incineración e incineración abierta de residuos;CO2;298.54;298.54
2019;Tierra del Fuego, Antártida e Islas del Atlántico Sur;Residuos;5C. Incineración e incineración abierta de residuos;CO2;52.16;52.16
2019;Tucumán;Residuos;5C. Incineración e incineración abierta de residuos;CO2;516.3;516.3
2020;Buenos Aires;Residuos;5C. Incineración e incineración abierta de residuos;CO2;1975.75;1975.75
2020;Catamarca;Residuos;5C. Incineración e incineración abierta de residuos;CO2;128.08;128.08
2020;Chaco;Residuos;5C. Incineración e incineración abierta de residuos;CO2;371.37;371.37
2020;Chubut;Residuos;5C. Incineración e incineración abierta de residuos;CO2;190.84;190.84
2020;Córdoba;Residuos;5C. Incineración e incineración abierta de residuos;CO2;1159.38;1159.38
2020;Corrientes;Residuos;5C. Incineración e incineración abierta de residuos;CO2;345.55;345.55
2020;Entre Ríos;Residuos;5C. Incineración e incineración abierta de residuos;CO2;1395.8;1395.8
2020;Formosa;Residuos;5C. Incineración e incineración abierta de residuos;CO2;186.59;186.59
2020;Jujuy;Residuos;5C. Incineración e incineración abierta de residuos;CO2;237.67;237.67
2020;La Pampa;Residuos;5C. Incineración e incineración abierta de residuos;CO2;110.51;110.51
2020;La Rioja;Residuos;5C. Incineración e incineración abierta de residuos;CO2;121.33;121.33
2020;Mendoza;Residuos;5C. Incineración e incineración abierta de residuos;CO2;613.64;613.64
2020;Misiones;Residuos;5C. Incineración e incineración abierta de residuos;CO2;388.87;388.87
2020;Neuquén;Residuos;5C. Incineración e incineración abierta de residuos;CO2;2141.72;2141.72
2020;Río Negro;Residuos;5C. Incineración e incineración abierta de residuos;CO2;230.49;230.49
2020;Salta;Residuos;5C. Incineración e incineración abierta de residuos;CO2;439.15;439.15
2020;San Juan;Residuos;5C. Incineración e incineración abierta de residuos;CO2;240.86;240.86
2020;San Luis;Residuos;5C. Incineración e incineración abierta de residuos;CO2;156.72;156.72
2020;Santa Cruz;Residuos;5C. Incineración e incineración abierta de residuos;CO2;1081.24;1081.24
2020;Santa Fe;Residuos;5C. Incineración e incineración abierta de residuos;CO2;3027.3;3027.3
2020;Santiago del Estero;Residuos;5C. Incineración e incineración abierta de residuos;CO2;301.62;301.62
2020;Tierra del Fuego, Antártida e Islas del Atlántico Sur;Residuos;5C. Incineración e incineración abierta de residuos;CO2;53.47;53.47
2020;Tucumán;Residuos;5C. Incineración e incineración abierta de residuos;CO2;522.48;522.48
2021;Buenos Aires;Residuos;5C. Incineración e incineración abierta de residuos;CO2;1994.73;1994.73
2021;Catamarca;Residuos;5C. Incineración e incineración abierta de residuos;CO2;129.18;129.18
2021;Chaco;Residuos;5C. Incineración e incineración abierta de residuos;CO2;374.98;374.98
2021;Chubut;Residuos;5C. Incineración e incineración abierta de residuos;CO2;193.98;193.98
2021;Córdoba;Residuos;5C. Incineración e incineración abierta de residuos;CO2;1171.03;1171.03
2021;Corrientes;Residuos;5C. Incineración e incineración abierta de residuos;CO2;348.49;348.49
2021;Entre Ríos;Residuos;5C. Incineración e incineración abierta de residuos;CO2;1503.47;1503.47
2021;Formosa;Residuos;5C. Incineración e incineración abierta de residuos;CO2;188.07;188.07
2021;Jujuy;Residuos;5C. Incineración e incineración abierta de residuos;CO2;240.24;240.24
2021;La Pampa;Residuos;5C. Incineración e incineración abierta de residuos;CO2;111.42;111.42
2021;La Rioja;Residuos;5C. Incineración e incineración abierta de residuos;CO2;122.91;122.91
2021;Mendoza;Residuos;5C. Incineración e incineración abierta de residuos;CO2;619.81;619.81
2021;Misiones;Residuos;5C. Incineración e incineración abierta de residuos;CO2;393.09;393.09
2021;Neuquén;Residuos;5C. Incineración e incineración abierta de residuos;CO2;2351.92;2351.92
2021;Río Negro;Residuos;5C. Incineración e incineración abierta de residuos;CO2;233.41;233.41
2021;Salta;Residuos;5C. Incineración e incineración abierta de residuos;CO2;444.58;444.58
2021;San Juan;Residuos;5C. Incineración e incineración abierta de residuos;CO2;243.41;243.41
2021;San Luis;Residuos;5C. Incineración e incineración abierta de residuos;CO2;158.66;158.66
2021;Santa Cruz;Residuos;5C. Incineración e incineración abierta de residuos;CO2;1187.84;1187.84
2021;Santa Fe;Residuos;5C. Incineración e incineración abierta de residuos;CO2;3243.22;3243.22
2021;Santiago del Estero;Residuos;5C. Incineración e incineración abierta de residuos;CO2;304.68;304.68
2021;Tierra del Fuego, Antártida e Islas del Atlántico Sur;Residuos;5C. Incineración e incineración abierta de residuos;CO2;54.79;54.79
2021;Tucumán;Residuos;5C. Incineración e incineración abierta de residuos;CO2;528.59;528.59
2022;Buenos Aires;Residuos;5C. Incineración e incineración abierta de residuos;CO2;2057.86;2057.86
2022;Catamarca;Residuos;5C. Incineración e incineración abierta de residuos;CO2;132.44;132.44
2022;Chaco;Residuos;5C. Incineración e incineración abierta de residuos;CO2;348.27;348.27
2022;Chubut;Residuos;5C. Incineración e incineración abierta de residuos;CO2;182.71;182.71
2022;Córdoba;Residuos;5C. Incineración e incineración abierta de residuos;CO2;1184.18;1184.18
2022;Corrientes;Residuos;5C. Incineración e incineración abierta de residuos;CO2;373.88;373.88
2022;Entre Ríos;Residuos;5C. Incineración e incineración abierta de residuos;CO2;1564.96;1564.96
2022;Formosa;Residuos;5C. Incineración e incineración abierta de residuos;CO2;187.27;187.27
2022;Jujuy;Residuos;5C. Incineración e incineración abierta de residuos;CO2;250.23;250.23
2022;La Pampa;Residuos;5C. Incineración e incineración abierta de residuos;CO2;111.56;111.56
2022;La Rioja;Residuos;5C. Incineración e incineración abierta de residuos;CO2;118.35;118.35
2022;Mendoza;Residuos;5C. Incineración e incineración abierta de residuos;CO2;630.04;630.04
2022;Misiones;Residuos;5C. Incineración e incineración abierta de residuos;CO2;394.29;394.29
2022;Neuquén;Residuos;5C. Incineración e incineración abierta de residuos;CO2;2470.04;2470.04
2022;Río Negro;Residuos;5C. Incineración e incineración abierta de residuos;CO2;231.47;231.47
2022;Salta;Residuos;5C. Incineración e incineración abierta de residuos;CO2;444.38;444.38
2022;San Juan;Residuos;5C. Incineración e incineración abierta de residuos;CO2;253.69;253.69
2022;San Luis;Residuos;5C. Incineración e incineración abierta de residuos;CO2;167.12;167.12
2022;Santa Cruz;Residuos;5C. Incineración e incineración abierta de residuos;CO2;1229.42;1229.42
2022;Santa Fe;Residuos;5C. Incineración e incineración abierta de residuos;CO2;3343.81;3343.81
2022;Santiago del Estero;Residuos;5C. Incineración e incineración abierta de residuos;CO2;327.09;327.09
2022;Tierra del Fuego, Antártida e Islas del Atlántico Sur;Residuos;5C. Incineración e incineración abierta de residuos;CO2;57.26;57.26
2022;Tucumán;Residuos;5C. Incineración e incineración abierta de residuos;CO2;533.93;533.93
2010;Ciudad Autónoma de Buenos Aires;Residuos;5B. Tratamiento biológico de residuos sólidos;CH4;63.29;1771.98
2011;Ciudad Autónoma de Buenos Aires;Residuos;5B. Tratamiento biológico de residuos sólidos;CH4;43.02;1204.69
2012;Ciudad Autónoma de Buenos Aires;Residuos;5B. Tratamiento biológico de residuos sólidos;CH4;86.94;2434.27
2013;Ciudad Autónoma de Buenos Aires;Residuos;5B. Tratamiento biológico de residuos sólidos;CH4;458.31;12832.71
2014;Ciudad Autónoma de Buenos Aires;Residuos;5B. Tratamiento biológico de residuos sólidos;CH4;455.99;12767.77
2015;Ciudad Autónoma de Buenos Aires;Residuos;5B. Tratamiento biológico de residuos sólidos;CH4;805.07;22541.89
2016;Ciudad Autónoma de Buenos Aires;Residuos;5B. Tratamiento biológico de residuos sólidos;CH4;905.28;25347.96
2017;Ciudad Autónoma de Buenos Aires;Residuos;5B. Tratamiento biológico de residuos sólidos;CH4;965.44;27032.25
2018;Ciudad Autónoma de Buenos Aires;Residuos;5B. Tratamiento biológico de residuos sólidos;CH4;1092.77;30597.52
2019;Ciudad Autónoma de Buenos Aires;Residuos;5B. Tratamiento biológico de residuos sólidos;CH4;1193.86;33428.16
2020;Ciudad Autónoma de Buenos Aires;Residuos;5B. Tratamiento biológico de residuos sólidos;CH4;1200.35;33609.75
2021;Ciudad Autónoma de Buenos Aires;Residuos;5B. Tratamiento biológico de residuos sólidos;CH4;1260.75;35301.09
2022;Ciudad Autónoma de Buenos Aires;Residuos;5B. Tratamiento biológico de residuos sólidos;CH4;1363.5;38177.96
2010;Ciudad Autónoma de Buenos Aires;Residuos;5D. Tratamiento y eliminación de aguas residuales;CH4;7597.6;212732.73
2010;Buenos Aires;Residuos;5D. Tratamiento y eliminación de aguas residuales;CH4;60550.31;1695408.67
2010;Catamarca;Residuos;5D. Tratamiento y eliminación de aguas residuales;CH4;1241.53;34762.77
2010;Chaco;Residuos;5D. Tratamiento y eliminación de aguas residuales;CH4;3556.39;99578.85
2010;Chubut;Residuos;5D. Tratamiento y eliminación de aguas residuales;CH4;1475.17;41304.74
2010;Córdoba;Residuos;5D. Tratamiento y eliminación de aguas residuales;CH4;11964.29;335000.08
2010;Corrientes;Residuos;5D. Tratamiento y eliminación de aguas residuales;CH4;3410.75;95501.12
2010;Entre Ríos;Residuos;5D. Tratamiento y eliminación de aguas residuales;CH4;4106.6;114984.76
2010;Formosa;Residuos;5D. Tratamiento y eliminación de aguas residuales;CH4;1904.86;53336.09
2010;Jujuy;Residuos;5D. Tratamiento y eliminación de aguas residuales;CH4;2254.52;63126.48
2010;La Pampa;Residuos;5D. Tratamiento y eliminación de aguas residuales;CH4;1054.17;29516.76
2010;La Rioja;Residuos;5D. Tratamiento y eliminación de aguas residuales;CH4;1106.02;30968.42
2010;Mendoza;Residuos;5D. Tratamiento y eliminación de aguas residuales;CH4;5465.58;153036.26
2010;Misiones;Residuos;5D. Tratamiento y eliminación de aguas residuales;CH4;3965.98;111047.41
2010;Neuquén;Residuos;5D. Tratamiento y eliminación de aguas residuales;CH4;1740.26;48727.31
2010;Río Negro;Residuos;5D. Tratamiento y eliminación de aguas residuales;CH4;2153.21;60289.95
2010;Salta;Residuos;5D. Tratamiento y eliminación de aguas residuales;CH4;3542.64;99194.0
2010;San Juan;Residuos;5D. Tratamiento y eliminación de aguas residuales;CH4;2479.14;69415.91
2010;San Luis;Residuos;5D. Tratamiento y eliminación de aguas residuales;CH4;1392.74;38996.81
2010;Santa Cruz;Residuos;5D. Tratamiento y eliminación de aguas residuales;CH4;784.19;21957.37
2010;Santa Fe;Residuos;5D. Tratamiento y eliminación de aguas residuales;CH4;12347.15;345720.3
2010;Santiago del Estero;Residuos;5D. Tratamiento y eliminación de aguas residuales;CH4;2910.93;81506.02
2010;Tierra del Fuego, Antártida e Islas del Atlántico Sur;Residuos;5D. Tratamiento y eliminación de aguas residuales;CH4;358.8;10046.49
2010;Tucumán;Residuos;5D. Tratamiento y eliminación de aguas residuales;CH4;5471.71;153207.91
2011;Ciudad Autónoma de Buenos Aires;Residuos;5D. Tratamiento y eliminación de aguas residuales;CH4;7974.8;223294.32
2011;Buenos Aires;Residuos;5D. Tratamiento y eliminación de aguas residuales;CH4;61652.89;1726281.0
2011;Catamarca;Residuos;5D. Tratamiento y eliminación de aguas residuales;CH4;1287.84;36059.42
2011;Chaco;Residuos;5D. Tratamiento y eliminación de aguas residuales;CH4;3682.32;103104.87
2011;Chubut;Residuos;5D. Tratamiento y eliminación de aguas residuales;CH4;1518.9;42529.26
2011;Córdoba;Residuos;5D. Tratamiento y eliminación de aguas residuales;CH4;12336.35;345417.66
2011;Corrientes;Residuos;5D. Tratamiento y eliminación de aguas residuales;CH4;3533.26;98931.42
2011;Entre Ríos;Residuos;5D. Tratamiento y eliminación de aguas residuales;CH4;4215.41;118031.5
2011;Formosa;Residuos;5D. Tratamiento y eliminación de aguas residuales;CH4;2002.09;56058.52
2011;Jujuy;Residuos;5D. Tratamiento y eliminación de aguas residuales;CH4;2318.38;64914.59
2011;La Pampa;Residuos;5D. Tratamiento y eliminación de aguas residuales;CH4;1091.57;30564.07
2011;La Rioja;Residuos;5D. Tratamiento y eliminación de aguas residuales;CH4;1151.93;32254.16
2011;Mendoza;Residuos;5D. Tratamiento y eliminación de aguas residuales;CH4;5648.84;158167.54
2011;Misiones;Residuos;5D. Tratamiento y eliminación de aguas residuales;CH4;4063.92;113789.85
2011;Neuquén;Residuos;5D. Tratamiento y eliminación de aguas residuales;CH4;1836.4;51419.18
2011;Río Negro;Residuos;5D. Tratamiento y eliminación de aguas residuales;CH4;2220.11;62163.0
2011;Salta;Residuos;5D. Tratamiento y eliminación de aguas residuales;CH4;3670.03;102760.91
2011;San Juan;Residuos;5D. Tratamiento y eliminación de aguas residuales;CH4;2565.04;71821.01
2011;San Luis;Residuos;5D. Tratamiento y eliminación de aguas residuales;CH4;1451.13;40631.69
2011;Santa Cruz;Residuos;5D. Tratamiento y eliminación de aguas residuales;CH4;814.1;22794.9
2011;Santa Fe;Residuos;5D. Tratamiento y eliminación de aguas residuales;CH4;12698.38;355554.57
2011;Santiago del Estero;Residuos;5D. Tratamiento y eliminación de aguas residuales;CH4;2960.23;82886.48
2011;Tierra del Fuego, Antártida e Islas del Atlántico Sur;Residuos;5D. Tratamiento y eliminación de aguas residuales;CH4;382.88;10720.73
2011;Tucumán;Residuos;5D. Tratamiento y eliminación de aguas residuales;CH4;5705.0;159739.98
2012;Ciudad Autónoma de Buenos Aires;Residuos;5D. Tratamiento y eliminación de aguas residuales;CH4;7988.52;223678.61
2012;Buenos Aires;Residuos;5D. Tratamiento y eliminación de aguas residuales;CH4;62393.1;1747006.76
2012;Catamarca;Residuos;5D. Tratamiento y eliminación de aguas residuales;CH4;1300.87;36424.22
2012;Chaco;Residuos;5D. Tratamiento y eliminación de aguas residuales;CH4;3724.97;104299.05
2012;Chubut;Residuos;5D. Tratamiento y eliminación de aguas residuales;CH4;1550.03;43400.93
2012;Córdoba;Residuos;5D. Tratamiento y eliminación de aguas residuales;CH4;12477.0;349356.01
2012;Corrientes;Residuos;5D. Tratamiento y eliminación de aguas residuales;CH4;3569.48;99945.32
2012;Entre Ríos;Residuos;5D. Tratamiento y eliminación de aguas residuales;CH4;4259.22;119258.29
2012;Formosa;Residuos;5D. Tratamiento y eliminación de aguas residuales;CH4;2022.11;56618.98
2012;Jujuy;Residuos;5D. Tratamiento y eliminación de aguas residuales;CH4;2348.09;65746.49
2012;La Pampa;Residuos;5D. Tratamiento y eliminación de aguas residuales;CH4;1102.24;30862.8
2012;La Rioja;Residuos;5D. Tratamiento y eliminación de aguas residuales;CH4;1168.45;32716.58
2012;Mendoza;Residuos;5D. Tratamiento y eliminación de aguas residuales;CH4;5719.16;160136.5
2012;Misiones;Residuos;5D. Tratamiento y eliminación de aguas residuales;CH4;4119.33;115341.35
2012;Neuquén;Residuos;5D. Tratamiento y eliminación de aguas residuales;CH4;1867.03;52276.76
2012;Río Negro;Residuos;5D. Tratamiento y eliminación de aguas residuales;CH4;2254.42;63123.74
2012;Salta;Residuos;5D. Tratamiento y eliminación de aguas residuales;CH4;3725.31;104308.8
2012;San Juan;Residuos;5D. Tratamiento y eliminación de aguas residuales;CH4;2596.3;72696.33
2012;San Luis;Residuos;5D. Tratamiento y eliminación de aguas residuales;CH4;1472.04;41217.13
2012;Santa Cruz;Residuos;5D. Tratamiento y eliminación de aguas residuales;CH4;839.85;23515.66
2012;Santa Fe;Residuos;5D. Tratamiento y eliminación de aguas residuales;CH4;12805.84;358563.58
2012;Santiago del Estero;Residuos;5D. Tratamiento y eliminación de aguas residuales;CH4;2992.45;83788.73
2012;Tierra del Fuego, Antártida e Islas del Atlántico Sur;Residuos;5D. Tratamiento y eliminación de aguas residuales;CH4;394.48;11045.33
2012;Tucumán;Residuos;5D. Tratamiento y eliminación de aguas residuales;CH4;5783.43;161935.92
2013;Ciudad Autónoma de Buenos Aires;Residuos;5D. Tratamiento y eliminación de aguas residuales;CH4;8002.23;224062.54
2013;Buenos Aires;Residuos;5D. Tratamiento y eliminación de aguas residuales;CH4;63125.44;1767512.25
2013;Catamarca;Residuos;5D. Tratamiento y eliminación de aguas residuales;CH4;1313.85;36787.89
2013;Chaco;Residuos;5D. Tratamiento y eliminación de aguas residuales;CH4;3767.68;105494.93
2013;Chubut;Residuos;5D. Tratamiento y eliminación de aguas residuales;CH4;1581.07;44269.93
2013;Córdoba;Residuos;5D. Tratamiento y eliminación de aguas residuales;CH4;12618.0;353304.08
2013;Corrientes;Residuos;5D. Tratamiento y eliminación de aguas residuales;CH4;3605.69;100959.31
2013;Entre Ríos;Residuos;5D. Tratamiento y eliminación de aguas residuales;CH4;4303.05;120485.36
2013;Formosa;Residuos;5D. Tratamiento y eliminación de aguas residuales;CH4;2042.0;57176.02
2013;Jujuy;Residuos;5D. Tratamiento y eliminación de aguas residuales;CH4;2377.79;66578.01
2013;La Pampa;Residuos;5D. Tratamiento y eliminación de aguas residuales;CH4;1112.85;31159.86
2013;La Rioja;Residuos;5D. Tratamiento y eliminación de aguas residuales;CH4;1185.16;33184.39
2013;Mendoza;Residuos;5D. Tratamiento y eliminación de aguas residuales;CH4;5788.95;162090.67
2013;Misiones;Residuos;5D. Tratamiento y eliminación de aguas residuales;CH4;4174.26;116879.25
2013;Neuquén;Residuos;5D. Tratamiento y eliminación de aguas residuales;CH4;1897.27;53123.64
2013;Río Negro;Residuos;5D. Tratamiento y eliminación de aguas residuales;CH4;2288.59;64080.42
2013;Salta;Residuos;5D. Tratamiento y eliminación de aguas residuales;CH4;3780.39;105851.06
2013;San Juan;Residuos;5D. Tratamiento y eliminación de aguas residuales;CH4;2627.57;73571.86
2013;San Luis;Residuos;5D. Tratamiento y eliminación de aguas residuales;CH4;1492.94;41802.29
2013;Santa Cruz;Residuos;5D. Tratamiento y eliminación de aguas residuales;CH4;865.64;24238.03
2013;Santa Fe;Residuos;5D. Tratamiento y eliminación de aguas residuales;CH4;12914.13;361595.54
2013;Santiago del Estero;Residuos;5D. Tratamiento y eliminación de aguas residuales;CH4;3025.04;84701.15
2013;Tierra del Fuego, Antártida e Islas del Atlántico Sur;Residuos;5D. Tratamiento y eliminación de aguas residuales;CH4;406.14;11371.91
2013;Tucumán;Residuos;5D. Tratamiento y eliminación de aguas residuales;CH4;5861.91;164133.35
2014;Ciudad Autónoma de Buenos Aires;Residuos;5D. Tratamiento y eliminación de aguas residuales;CH4;8015.78;224441.84
2014;Buenos Aires;Residuos;5D. Tratamiento y eliminación de aguas residuales;CH4;63848.36;1787753.96
2014;Catamarca;Residuos;5D. Tratamiento y eliminación de aguas residuales;CH4;1326.79;37150.04
2014;Chaco;Residuos;5D. Tratamiento y eliminación de aguas residuales;CH4;3810.33;106689.11
2014;Chubut;Residuos;5D. Tratamiento y eliminación de aguas residuales;CH4;1611.97;45135.04
2014;Córdoba;Residuos;5D. Tratamiento y eliminación de aguas residuales;CH4;12759.08;357254.37
2014;Corrientes;Residuos;5D. Tratamiento y eliminación de aguas residuales;CH4;3641.81;101970.61
2014;Entre Ríos;Residuos;5D. Tratamiento y eliminación de aguas residuales;CH4;4346.8;121710.47
2014;Formosa;Residuos;5D. Tratamiento y eliminación de aguas residuales;CH4;2061.73;57728.54
2014;Jujuy;Residuos;5D. Tratamiento y eliminación de aguas residuales;CH4;2407.42;67407.75
2014;La Pampa;Residuos;5D. Tratamiento y eliminación de aguas residuales;CH4;1123.39;31454.98
2014;La Rioja;Residuos;5D. Tratamiento y eliminación de aguas residuales;CH4;1202.03;33656.75
2014;Mendoza;Residuos;5D. Tratamiento y eliminación de aguas residuales;CH4;5858.09;164026.45
2014;Misiones;Residuos;5D. Tratamiento y eliminación de aguas residuales;CH4;4228.61;118401.12
2014;Neuquén;Residuos;5D. Tratamiento y eliminación de aguas residuales;CH4;1927.09;53958.59
2014;Río Negro;Residuos;5D. Tratamiento y eliminación de aguas residuales;CH4;2322.56;65031.62
2014;Salta;Residuos;5D. Tratamiento y eliminación de aguas residuales;CH4;3835.18;107385.15
2014;San Juan;Residuos;5D. Tratamiento y eliminación de aguas residuales;CH4;2658.79;74446.17
2014;San Luis;Residuos;5D. Tratamiento y eliminación de aguas residuales;CH4;1513.81;42386.64
2014;Santa Cruz;Residuos;5D. Tratamiento y eliminación de aguas residuales;CH4;891.47;24961.27
2014;Santa Fe;Residuos;5D. Tratamiento y eliminación de aguas residuales;CH4;13022.88;364640.59
2014;Santiago del Estero;Residuos;5D. Tratamiento y eliminación de aguas residuales;CH4;3057.94;85622.42
2014;Tierra del Fuego, Antártida e Islas del Atlántico Sur;Residuos;5D. Tratamiento y eliminación de aguas residuales;CH4;417.86;11700.14
2014;Tucumán;Residuos;5D. Tratamiento y eliminación de aguas residuales;CH4;5940.29;166328.02
2015;Ciudad Autónoma de Buenos Aires;Residuos;5D. Tratamiento y eliminación de aguas residuales;CH4;8029.02;224812.66
2015;Buenos Aires;Residuos;5D. Tratamiento y eliminación de aguas residuales;CH4;64560.55;1807695.33
2015;Catamarca;Residuos;5D. Tratamiento y eliminación de aguas residuales;CH4;1339.64;37509.84
2015;Chaco;Residuos;5D. Tratamiento y eliminación de aguas residuales;CH4;3852.77;107877.44
2015;Chubut;Residuos;5D. Tratamiento y eliminación de aguas residuales;CH4;1642.69;45995.28
2015;Córdoba;Residuos;5D. Tratamiento y eliminación de aguas residuales;CH4;12899.98;361199.5
2015;Corrientes;Residuos;5D. Tratamiento y eliminación de aguas residuales;CH4;3677.71;102975.76
2015;Entre Ríos;Residuos;5D. Tratamiento y eliminación de aguas residuales;CH4;4390.41;122931.5
2015;Formosa;Residuos;5D. Tratamiento y eliminación de aguas residuales;CH4;2081.23;58274.51
2015;Jujuy;Residuos;5D. Tratamiento y eliminación de aguas residuales;CH4;2436.92;68233.65
2015;La Pampa;Residuos;5D. Tratamiento y eliminación de aguas residuales;CH4;1133.84;31747.51
2015;La Rioja;Residuos;5D. Tratamiento y eliminación de aguas residuales;CH4;1219.01;34132.26
2015;Mendoza;Residuos;5D. Tratamiento y eliminación de aguas residuales;CH4;5926.42;165939.88
2015;Misiones;Residuos;5D. Tratamiento y eliminación de aguas residuales;CH4;4282.27;119903.54
2015;Neuquén;Residuos;5D. Tratamiento y eliminación de aguas residuales;CH4;1956.44;54780.28
2015;Río Negro;Residuos;5D. Tratamiento y eliminación de aguas residuales;CH4;2356.28;65975.75
2015;Salta;Residuos;5D. Tratamiento y eliminación de aguas residuales;CH4;3889.56;108907.56
2015;San Juan;Residuos;5D. Tratamiento y eliminación de aguas residuales;CH4;2689.92;75317.72
2015;San Luis;Residuos;5D. Tratamiento y eliminación de aguas residuales;CH4;1534.63;42969.55
2015;Santa Cruz;Residuos;5D. Tratamiento y eliminación de aguas residuales;CH4;917.31;25684.6
2015;Santa Fe;Residuos;5D. Tratamiento y eliminación de aguas residuales;CH4;13131.75;367688.89
2015;Santiago del Estero;Residuos;5D. Tratamiento y eliminación de aguas residuales;CH4;3091.08;86550.31
2015;Tierra del Fuego, Antártida e Islas del Atlántico Sur;Residuos;5D. Tratamiento y eliminación de aguas residuales;CH4;429.64;12029.8
2015;Tucumán;Residuos;5D. Tratamiento y eliminación de aguas residuales;CH4;6018.4;168515.07
2016;Ciudad Autónoma de Buenos Aires;Residuos;5D. Tratamiento y eliminación de aguas residuales;CH4;8041.79;225170.02
2016;Buenos Aires;Residuos;5D. Tratamiento y eliminación de aguas residuales;CH4;65262.75;1827356.98
2016;Catamarca;Residuos;5D. Tratamiento y eliminación de aguas residuales;CH4;1352.41;37867.36
2016;Chaco;Residuos;5D. Tratamiento y eliminación de aguas residuales;CH4;3894.97;109059.07
2016;Chubut;Residuos;5D. Tratamiento y eliminación de aguas residuales;CH4;1673.24;46850.73
2016;Córdoba;Residuos;5D. Tratamiento y eliminación de aguas residuales;CH4;13040.59;365136.43
2016;Corrientes;Residuos;5D. Tratamiento y eliminación de aguas residuales;CH4;3713.35;103973.68
2016;Entre Ríos;Residuos;5D. Tratamiento y eliminación de aguas residuales;CH4;4433.85;124147.77
2016;Formosa;Residuos;5D. Tratamiento y eliminación de aguas residuales;CH4;2100.51;58814.15
2016;Jujuy;Residuos;5D. Tratamiento y eliminación de aguas residuales;CH4;2466.25;69055.13
2016;La Pampa;Residuos;5D. Tratamiento y eliminación de aguas residuales;CH4;1144.2;32037.63
2016;La Rioja;Residuos;5D. Tratamiento y eliminación de aguas residuales;CH4;1236.08;34610.38
2016;Mendoza;Residuos;5D. Tratamiento y eliminación de aguas residuales;CH4;5993.98;167831.48
2016;Misiones;Residuos;5D. Tratamiento y eliminación de aguas residuales;CH4;4335.32;121389.02
2016;Neuquén;Residuos;5D. Tratamiento y eliminación de aguas residuales;CH4;1985.33;55589.24
2016;Río Negro;Residuos;5D. Tratamiento y eliminación de aguas residuales;CH4;2389.74;66912.7
2016;Salta;Residuos;5D. Tratamiento y eliminación de aguas residuales;CH4;3943.56;110419.68
2016;San Juan;Residuos;5D. Tratamiento y eliminación de aguas residuales;CH4;2720.97;76187.03
2016;San Luis;Residuos;5D. Tratamiento y eliminación de aguas residuales;CH4;1555.39;43550.93
2016;Santa Cruz;Residuos;5D. Tratamiento y eliminación de aguas residuales;CH4;943.15;26408.33
2016;Santa Fe;Residuos;5D. Tratamiento y eliminación de aguas residuales;CH4;13240.45;370732.54
2016;Santiago del Estero;Residuos;5D. Tratamiento y eliminación de aguas residuales;CH4;3124.43;87483.99
2016;Tierra del Fuego, Antártida e Islas del Atlántico Sur;Residuos;5D. Tratamiento y eliminación de aguas residuales;CH4;441.46;12360.88
2016;Tucumán;Residuos;5D. Tratamiento y eliminación de aguas residuales;CH4;6096.22;170694.19
2017;Ciudad Autónoma de Buenos Aires;Residuos;5D. Tratamiento y eliminación de aguas residuales;CH4;8053.89;225509.05
2017;Buenos Aires;Residuos;5D. Tratamiento y eliminación de aguas residuales;CH4;65955.93;1846766.13
2017;Catamarca;Residuos;5D. Tratamiento y eliminación de aguas residuales;CH4;1365.08;38222.24
2017;Chaco;Residuos;5D. Tratamiento y eliminación de aguas residuales;CH4;3936.9;110233.15
2017;Chubut;Residuos;5D. Tratamiento y eliminación de aguas residuales;CH4;1703.64;47701.8
2017;Córdoba;Residuos;5D. Tratamiento y eliminación de aguas residuales;CH4;13180.81;369062.73
2017;Corrientes;Residuos;5D. Tratamiento y eliminación de aguas residuales;CH4;3748.68;104963.05
2017;Entre Ríos;Residuos;5D. Tratamiento y eliminación de aguas residuales;CH4;4477.1;125358.93
2017;Formosa;Residuos;5D. Tratamiento y eliminación de aguas residuales;CH4;2119.56;59347.55
2017;Jujuy;Residuos;5D. Tratamiento y eliminación de aguas residuales;CH4;2495.42;69871.75
2017;La Pampa;Residuos;5D. Tratamiento y eliminación de aguas residuales;CH4;1154.47;32325.26
2017;La Rioja;Residuos;5D. Tratamiento y eliminación de aguas residuales;CH4;1253.22;35090.07
2017;Mendoza;Residuos;5D. Tratamiento y eliminación de aguas residuales;CH4;6060.8;169702.4
2017;Misiones;Residuos;5D. Tratamiento y eliminación de aguas residuales;CH4;4387.85;122859.68
2017;Neuquén;Residuos;5D. Tratamiento y eliminación de aguas residuales;CH4;2013.79;56386.18
2017;Río Negro;Residuos;5D. Tratamiento y eliminación de aguas residuales;CH4;2422.94;67842.28
2017;Salta;Residuos;5D. Tratamiento y eliminación de aguas residuales;CH4;3997.25;111922.97
2017;San Juan;Residuos;5D. Tratamiento y eliminación de aguas residuales;CH4;2751.93;77053.99
2017;San Luis;Residuos;5D. Tratamiento y eliminación de aguas residuales;CH4;1576.1;44130.86
2017;Santa Cruz;Residuos;5D. Tratamiento y eliminación de aguas residuales;CH4;969.04;27133.1
2017;Santa Fe;Residuos;5D. Tratamiento y eliminación de aguas residuales;CH4;13348.74;373764.71
2017;Santiago del Estero;Residuos;5D. Tratamiento y eliminación de aguas residuales;CH4;3157.94;88422.42
2017;Tierra del Fuego, Antártida e Islas del Atlántico Sur;Residuos;5D. Tratamiento y eliminación de aguas residuales;CH4;453.34;12693.46
2017;Tucumán;Residuos;5D. Tratamiento y eliminación de aguas residuales;CH4;6173.74;172864.64
2018;Ciudad Autónoma de Buenos Aires;Residuos;5D. Tratamiento y eliminación de aguas residuales;CH4;8065.24;225826.66
2018;Buenos Aires;Residuos;5D. Tratamiento y eliminación de aguas residuales;CH4;66639.46;1865904.77
2018;Catamarca;Residuos;5D. Tratamiento y eliminación de aguas residuales;CH4;1377.63;38573.71
2018;Chaco;Residuos;5D. Tratamiento y eliminación de aguas residuales;CH4;3978.39;111394.96
2018;Chubut;Residuos;5D. Tratamiento y eliminación de aguas residuales;CH4;1733.84;48547.52
2018;Córdoba;Residuos;5D. Tratamiento y eliminación de aguas residuales;CH4;13320.44;372972.33
2018;Corrientes;Residuos;5D. Tratamiento y eliminación de aguas residuales;CH4;3783.54;105939.23
2018;Entre Ríos;Residuos;5D. Tratamiento y eliminación de aguas residuales;CH4;4520.08;126562.28
2018;Formosa;Residuos;5D. Tratamiento y eliminación de aguas residuales;CH4;2138.29;59871.99
2018;Jujuy;Residuos;5D. Tratamiento y eliminación de aguas residuales;CH4;2524.35;70681.7
2018;La Pampa;Residuos;5D. Tratamiento y eliminación de aguas residuales;CH4;1164.65;32610.2
2018;La Rioja;Residuos;5D. Tratamiento y eliminación de aguas residuales;CH4;1270.37;35570.22
2018;Mendoza;Residuos;5D. Tratamiento y eliminación de aguas residuales;CH4;6126.77;171549.56
2018;Misiones;Residuos;5D. Tratamiento y eliminación de aguas residuales;CH4;4439.71;124311.9
2018;Neuquén;Residuos;5D. Tratamiento y eliminación de aguas residuales;CH4;2041.8;57170.3
2018;Río Negro;Residuos;5D. Tratamiento y eliminación de aguas residuales;CH4;2455.83;68763.37
2018;Salta;Residuos;5D. Tratamiento y eliminación de aguas residuales;CH4;4050.48;113413.53
2018;San Juan;Residuos;5D. Tratamiento y eliminación de aguas residuales;CH4;2782.76;77917.29
2018;San Luis;Residuos;5D. Tratamiento y eliminación de aguas residuales;CH4;1596.73;44708.54
2018;Santa Cruz;Residuos;5D. Tratamiento y eliminación de aguas residuales;CH4;994.95;27858.5
2018;Santa Fe;Residuos;5D. Tratamiento y eliminación de aguas residuales;CH4;13456.34;376777.62
2018;Santiago del Estero;Residuos;5D. Tratamiento y eliminación de aguas residuales;CH4;3191.51;89362.34
2018;Tierra del Fuego, Antártida e Islas del Atlántico Sur;Residuos;5D. Tratamiento y eliminación de aguas residuales;CH4;465.25;13027.06
2018;Tucumán;Residuos;5D. Tratamiento y eliminación de aguas residuales;CH4;6250.8;175022.39
2019;Ciudad Autónoma de Buenos Aires;Residuos;5D. Tratamiento y eliminación de aguas residuales;CH4;8075.72;226120.06
2019;Buenos Aires;Residuos;5D. Tratamiento y eliminación de aguas residuales;CH4;67312.76;1884757.4
2019;Catamarca;Residuos;5D. Tratamiento y eliminación de aguas residuales;CH4;1390.03;38920.75
2019;Chaco;Residuos;5D. Tratamiento y eliminación de aguas residuales;CH4;4019.3;112540.45
2019;Chubut;Residuos;5D. Tratamiento y eliminación de aguas residuales;CH4;1763.83;49387.15
2019;Córdoba;Residuos;5D. Tratamiento y eliminación de aguas residuales;CH4;13459.27;376859.55
2019;Corrientes;Residuos;5D. Tratamiento y eliminación de aguas residuales;CH4;3817.8;106898.29
2019;Entre Ríos;Residuos;5D. Tratamiento y eliminación de aguas residuales;CH4;4562.7;127755.58
2019;Formosa;Residuos;5D. Tratamiento y eliminación de aguas residuales;CH4;2156.61;60385.07
2019;Jujuy;Residuos;5D. Tratamiento y eliminación de aguas residuales;CH4;2552.97;71483.22
2019;La Pampa;Residuos;5D. Tratamiento y eliminación de aguas residuales;CH4;1174.71;32891.9
2019;La Rioja;Residuos;5D. Tratamiento y eliminación de aguas residuales;CH4;1287.49;36049.73
2019;Mendoza;Residuos;5D. Tratamiento y eliminación de aguas residuales;CH4;6191.8;173370.32
2019;Misiones;Residuos;5D. Tratamiento y eliminación de aguas residuales;CH4;4490.78;125741.83
2019;Neuquén;Residuos;5D. Tratamiento y eliminación de aguas residuales;CH4;2069.31;57940.81
2019;Río Negro;Residuos;5D. Tratamiento y eliminación de aguas residuales;CH4;2488.39;69675.02
2019;Salta;Residuos;5D. Tratamiento y eliminación de aguas residuales;CH4;4103.14;114887.99
2019;San Juan;Residuos;5D. Tratamiento y eliminación de aguas residuales;CH4;2813.38;78774.68
2019;San Luis;Residuos;5D. Tratamiento y eliminación de aguas residuales;CH4;1617.26;45283.24
2019;Santa Cruz;Residuos;5D. Tratamiento y eliminación de aguas residuales;CH4;1020.86;28584.16
2019;Santa Fe;Residuos;5D. Tratamiento y eliminación de aguas residuales;CH4;13563.02;379764.45
2019;Santiago del Estero;Residuos;5D. Tratamiento y eliminación de aguas residuales;CH4;3225.01;90300.31
2019;Tierra del Fuego, Antártida e Islas del Atlántico Sur;Residuos;5D. Tratamiento y eliminación de aguas residuales;CH4;477.21;13361.85
2019;Tucumán;Residuos;5D. Tratamiento y eliminación de aguas residuales;CH4;6327.25;177163.0
2020;Ciudad Autónoma de Buenos Aires;Residuos;5D. Tratamiento y eliminación de aguas residuales;CH4;8085.22;226386.29
2020;Buenos Aires;Residuos;5D. Tratamiento y eliminación de aguas residuales;CH4;67975.41;1903311.53
2020;Catamarca;Residuos;5D. Tratamiento y eliminación de aguas residuales;CH4;1402.23;39262.3
2020;Chaco;Residuos;5D. Tratamiento y eliminación de aguas residuales;CH4;4059.49;113665.75
2020;Chubut;Residuos;5D. Tratamiento y eliminación de aguas residuales;CH4;1793.57;50219.96
2020;Córdoba;Residuos;5D. Tratamiento y eliminación de aguas residuales;CH4;13597.1;380718.72
2020;Corrientes;Residuos;5D. Tratamiento y eliminación de aguas residuales;CH4;3851.3;107836.27
2020;Entre Ríos;Residuos;5D. Tratamiento y eliminación de aguas residuales;CH4;4604.87;128936.22
2020;Formosa;Residuos;5D. Tratamiento y eliminación de aguas residuales;CH4;2174.45;60884.46
2020;Jujuy;Residuos;5D. Tratamiento y eliminación de aguas residuales;CH4;2581.24;72274.62
2020;La Pampa;Residuos;5D. Tratamiento y eliminación de aguas residuales;CH4;1184.65;33170.09
2020;La Rioja;Residuos;5D. Tratamiento y eliminación de aguas residuales;CH4;1304.55;36527.28
2020;Mendoza;Residuos;5D. Tratamiento y eliminación de aguas residuales;CH4;6255.78;175161.77
2020;Misiones;Residuos;5D. Tratamiento y eliminación de aguas residuales;CH4;4540.94;127146.26
2020;Neuquén;Residuos;5D. Tratamiento y eliminación de aguas residuales;CH4;2096.32;58697.09
2020;Río Negro;Residuos;5D. Tratamiento y eliminación de aguas residuales;CH4;2520.59;70576.57
2020;Salta;Residuos;5D. Tratamiento y eliminación de aguas residuales;CH4;4155.1;116342.94
2020;San Juan;Residuos;5D. Tratamiento y eliminación de aguas residuales;CH4;2843.74;79624.83
2020;San Luis;Residuos;5D. Tratamiento y eliminación de aguas residuales;CH4;1637.64;45854.06
2020;Santa Cruz;Residuos;5D. Tratamiento y eliminación de aguas residuales;CH4;1046.77;29309.56
2020;Santa Fe;Residuos;5D. Tratamiento y eliminación de aguas residuales;CH4;13668.55;382719.46
2020;Santiago del Estero;Residuos;5D. Tratamiento y eliminación de aguas residuales;CH4;3258.33;91233.24
2020;Tierra del Fuego, Antártida e Islas del Atlántico Sur;Residuos;5D. Tratamiento y eliminación de aguas residuales;CH4;489.19;13697.43
2020;Tucumán;Residuos;5D. Tratamiento y eliminación de aguas residuales;CH4;6402.94;179282.46
2021;Ciudad Autónoma de Buenos Aires;Residuos;5D. Tratamiento y eliminación de aguas residuales;CH4;8093.61;226621.09
2021;Buenos Aires;Residuos;5D. Tratamiento y eliminación de aguas residuales;CH4;68628.22;1921590.05
2021;Catamarca;Residuos;5D. Tratamiento y eliminación de aguas residuales;CH4;1414.22;39598.09
2021;Chaco;Residuos;5D. Tratamiento y eliminación de aguas residuales;CH4;4098.94;114770.38
2021;Chubut;Residuos;5D. Tratamiento y eliminación de aguas residuales;CH4;1823.09;51046.45
2021;Córdoba;Residuos;5D. Tratamiento y eliminación de aguas residuales;CH4;13733.81;384546.82
2021;Corrientes;Residuos;5D. Tratamiento y eliminación de aguas residuales;CH4;3884.0;108752.13
2021;Entre Ríos;Residuos;5D. Tratamiento y eliminación de aguas residuales;CH4;4646.56;130103.66
2021;Formosa;Residuos;5D. Tratamiento y eliminación de aguas residuales;CH4;2191.78;61369.98
2021;Jujuy;Residuos;5D. Tratamiento y eliminación de aguas residuales;CH4;2609.13;73055.7
2021;La Pampa;Residuos;5D. Tratamiento y eliminación de aguas residuales;CH4;1194.45;33444.57
2021;La Rioja;Residuos;5D. Tratamiento y eliminación de aguas residuales;CH4;1321.51;37002.24
2021;Mendoza;Residuos;5D. Tratamiento y eliminación de aguas residuales;CH4;5204.58;145728.27
2021;Misiones;Residuos;5D. Tratamiento y eliminación de aguas residuales;CH4;4590.25;128527.11
2021;Neuquén;Residuos;5D. Tratamiento y eliminación de aguas residuales;CH4;2122.85;59439.93
2021;Río Negro;Residuos;5D. Tratamiento y eliminación de aguas residuales;CH4;2552.43;71467.92
2021;Salta;Residuos;5D. Tratamiento y eliminación de aguas residuales;CH4;4206.42;117779.75
2021;San Juan;Residuos;5D. Tratamiento y eliminación de aguas residuales;CH4;2873.86;80467.94
2021;San Luis;Residuos;5D. Tratamiento y eliminación de aguas residuales;CH4;1657.88;46420.73
2021;Santa Cruz;Residuos;5D. Tratamiento y eliminación de aguas residuales;CH4;1072.7;30035.54
2021;Santa Fe;Residuos;5D. Tratamiento y eliminación de aguas residuales;CH4;13772.8;385638.43
2021;Santiago del Estero;Residuos;5D. Tratamiento y eliminación de aguas residuales;CH4;3291.41;92159.45
2021;Tierra del Fuego, Antártida e Islas del Atlántico Sur;Residuos;5D. Tratamiento y eliminación de aguas residuales;CH4;501.22;14034.28
2021;Tucumán;Residuos;5D. Tratamiento y eliminación de aguas residuales;CH4;6477.87;181380.43
2022;Ciudad Autónoma de Buenos Aires;Residuos;5D. Tratamiento y eliminación de aguas residuales;CH4;8206.31;229776.66
2022;Buenos Aires;Residuos;5D. Tratamiento y eliminación de aguas residuales;CH4;67908.97;1901451.2
2022;Catamarca;Residuos;5D. Tratamiento y eliminación de aguas residuales;CH4;1449.9;40597.14
2022;Chaco;Residuos;5D. Tratamiento y eliminación de aguas residuales;CH4;3806.95;106594.55
2022;Chubut;Residuos;5D. Tratamiento y eliminación de aguas residuales;CH4;1717.15;48080.28
2022;Córdoba;Residuos;5D. Tratamiento y eliminación de aguas residuales;CH4;13888.01;388864.22
2022;Corrientes;Residuos;5D. Tratamiento y eliminación de aguas residuales;CH4;4167.07;116677.82
2022;Entre Ríos;Residuos;5D. Tratamiento y eliminación de aguas residuales;CH4;4736.49;132621.8
2022;Formosa;Residuos;5D. Tratamiento y eliminación de aguas residuales;CH4;2182.44;61108.41
2022;Jujuy;Residuos;5D. Tratamiento y eliminación de aguas residuales;CH4;2717.62;76093.29
2022;La Pampa;Residuos;5D. Tratamiento y eliminación de aguas residuales;CH4;1195.99;33487.6
2022;La Rioja;Residuos;5D. Tratamiento y eliminación de aguas residuales;CH4;1272.5;35630.09
2022;Mendoza;Residuos;5D. Tratamiento y eliminación de aguas residuales;CH4;5303.44;148496.19
2022;Misiones;Residuos;5D. Tratamiento y eliminación de aguas residuales;CH4;4604.23;128918.34
2022;Neuquén;Residuos;5D. Tratamiento y eliminación de aguas residuales;CH4;2243.93;62830.01
2022;Río Negro;Residuos;5D. Tratamiento y eliminación de aguas residuales;CH4;2531.24;70874.69
2022;Salta;Residuos;5D. Tratamiento y eliminación de aguas residuales;CH4;4204.56;117727.72
2022;San Juan;Residuos;5D. Tratamiento y eliminación de aguas residuales;CH4;2995.3;83868.54
2022;San Luis;Residuos;5D. Tratamiento y eliminación de aguas residuales;CH4;1746.35;48897.69
2022;Santa Cruz;Residuos;5D. Tratamiento y eliminación de aguas residuales;CH4;965.27;27027.62
2022;Santa Fe;Residuos;5D. Tratamiento y eliminación de aguas residuales;CH4;13701.37;383638.27
2022;Santiago del Estero;Residuos;5D. Tratamiento y eliminación de aguas residuales;CH4;3533.41;98935.51
2022;Tierra del Fuego, Antártida e Islas del Atlántico Sur;Residuos;5D. Tratamiento y eliminación de aguas residuales;CH4;523.89;14668.87
2022;Tucumán;Residuos;5D. Tratamiento y eliminación de aguas residuales;CH4;6543.36;183214.14
2010;Ciudad Autónoma de Buenos Aires;Residuos;5D. Tratamiento y eliminación de aguas residuales;N2O;238.27;63142.6
2010;Buenos Aires;Residuos;5D. Tratamiento y eliminación de aguas residuales;N2O;1288.19;341369.19
2010;Catamarca;Residuos;5D. Tratamiento y eliminación de aguas residuales;N2O;30.33;8036.13
2010;Chaco;Residuos;5D. Tratamiento y eliminación de aguas residuales;N2O;87.0;23054.78
2010;Chubut;Residuos;5D. Tratamiento y eliminación de aguas residuales;N2O;41.97;11122.74
2010;Córdoba;Residuos;5D. Tratamiento y eliminación de aguas residuales;N2O;272.8;72290.7
2010;Corrientes;Residuos;5D. Tratamiento y eliminación de aguas residuales;N2O;81.83;21685.73
2010;Entre Ríos;Residuos;5D. Tratamiento y eliminación de aguas residuales;N2O;101.9;27003.39
2010;Formosa;Residuos;5D. Tratamiento y eliminación de aguas residuales;N2O;43.71;11582.72
2010;Jujuy;Residuos;5D. Tratamiento y eliminación de aguas residuales;N2O;55.51;14710.08
2010;La Pampa;Residuos;5D. Tratamiento y eliminación de aguas residuales;N2O;26.3;6968.29
2010;La Rioja;Residuos;5D. Tratamiento y eliminación de aguas residuales;N2O;27.51;7289.25
2010;Mendoza;Residuos;5D. Tratamiento y eliminación de aguas residuales;N2O;143.36;37991.27
2010;Misiones;Residuos;5D. Tratamiento y eliminación de aguas residuales;N2O;90.82;24067.06
2010;Neuquén;Residuos;5D. Tratamiento y eliminación de aguas residuales;N2O;45.45;12043.79
2010;Río Negro;Residuos;5D. Tratamiento y eliminación de aguas residuales;N2O;52.65;13952.8
2010;Salta;Residuos;5D. Tratamiento y eliminación de aguas residuales;N2O;100.12;26532.51
2010;San Juan;Residuos;5D. Tratamiento y eliminación de aguas residuales;N2O;56.15;14879.36
2010;San Luis;Residuos;5D. Tratamiento y eliminación de aguas residuales;N2O;35.64;9444.9
2010;Santa Cruz;Residuos;5D. Tratamiento y eliminación de aguas residuales;N2O;22.59;5985.43
2010;Santa Fe;Residuos;5D. Tratamiento y eliminación de aguas residuales;N2O;263.37;69792.68
2010;Santiago del Estero;Residuos;5D. Tratamiento y eliminación de aguas residuales;N2O;72.06;19094.86
2010;Tierra del Fuego, Antártida e Islas del Atlántico Sur;Residuos;5D. Tratamiento y eliminación de aguas residuales;N2O;10.49;2779.11
2010;Tucumán;Residuos;5D. Tratamiento y eliminación de aguas residuales;N2O;119.39;31639.3
2011;Ciudad Autónoma de Buenos Aires;Residuos;5D. Tratamiento y eliminación de aguas residuales;N2O;246.16;65232.6
2011;Buenos Aires;Residuos;5D. Tratamiento y eliminación de aguas residuales;N2O;1290.96;342105.66
2011;Catamarca;Residuos;5D. Tratamiento y eliminación de aguas residuales;N2O;30.96;8204.46
2011;Chaco;Residuos;5D. Tratamiento y eliminación de aguas residuales;N2O;88.66;23494.81
2011;Chubut;Residuos;5D. Tratamiento y eliminación de aguas residuales;N2O;42.54;11271.94
2011;Córdoba;Residuos;5D. Tratamiento y eliminación de aguas residuales;N2O;276.84;73363.65
2011;Corrientes;Residuos;5D. Tratamiento y eliminación de aguas residuales;N2O;83.44;22110.51
2011;Entre Ríos;Residuos;5D. Tratamiento y eliminación de aguas residuales;N2O;102.95;27281.91
2011;Formosa;Residuos;5D. Tratamiento y eliminación de aguas residuales;N2O;45.22;11982.01
2011;Jujuy;Residuos;5D. Tratamiento y eliminación de aguas residuales;N2O;56.18;14888.29
2011;La Pampa;Residuos;5D. Tratamiento y eliminación de aguas residuales;N2O;26.8;7101.78
2011;La Rioja;Residuos;5D. Tratamiento y eliminación de aguas residuales;N2O;28.2;7472.19
2011;Mendoza;Residuos;5D. Tratamiento y eliminación de aguas residuales;N2O;145.83;38646.1
2011;Misiones;Residuos;5D. Tratamiento y eliminación de aguas residuales;N2O;91.59;24272.64
2011;Neuquén;Residuos;5D. Tratamiento y eliminación de aguas residuales;N2O;47.2;12508.78
2011;Río Negro;Residuos;5D. Tratamiento y eliminación de aguas residuales;N2O;53.43;14159.48
2011;Salta;Residuos;5D. Tratamiento y eliminación de aguas residuales;N2O;102.09;27053.27
2011;San Juan;Residuos;5D. Tratamiento y eliminación de aguas residuales;N2O;57.18;15152.19
2011;San Luis;Residuos;5D. Tratamiento y eliminación de aguas residuales;N2O;36.55;9685.72
2011;Santa Cruz;Residuos;5D. Tratamiento y eliminación de aguas residuales;N2O;23.08;6115.78
2011;Santa Fe;Residuos;5D. Tratamiento y eliminación de aguas residuales;N2O;266.59;70646.41
2011;Santiago del Estero;Residuos;5D. Tratamiento y eliminación de aguas residuales;N2O;72.12;19112.14
2011;Tierra del Fuego, Antártida e Islas del Atlántico Sur;Residuos;5D. Tratamiento y eliminación de aguas residuales;N2O;11.01;2918.87
2011;Tucumán;Residuos;5D. Tratamiento y eliminación de aguas residuales;N2O;122.52;32468.2
2012;Ciudad Autónoma de Buenos Aires;Residuos;5D. Tratamiento y eliminación de aguas residuales;N2O;246.37;65288.98
2012;Buenos Aires;Residuos;5D. Tratamiento y eliminación de aguas residuales;N2O;1305.35;345916.87
2012;Catamarca;Residuos;5D. Tratamiento y eliminación de aguas residuales;N2O;31.25;8280.37
2012;Chaco;Residuos;5D. Tratamiento y eliminación de aguas residuales;N2O;89.61;23746.6
2012;Chubut;Residuos;5D. Tratamiento y eliminación de aguas residuales;N2O;43.37;11493.13
2012;Córdoba;Residuos;5D. Tratamiento y eliminación de aguas residuales;N2O;279.76;74136.66
2012;Corrientes;Residuos;5D. Tratamiento y eliminación de aguas residuales;N2O;84.22;22318.0
2012;Entre Ríos;Residuos;5D. Tratamiento y eliminación de aguas residuales;N2O;103.93;27541.9
2012;Formosa;Residuos;5D. Tratamiento y eliminación de aguas residuales;N2O;45.63;12091.46
2012;Jujuy;Residuos;5D. Tratamiento y eliminación de aguas residuales;N2O;56.85;15066.19
2012;La Pampa;Residuos;5D. Tratamiento y eliminación de aguas residuales;N2O;27.04;7165.06
2012;La Rioja;Residuos;5D. Tratamiento y eliminación de aguas residuales;N2O;28.58;7572.84
2012;Mendoza;Residuos;5D. Tratamiento y eliminación de aguas residuales;N2O;147.52;39093.72
2012;Misiones;Residuos;5D. Tratamiento y eliminación de aguas residuales;N2O;92.76;24582.55
2012;Neuquén;Residuos;5D. Tratamiento y eliminación de aguas residuales;N2O;47.95;12706.52
2012;Río Negro;Residuos;5D. Tratamiento y eliminación de aguas residuales;N2O;54.21;14366.02
2012;Salta;Residuos;5D. Tratamiento y eliminación de aguas residuales;N2O;103.54;27437.29
2012;San Juan;Residuos;5D. Tratamiento y eliminación de aguas residuales;N2O;57.83;15323.74
2012;San Luis;Residuos;5D. Tratamiento y eliminación de aguas residuales;N2O;37.04;9816.87
2012;Santa Cruz;Residuos;5D. Tratamiento y eliminación de aguas residuales;N2O;23.79;6303.76
2012;Santa Fe;Residuos;5D. Tratamiento y eliminación de aguas residuales;N2O;268.62;71183.35
2012;Santiago del Estero;Residuos;5D. Tratamiento y eliminación de aguas residuales;N2O;72.84;19303.65
2012;Tierra del Fuego, Antártida e Islas del Atlántico Sur;Residuos;5D. Tratamiento y eliminación de aguas residuales;N2O;11.34;3004.68
2012;Tucumán;Residuos;5D. Tratamiento y eliminación de aguas residuales;N2O;124.1;32886.39
2013;Ciudad Autónoma de Buenos Aires;Residuos;5D. Tratamiento y eliminación de aguas residuales;N2O;208.61;55282.97
2013;Buenos Aires;Residuos;5D. Tratamiento y eliminación de aguas residuales;N2O;1116.35;295832.76
2013;Catamarca;Residuos;5D. Tratamiento y eliminación de aguas residuales;N2O;26.68;7069.21
2013;Chaco;Residuos;5D. Tratamiento y eliminación de aguas residuales;N2O;76.61;20302.96
2013;Chubut;Residuos;5D. Tratamiento y eliminación de aguas residuales;N2O;37.39;9909.57
2013;Córdoba;Residuos;5D. Tratamiento y eliminación de aguas residuales;N2O;239.15;63375.31
2013;Corrientes;Residuos;5D. Tratamiento y eliminación de aguas residuales;N2O;71.91;19056.62
2013;Entre Ríos;Residuos;5D. Tratamiento y eliminación de aguas residuales;N2O;88.76;23520.48
2013;Formosa;Residuos;5D. Tratamiento y eliminación de aguas residuales;N2O;38.95;10321.37
2013;Jujuy;Residuos;5D. Tratamiento y eliminación de aguas residuales;N2O;48.67;12896.39
2013;La Pampa;Residuos;5D. Tratamiento y eliminación de aguas residuales;N2O;23.07;6114.86
2013;La Rioja;Residuos;5D. Tratamiento y eliminación de aguas residuales;N2O;24.5;6492.79
2013;Mendoza;Residuos;5D. Tratamiento y eliminación de aguas residuales;N2O;126.22;33448.87
2013;Misiones;Residuos;5D. Tratamiento y eliminación de aguas residuales;N2O;79.46;21056.49
2013;Neuquén;Residuos;5D. Tratamiento y eliminación de aguas residuales;N2O;41.19;10914.72
2013;Río Negro;Residuos;5D. Tratamiento y eliminación de aguas residuales;N2O;46.52;12327.52
2013;Salta;Residuos;5D. Tratamiento y eliminación de aguas residuales;N2O;88.81;23535.43
2013;San Juan;Residuos;5D. Tratamiento y eliminación de aguas residuales;N2O;49.47;13109.04
2013;San Luis;Residuos;5D. Tratamiento y eliminación de aguas residuales;N2O;31.76;8415.93
2013;Santa Cruz;Residuos;5D. Tratamiento y eliminación de aguas residuales;N2O;20.73;5492.2
2013;Santa Fe;Residuos;5D. Tratamiento y eliminación de aguas residuales;N2O;228.98;60679.5
2013;Santiago del Estero;Residuos;5D. Tratamiento y eliminación de aguas residuales;N2O;62.24;16494.91
2013;Tierra del Fuego, Antártida e Islas del Atlántico Sur;Residuos;5D. Tratamiento y eliminación de aguas residuales;N2O;9.87;2614.92
2013;Tucumán;Residuos;5D. Tratamiento y eliminación de aguas residuales;N2O;106.32;28175.81
2014;Ciudad Autónoma de Buenos Aires;Residuos;5D. Tratamiento y eliminación de aguas residuales;N2O;205.06;54341.62
2014;Buenos Aires;Residuos;5D. Tratamiento y eliminación de aguas residuales;N2O;1108.03;293628.52
2014;Catamarca;Residuos;5D. Tratamiento y eliminación de aguas residuales;N2O;26.44;7005.39
2014;Chaco;Residuos;5D. Tratamiento y eliminación de aguas residuales;N2O;76.03;20149.05
2014;Chubut;Residuos;5D. Tratamiento y eliminación de aguas residuales;N2O;37.41;9914.4
2014;Córdoba;Residuos;5D. Tratamiento y eliminación de aguas residuales;N2O;237.31;62886.25
2014;Corrientes;Residuos;5D. Tratamiento y eliminación de aguas residuales;N2O;71.27;18887.79
2014;Entre Ríos;Residuos;5D. Tratamiento y eliminación de aguas residuales;N2O;87.98;23315.6
2014;Formosa;Residuos;5D. Tratamiento y eliminación de aguas residuales;N2O;38.59;10226.35
2014;Jujuy;Residuos;5D. Tratamiento y eliminación de aguas residuales;N2O;48.35;12813.09
2014;La Pampa;Residuos;5D. Tratamiento y eliminación de aguas residuales;N2O;22.86;6057.41
2014;La Rioja;Residuos;5D. Tratamiento y eliminación de aguas residuales;N2O;24.39;6462.14
2014;Mendoza;Residuos;5D. Tratamiento y eliminación de aguas residuales;N2O;125.34;33215.74
2014;Misiones;Residuos;5D. Tratamiento y eliminación de aguas residuales;N2O;78.99;20932.02
2014;Neuquén;Residuos;5D. Tratamiento y eliminación de aguas residuales;N2O;41.05;10879.07
2014;Río Negro;Residuos;5D. Tratamiento y eliminación de aguas residuales;N2O;46.33;12276.7
2014;Salta;Residuos;5D. Tratamiento y eliminación de aguas residuales;N2O;88.42;23430.3
2014;San Juan;Residuos;5D. Tratamiento y eliminación de aguas residuales;N2O;49.12;13016.91
2014;San Luis;Residuos;5D. Tratamiento y eliminación de aguas residuales;N2O;31.6;8374.09
2014;Santa Cruz;Residuos;5D. Tratamiento y eliminación de aguas residuales;N2O;20.94;5550.38
2014;Santa Fe;Residuos;5D. Tratamiento y eliminación de aguas residuales;N2O;226.59;60046.9
2014;Santiago del Estero;Residuos;5D. Tratamiento y eliminación de aguas residuales;N2O;61.75;16362.69
2014;Tierra del Fuego, Antártida e Islas del Atlántico Sur;Residuos;5D. Tratamiento y eliminación de aguas residuales;N2O;9.96;2640.12
2014;Tucumán;Residuos;5D. Tratamiento y eliminación de aguas residuales;N2O;105.73;28018.94
2015;Ciudad Autónoma de Buenos Aires;Residuos;5D. Tratamiento y eliminación de aguas residuales;N2O;216.08;57260.47
2015;Buenos Aires;Residuos;5D. Tratamiento y eliminación de aguas residuales;N2O;1178.62;312335.31
2015;Catamarca;Residuos;5D. Tratamiento y eliminación de aguas residuales;N2O;28.08;7440.87
2015;Chaco;Residuos;5D. Tratamiento y eliminación de aguas residuales;N2O;80.88;21432.38
2015;Chubut;Residuos;5D. Tratamiento y eliminación de aguas residuales;N2O;40.11;10628.48
2015;Córdoba;Residuos;5D. Tratamiento y eliminación de aguas residuales;N2O;252.4;66885.29
2015;Corrientes;Residuos;5D. Tratamiento y eliminación de aguas residuales;N2O;75.72;20065.34
2015;Entre Ríos;Residuos;5D. Tratamiento y eliminación de aguas residuales;N2O;93.48;24773.49
2015;Formosa;Residuos;5D. Tratamiento y eliminación de aguas residuales;N2O;40.98;10859.6
2015;Jujuy;Residuos;5D. Tratamiento y eliminación de aguas residuales;N2O;51.49;13644.2
2015;La Pampa;Residuos;5D. Tratamiento y eliminación de aguas residuales;N2O;24.27;6431.51
2015;La Rioja;Residuos;5D. Tratamiento y eliminación de aguas residuales;N2O;26.02;6894.05
2015;Mendoza;Residuos;5D. Tratamiento y eliminación de aguas residuales;N2O;133.4;35349.74
2015;Misiones;Residuos;5D. Tratamiento y eliminación de aguas residuales;N2O;84.15;22299.37
2015;Neuquén;Residuos;5D. Tratamiento y eliminación de aguas residuales;N2O;43.84;11618.79
2015;Río Negro;Residuos;5D. Tratamiento y eliminación de aguas residuales;N2O;49.44;13102.28
2015;Salta;Residuos;5D. Tratamiento y eliminación de aguas residuales;N2O;94.33;24997.52
2015;San Juan;Residuos;5D. Tratamiento y eliminación de aguas residuales;N2O;52.28;13853.78
2015;San Luis;Residuos;5D. Tratamiento y eliminación de aguas residuales;N2O;33.7;8930.48
2015;Santa Cruz;Residuos;5D. Tratamiento y eliminación de aguas residuales;N2O;22.67;6008.06
2015;Santa Fe;Residuos;5D. Tratamiento y eliminación de aguas residuales;N2O;240.36;63695.9
2015;Santiago del Estero;Residuos;5D. Tratamiento y eliminación de aguas residuales;N2O;65.66;17399.68
2015;Tierra del Fuego, Antártida e Islas del Atlántico Sur;Residuos;5D. Tratamiento y eliminación de aguas residuales;N2O;10.78;2855.59
2015;Tucumán;Residuos;5D. Tratamiento y eliminación de aguas residuales;N2O;112.69;29862.79
2016;Ciudad Autónoma de Buenos Aires;Residuos;5D. Tratamiento y eliminación de aguas residuales;N2O;212.52;56318.31
2016;Buenos Aires;Residuos;5D. Tratamiento y eliminación de aguas residuales;N2O;1169.98;310044.61
2016;Catamarca;Residuos;5D. Tratamiento y eliminación de aguas residuales;N2O;27.84;7376.47
2016;Chaco;Residuos;5D. Tratamiento y eliminación de aguas residuales;N2O;80.29;21276.81
2016;Chubut;Residuos;5D. Tratamiento y eliminación de aguas residuales;N2O;40.12;10631.13
2016;Córdoba;Residuos;5D. Tratamiento y eliminación de aguas residuales;N2O;250.55;66396.26
2016;Corrientes;Residuos;5D. Tratamiento y eliminación de aguas residuales;N2O;75.07;19894.81
2016;Entre Ríos;Residuos;5D. Tratamiento y eliminación de aguas residuales;N2O;92.71;24567.89
2016;Formosa;Residuos;5D. Tratamiento y eliminación de aguas residuales;N2O;40.61;10762.72
2016;Jujuy;Residuos;5D. Tratamiento y eliminación de aguas residuales;N2O;51.17;13559.71
2016;La Pampa;Residuos;5D. Tratamiento y eliminación de aguas residuales;N2O;24.05;6373.36
2016;La Rioja;Residuos;5D. Tratamiento y eliminación de aguas residuales;N2O;25.9;6864.69
2016;Mendoza;Residuos;5D. Tratamiento y eliminación de aguas residuales;N2O;132.49;35108.62
2016;Misiones;Residuos;5D. Tratamiento y eliminación de aguas residuales;N2O;83.66;22168.94
2016;Neuquén;Residuos;5D. Tratamiento y eliminación de aguas residuales;N2O;43.69;11577.97
2016;Río Negro;Residuos;5D. Tratamiento y eliminación de aguas residuales;N2O;49.24;13048.96
2016;Salta;Residuos;5D. Tratamiento y eliminación de aguas residuales;N2O;93.92;24888.02
2016;San Juan;Residuos;5D. Tratamiento y eliminación de aguas residuales;N2O;51.93;13761.22
2016;San Luis;Residuos;5D. Tratamiento y eliminación de aguas residuales;N2O;33.54;8888.25
2016;Santa Cruz;Residuos;5D. Tratamiento y eliminación de aguas residuales;N2O;22.89;6066.06
2016;Santa Fe;Residuos;5D. Tratamiento y eliminación de aguas residuales;N2O;237.99;63066.19
2016;Santiago del Estero;Residuos;5D. Tratamiento y eliminación de aguas residuales;N2O;65.17;17270.55
2016;Tierra del Fuego, Antártida e Islas del Atlántico Sur;Residuos;5D. Tratamiento y eliminación de aguas residuales;N2O;10.87;2881.32
2016;Tucumán;Residuos;5D. Tratamiento y eliminación de aguas residuales;N2O;112.09;29704.03
2017;Ciudad Autónoma de Buenos Aires;Residuos;5D. Tratamiento y eliminación de aguas residuales;N2O;214.66;56884.62
2017;Buenos Aires;Residuos;5D. Tratamiento y eliminación de aguas residuales;N2O;1192.5;316012.67
2017;Catamarca;Residuos;5D. Tratamiento y eliminación de aguas residuales;N2O;28.34;7509.16
2017;Chaco;Residuos;5D. Tratamiento y eliminación de aguas residuales;N2O;81.85;21689.46
2017;Chubut;Residuos;5D. Tratamiento y eliminación de aguas residuales;N2O;41.19;10916.65
2017;Córdoba;Residuos;5D. Tratamiento y eliminación de aguas residuales;N2O;255.41;67683.13
2017;Corrientes;Residuos;5D. Tratamiento y eliminación de aguas residuales;N2O;76.44;20255.58
2017;Entre Ríos;Residuos;5D. Tratamiento y eliminación de aguas residuales;N2O;94.41;25019.35
2017;Formosa;Residuos;5D. Tratamiento y eliminación de aguas residuales;N2O;41.33;10953.04
2017;Jujuy;Residuos;5D. Tratamiento y eliminación de aguas residuales;N2O;52.22;13837.19
2017;La Pampa;Residuos;5D. Tratamiento y eliminación de aguas residuales;N2O;24.47;6485.48
2017;La Rioja;Residuos;5D. Tratamiento y eliminación de aguas residuales;N2O;26.49;7019.25
2017;Mendoza;Residuos;5D. Tratamiento y eliminación de aguas residuales;N2O;135.11;35803.06
2017;Misiones;Residuos;5D. Tratamiento y eliminación de aguas residuales;N2O;85.39;22629.07
2017;Neuquén;Residuos;5D. Tratamiento y eliminación de aguas residuales;N2O;44.7;11844.21
2017;Río Negro;Residuos;5D. Tratamiento y eliminación de aguas residuales;N2O;50.35;13343.19
2017;Salta;Residuos;5D. Tratamiento y eliminación de aguas residuales;N2O;96.01;25442.21
2017;San Juan;Residuos;5D. Tratamiento y eliminación de aguas residuales;N2O;52.97;14036.63
2017;San Luis;Residuos;5D. Tratamiento y eliminación de aguas residuales;N2O;34.28;9083.5
2017;Santa Cruz;Residuos;5D. Tratamiento y eliminación de aguas residuales;N2O;23.72;6285.75
2017;Santa Fe;Residuos;5D. Tratamiento y eliminación de aguas residuales;N2O;241.98;64124.79
2017;Santiago del Estero;Residuos;5D. Tratamiento y eliminación de aguas residuales;N2O;66.43;17604.83
2017;Tierra del Fuego, Antártida e Islas del Atlántico Sur;Residuos;5D. Tratamiento y eliminación de aguas residuales;N2O;11.26;2984.11
2017;Tucumán;Residuos;5D. Tratamiento y eliminación de aguas residuales;N2O;114.49;30338.53
2018;Ciudad Autónoma de Buenos Aires;Residuos;5D. Tratamiento y eliminación de aguas residuales;N2O;220.85;58524.15
2018;Buenos Aires;Residuos;5D. Tratamiento y eliminación de aguas residuales;N2O;1237.84;328028.13
2018;Catamarca;Residuos;5D. Tratamiento y eliminación de aguas residuales;N2O;29.38;7785.66
2018;Chaco;Residuos;5D. Tratamiento y eliminación de aguas residuales;N2O;84.97;22518.07
2018;Chubut;Residuos;5D. Tratamiento y eliminación de aguas residuales;N2O;43.07;11414.34
2018;Córdoba;Residuos;5D. Tratamiento y eliminación de aguas residuales;N2O;265.18;70272.57
2018;Corrientes;Residuos;5D. Tratamiento y eliminación de aguas residuales;N2O;79.26;21003.62
2018;Entre Ríos;Residuos;5D. Tratamiento y eliminación de aguas residuales;N2O;97.93;25950.99
2018;Formosa;Residuos;5D. Tratamiento y eliminación de aguas residuales;N2O;42.84;11352.32
2018;Jujuy;Residuos;5D. Tratamiento y eliminación de aguas residuales;N2O;54.27;14380.77
2018;La Pampa;Residuos;5D. Tratamiento y eliminación de aguas residuales;N2O;25.37;6721.75
2018;La Rioja;Residuos;5D. Tratamiento y eliminación de aguas residuales;N2O;27.59;7310.07
2018;Mendoza;Residuos;5D. Tratamiento y eliminación de aguas residuales;N2O;140.32;37183.54
2018;Misiones;Residuos;5D. Tratamiento y eliminación de aguas residuales;N2O;88.77;23523.34
2018;Neuquén;Residuos;5D. Tratamiento y eliminación de aguas residuales;N2O;46.56;12337.66
2018;Río Negro;Residuos;5D. Tratamiento y eliminación de aguas residuales;N2O;52.43;13894.58
2018;Salta;Residuos;5D. Tratamiento y eliminación de aguas residuales;N2O;99.95;26486.8
2018;San Juan;Residuos;5D. Tratamiento y eliminación de aguas residuales;N2O;55.03;14582.46
2018;San Luis;Residuos;5D. Tratamiento y eliminación de aguas residuales;N2O;35.68;9454.32
2018;Santa Cruz;Residuos;5D. Tratamiento y eliminación de aguas residuales;N2O;25.02;6630.48
2018;Santa Fe;Residuos;5D. Tratamiento y eliminación de aguas residuales;N2O;250.61;66411.27
2018;Santiago del Estero;Residuos;5D. Tratamiento y eliminación de aguas residuales;N2O;68.98;18279.02
2018;Tierra del Fuego, Antártida e Islas del Atlántico Sur;Residuos;5D. Tratamiento y eliminación de aguas residuales;N2O;11.87;3146.37
2018;Tucumán;Residuos;5D. Tratamiento y eliminación de aguas residuales;N2O;119.09;31558.11
2019;Ciudad Autónoma de Buenos Aires;Residuos;5D. Tratamiento y eliminación de aguas residuales;N2O;274.61;72771.27
2019;Buenos Aires;Residuos;5D. Tratamiento y eliminación de aguas residuales;N2O;1552.72;411469.87
2019;Catamarca;Residuos;5D. Tratamiento y eliminación de aguas residuales;N2O;36.81;9755.43
2019;Chaco;Residuos;5D. Tratamiento y eliminación de aguas residuales;N2O;106.61;28251.09
2019;Chubut;Residuos;5D. Tratamiento y eliminación de aguas residuales;N2O;54.41;14419.78
2019;Córdoba;Residuos;5D. Tratamiento y eliminación de aguas residuales;N2O;332.74;88175.86
2019;Corrientes;Residuos;5D. Tratamiento y eliminación de aguas residuales;N2O;99.32;26318.98
2019;Entre Ríos;Residuos;5D. Tratamiento y eliminación de aguas residuales;N2O;122.76;32530.49
2019;Formosa;Residuos;5D. Tratamiento y eliminación de aguas residuales;N2O;53.65;14218.43
2019;Jujuy;Residuos;5D. Tratamiento y eliminación de aguas residuales;N2O;68.15;18060.94
2019;La Pampa;Residuos;5D. Tratamiento y eliminación de aguas residuales;N2O;31.77;8419.36
2019;La Rioja;Residuos;5D. Tratamiento y eliminación de aguas residuales;N2O;34.72;9200.22
2019;Mendoza;Residuos;5D. Tratamiento y eliminación de aguas residuales;N2O;176.1;46665.6
2019;Misiones;Residuos;5D. Tratamiento y eliminación de aguas residuales;N2O;111.5;29547.93
2019;Neuquén;Residuos;5D. Tratamiento y eliminación de aguas residuales;N2O;58.6;15527.73
2019;Río Negro;Residuos;5D. Tratamiento y eliminación de aguas residuales;N2O;65.98;17483.42
2019;Salta;Residuos;5D. Tratamiento y eliminación de aguas residuales;N2O;125.73;33319.64
2019;San Juan;Residuos;5D. Tratamiento y eliminación de aguas residuales;N2O;69.09;18308.15
2019;San Luis;Residuos;5D. Tratamiento y eliminación de aguas residuales;N2O;44.87;11891.55
2019;Santa Cruz;Residuos;5D. Tratamiento y eliminación de aguas residuales;N2O;31.88;8448.38
2019;Santa Fe;Residuos;5D. Tratamiento y eliminación de aguas residuales;N2O;313.68;83125.06
2019;Santiago del Estero;Residuos;5D. Tratamiento y eliminación de aguas residuales;N2O;86.56;22937.63
2019;Tierra del Fuego, Antártida e Islas del Atlántico Sur;Residuos;5D. Tratamiento y eliminación de aguas residuales;N2O;15.12;4007.66
2019;Tucumán;Residuos;5D. Tratamiento y eliminación de aguas residuales;N2O;149.69;39669.01
2020;Ciudad Autónoma de Buenos Aires;Residuos;5D. Tratamiento y eliminación de aguas residuales;N2O;231.56;61363.77
2020;Buenos Aires;Residuos;5D. Tratamiento y eliminación de aguas residuales;N2O;1320.65;349972.2
2020;Catamarca;Residuos;5D. Tratamiento y eliminación de aguas residuales;N2O;31.28;8288.61
2020;Chaco;Residuos;5D. Tratamiento y eliminación de aguas residuales;N2O;90.69;24032.41
2020;Chubut;Residuos;5D. Tratamiento y eliminación de aguas residuales;N2O;46.6;12349.86
2020;Córdoba;Residuos;5D. Tratamiento y eliminación de aguas residuales;N2O;283.12;75026.65
2020;Corrientes;Residuos;5D. Tratamiento y eliminación de aguas residuales;N2O;84.38;22361.67
2020;Entre Ríos;Residuos;5D. Tratamiento y eliminación de aguas residuales;N2O;104.35;27652.01
2020;Formosa;Residuos;5D. Tratamiento y eliminación de aguas residuales;N2O;45.56;12074.51
2020;Jujuy;Residuos;5D. Tratamiento y eliminación de aguas residuales;N2O;58.04;15380.24
2020;La Pampa;Residuos;5D. Tratamiento y eliminación de aguas residuales;N2O;26.99;7151.18
2020;La Rioja;Residuos;5D. Tratamiento y eliminación de aguas residuales;N2O;29.63;7851.54
2020;Mendoza;Residuos;5D. Tratamiento y eliminación de aguas residuales;N2O;149.85;39710.24
2020;Misiones;Residuos;5D. Tratamiento y eliminación de aguas residuales;N2O;94.96;25164.72
2020;Neuquén;Residuos;5D. Tratamiento y eliminación de aguas residuales;N2O;50.0;13248.94
2020;Río Negro;Residuos;5D. Tratamiento y eliminación de aguas residuales;N2O;56.29;14915.95
2020;Salta;Residuos;5D. Tratamiento y eliminación de aguas residuales;N2O;107.24;28418.87
2020;San Juan;Residuos;5D. Tratamiento y eliminación de aguas residuales;N2O;58.82;15586.46
2020;San Luis;Residuos;5D. Tratamiento y eliminación de aguas residuales;N2O;38.27;10141.91
2020;Santa Cruz;Residuos;5D. Tratamiento y eliminación de aguas residuales;N2O;27.53;7296.23
2020;Santa Fe;Residuos;5D. Tratamiento y eliminación de aguas residuales;N2O;266.25;70556.87
2020;Santiago del Estero;Residuos;5D. Tratamiento y eliminación de aguas residuales;N2O;73.66;19518.82
2020;Tierra del Fuego, Antártida e Islas del Atlántico Sur;Residuos;5D. Tratamiento y eliminación de aguas residuales;N2O;13.06;3460.23
2020;Tucumán;Residuos;5D. Tratamiento y eliminación de aguas residuales;N2O;127.59;33810.94
2021;Ciudad Autónoma de Buenos Aires;Residuos;5D. Tratamiento y eliminación de aguas residuales;N2O;235.96;62529.02
2021;Buenos Aires;Residuos;5D. Tratamiento y eliminación de aguas residuales;N2O;1357.24;359669.66
2021;Catamarca;Residuos;5D. Tratamiento y eliminación de aguas residuales;N2O;32.11;8509.42
2021;Chaco;Residuos;5D. Tratamiento y eliminación de aguas residuales;N2O;93.21;24701.13
2021;Chubut;Residuos;5D. Tratamiento y eliminación de aguas residuales;N2O;48.22;12778.23
2021;Córdoba;Residuos;5D. Tratamiento y eliminación de aguas residuales;N2O;291.09;77140.05
2021;Corrientes;Residuos;5D. Tratamiento y eliminación de aguas residuales;N2O;86.63;22956.02
2021;Entre Ríos;Residuos;5D. Tratamiento y eliminación de aguas residuales;N2O;107.18;28402.77
2021;Formosa;Residuos;5D. Tratamiento y eliminación de aguas residuales;N2O;46.75;12389.06
2021;Jujuy;Residuos;5D. Tratamiento y eliminación de aguas residuales;N2O;59.72;15825.26
2021;La Pampa;Residuos;5D. Tratamiento y eliminación de aguas residuales;N2O;27.7;7339.66
2021;La Rioja;Residuos;5D. Tratamiento y eliminación de aguas residuales;N2O;30.55;8096.26
2021;Mendoza;Residuos;5D. Tratamiento y eliminación de aguas residuales;N2O;154.07;40829.08
2021;Misiones;Residuos;5D. Tratamiento y eliminación de aguas residuales;N2O;97.71;25894.2
2021;Neuquén;Residuos;5D. Tratamiento y eliminación de aguas residuales;N2O;51.54;13657.22
2021;Río Negro;Residuos;5D. Tratamiento y eliminación de aguas residuales;N2O;58.02;15375.2
2021;Salta;Residuos;5D. Tratamiento y eliminación de aguas residuales;N2O;110.51;29285.78
2021;San Juan;Residuos;5D. Tratamiento y eliminación de aguas residuales;N2O;60.51;16033.97
2021;San Luis;Residuos;5D. Tratamiento y eliminación de aguas residuales;N2O;39.44;10451.37
2021;Santa Cruz;Residuos;5D. Tratamiento y eliminación de aguas residuales;N2O;28.72;7611.03
2021;Santa Fe;Residuos;5D. Tratamiento y eliminación de aguas residuales;N2O;273.09;72369.98
2021;Santiago del Estero;Residuos;5D. Tratamiento y eliminación de aguas residuales;N2O;75.74;20070.57
2021;Tierra del Fuego, Antártida e Islas del Atlántico Sur;Residuos;5D. Tratamiento y eliminación de aguas residuales;N2O;13.62;3608.9
2021;Tucumán;Residuos;5D. Tratamiento y eliminación de aguas residuales;N2O;131.4;34820.04
2022;Ciudad Autónoma de Buenos Aires;Residuos;5D. Tratamiento y eliminación de aguas residuales;N2O;235.11;62303.64
2022;Buenos Aires;Residuos;5D. Tratamiento y eliminación de aguas residuales;N2O;1319.8;349747.33
2022;Catamarca;Residuos;5D. Tratamiento y eliminación de aguas residuales;N2O;32.35;8573.28
2022;Chaco;Residuos;5D. Tratamiento y eliminación de aguas residuales;N2O;85.08;22544.9
2022;Chubut;Residuos;5D. Tratamiento y eliminación de aguas residuales;N2O;44.63;11827.65
2022;Córdoba;Residuos;5D. Tratamiento y eliminación de aguas residuales;N2O;289.27;76657.53
2022;Corrientes;Residuos;5D. Tratamiento y eliminación de aguas residuales;N2O;91.33;24203.22
2022;Entre Ríos;Residuos;5D. Tratamiento y eliminación de aguas residuales;N2O;107.37;28451.96
2022;Formosa;Residuos;5D. Tratamiento y eliminación de aguas residuales;N2O;45.75;12122.99
2022;Jujuy;Residuos;5D. Tratamiento y eliminación de aguas residuales;N2O;61.13;16198.29
2022;La Pampa;Residuos;5D. Tratamiento y eliminación de aguas residuales;N2O;27.25;7222.05
2022;La Rioja;Residuos;5D. Tratamiento y eliminación de aguas residuales;N2O;28.91;7661.25
2022;Mendoza;Residuos;5D. Tratamiento y eliminación de aguas residuales;N2O;153.91;40785.37
2022;Misiones;Residuos;5D. Tratamiento y eliminación de aguas residuales;N2O;96.32;25524.0
2022;Neuquén;Residuos;5D. Tratamiento y eliminación de aguas residuales;N2O;53.53;14186.56
2022;Río Negro;Residuos;5D. Tratamiento y eliminación de aguas residuales;N2O;56.54;14983.97
2022;Salta;Residuos;5D. Tratamiento y eliminación de aguas residuales;N2O;108.55;28766.76
2022;San Juan;Residuos;5D. Tratamiento y eliminación de aguas residuales;N2O;61.97;16422.66
2022;San Luis;Residuos;5D. Tratamiento y eliminación de aguas residuales;N2O;40.83;10818.72
2022;Santa Cruz;Residuos;5D. Tratamiento y eliminación de aguas residuales;N2O;25.4;6730.42
2022;Santa Fe;Residuos;5D. Tratamiento y eliminación de aguas residuales;N2O;266.98;70749.97
2022;Santiago del Estero;Residuos;5D. Tratamiento y eliminación de aguas residuales;N2O;79.9;21173.77
2022;Tierra del Fuego, Antártida e Islas del Atlántico Sur;Residuos;5D. Tratamiento y eliminación de aguas residuales;N2O;13.99;3706.88
2022;Tucumán;Residuos;5D. Tratamiento y eliminación de aguas residuales;N2O;130.43;34564.0
2010;Jurisdiccion sin determinar;Residuos;5D. Tratamiento y eliminación de aguas residuales;CH4;403.35;11293.87
2011;Jurisdiccion sin determinar;Residuos;5D. Tratamiento y eliminación de aguas residuales;CH4;391.64;10965.86
2012;Jurisdiccion sin determinar;Residuos;5D. Tratamiento y eliminación de aguas residuales;CH4;403.28;11291.85
2013;Jurisdiccion sin determinar;Residuos;5D. Tratamiento y eliminación de aguas residuales;CH4;401.72;11248.15
2014;Jurisdiccion sin determinar;Residuos;5D. Tratamiento y eliminación de aguas residuales;CH4;401.42;11239.83
2015;Jurisdiccion sin determinar;Residuos;5D. Tratamiento y eliminación de aguas residuales;CH4;408.83;11447.24
2016;Jurisdiccion sin determinar;Residuos;5D. Tratamiento y eliminación de aguas residuales;CH4;390.34;10929.55
2017;Jurisdiccion sin determinar;Residuos;5D. Tratamiento y eliminación de aguas residuales;CH4;382.38;10706.6
2018;Jurisdiccion sin determinar;Residuos;5D. Tratamiento y eliminación de aguas residuales;CH4;358.83;10047.32
2019;Jurisdiccion sin determinar;Residuos;5D. Tratamiento y eliminación de aguas residuales;CH4;361.81;10130.72
2020;Jurisdiccion sin determinar;Residuos;5D. Tratamiento y eliminación de aguas residuales;CH4;317.31;8884.6
2021;Jurisdiccion sin determinar;Residuos;5D. Tratamiento y eliminación de aguas residuales;CH4;360.43;10091.97
2022;Jurisdiccion sin determinar;Residuos;5D. Tratamiento y eliminación de aguas residuales;CH4;374.66;10490.5
2010;Ciudad Autónoma de Buenos Aires;Residuos;5A. Eliminación de residuos sólidos;CH4;20718.15;580108.31
2011;Ciudad Autónoma de Buenos Aires;Residuos;5A. Eliminación de residuos sólidos;CH4;21195.09;593462.58
2012;Ciudad Autónoma de Buenos Aires;Residuos;5A. Eliminación de residuos sólidos;CH4;23948.22;670550.22
2013;Ciudad Autónoma de Buenos Aires;Residuos;5A. Eliminación de residuos sólidos;CH4;26123.37;731454.35
2014;Ciudad Autónoma de Buenos Aires;Residuos;5A. Eliminación de residuos sólidos;CH4;29377.0;822556.03
2015;Ciudad Autónoma de Buenos Aires;Residuos;5A. Eliminación de residuos sólidos;CH4;31336.5;877421.99
2016;Ciudad Autónoma de Buenos Aires;Residuos;5A. Eliminación de residuos sólidos;CH4;32906.25;921374.91
2017;Ciudad Autónoma de Buenos Aires;Residuos;5A. Eliminación de residuos sólidos;CH4;33721.99;944215.82
2018;Ciudad Autónoma de Buenos Aires;Residuos;5A. Eliminación de residuos sólidos;CH4;35144.21;984037.85
2019;Ciudad Autónoma de Buenos Aires;Residuos;5A. Eliminación de residuos sólidos;CH4;36663.74;1026584.78
2020;Ciudad Autónoma de Buenos Aires;Residuos;5A. Eliminación de residuos sólidos;CH4;37665.42;1054631.75
2021;Ciudad Autónoma de Buenos Aires;Residuos;5A. Eliminación de residuos sólidos;CH4;38092.15;1066580.19
2022;Ciudad Autónoma de Buenos Aires;Residuos;5A. Eliminación de residuos sólidos;CH4;40196.59;1125504.54
2010;Jurisdiccion sin determinar;Residuos;5B. Tratamiento biológico de residuos sólidos;N2O;4.75;1257.79
2011;Jurisdiccion sin determinar;Residuos;5B. Tratamiento biológico de residuos sólidos;N2O;3.23;855.12
2012;Jurisdiccion sin determinar;Residuos;5B. Tratamiento biológico de residuos sólidos;N2O;6.52;1727.9
2013;Jurisdiccion sin determinar;Residuos;5B. Tratamiento biológico de residuos sólidos;N2O;34.37;9108.93
2014;Jurisdiccion sin determinar;Residuos;5B. Tratamiento biológico de residuos sólidos;N2O;34.2;9062.84
2015;Jurisdiccion sin determinar;Residuos;5B. Tratamiento biológico de residuos sólidos;N2O;60.38;16000.72
2016;Jurisdiccion sin determinar;Residuos;5B. Tratamiento biológico de residuos sólidos;N2O;67.9;17992.52
2017;Jurisdiccion sin determinar;Residuos;5B. Tratamiento biológico de residuos sólidos;N2O;72.41;19188.07
2018;Jurisdiccion sin determinar;Residuos;5B. Tratamiento biológico de residuos sólidos;N2O;81.96;21718.78
2019;Jurisdiccion sin determinar;Residuos;5B. Tratamiento biológico de residuos sólidos;N2O;89.54;23728.02
2020;Jurisdiccion sin determinar;Residuos;5B. Tratamiento biológico de residuos sólidos;N2O;90.03;23856.92
2021;Jurisdiccion sin determinar;Residuos;5B. Tratamiento biológico de residuos sólidos;N2O;94.56;25057.47
2022;Jurisdiccion sin determinar;Residuos;5B. Tratamiento biológico de residuos sólidos;N2O;102.26;27099.53
2010;Ciudad Autónoma de Buenos Aires;Residuos;5C. Incineración e incineración abierta de residuos;CO2;17464.8;17464.8
2011;Ciudad Autónoma de Buenos Aires;Residuos;5C. Incineración e incineración abierta de residuos;CO2;18376.23;18376.23
2012;Ciudad Autónoma de Buenos Aires;Residuos;5C. Incineración e incineración abierta de residuos;CO2;18268.14;18268.14
2013;Ciudad Autónoma de Buenos Aires;Residuos;5C. Incineración e incineración abierta de residuos;CO2;18647.82;18647.82
2014;Ciudad Autónoma de Buenos Aires;Residuos;5C. Incineración e incineración abierta de residuos;CO2;18321.03;18321.03
2015;Ciudad Autónoma de Buenos Aires;Residuos;5C. Incineración e incineración abierta de residuos;CO2;18745.2;18745.2
2016;Ciudad Autónoma de Buenos Aires;Residuos;5C. Incineración e incineración abierta de residuos;CO2;18479.6;18479.6
2017;Ciudad Autónoma de Buenos Aires;Residuos;5C. Incineración e incineración abierta de residuos;CO2;18634.52;18634.52
2018;Ciudad Autónoma de Buenos Aires;Residuos;5C. Incineración e incineración abierta de residuos;CO2;18500.55;18500.55
2019;Ciudad Autónoma de Buenos Aires;Residuos;5C. Incineración e incineración abierta de residuos;CO2;18217.4;18217.4
2020;Ciudad Autónoma de Buenos Aires;Residuos;5C. Incineración e incineración abierta de residuos;CO2;16836.03;16836.03
2021;Ciudad Autónoma de Buenos Aires;Residuos;5C. Incineración e incineración abierta de residuos;CO2;18187.46;18187.46
2022;Ciudad Autónoma de Buenos Aires;Residuos;5C. Incineración e incineración abierta de residuos;CO2;18891.59;18891.59
2010;Jurisdiccion sin determinar;Energía;1A. Quema de combustible;CO2;3231887.29;3231887.29
2010;Ciudad Autónoma de Buenos Aires;Energía;1A. Quema de combustible;CO2;8677313.32;8677313.32
2010;Buenos Aires;Energía;1A. Quema de combustible;CO2;14580257.57;14580257.57
2010;Catamarca;Energía;1A. Quema de combustible;CO2;36451.55;36451.55
2010;Córdoba;Energía;1A. Quema de combustible;CO2;2010968.41;2010968.41
2010;Corrientes;Energía;1A. Quema de combustible;CO2;23963.75;23963.75
2010;Chaco;Energía;1A. Quema de combustible;CO2;112649.23;112649.23
2010;Chubut;Energía;1A. Quema de combustible;CO2;478409.39;478409.39
2010;Entre Ríos;Energía;1A. Quema de combustible;CO2;64787.18;64787.18
2010;Formosa;Energía;1A. Quema de combustible;CO2;106782.85;106782.85
2010;Jujuy;Energía;1A. Quema de combustible;CO2;33736.61;33736.61
2010;La Pampa;Energía;1A. Quema de combustible;CO2;55365.96;55365.96
2010;La Rioja;Energía;1A. Quema de combustible;CO2;15242.26;15242.26
2010;Mendoza;Energía;1A. Quema de combustible;CO2;1429852.82;1429852.82
2010;Misiones;Energía;1A. Quema de combustible;CO2;11167.96;11167.96
2010;Neuquén;Energía;1A. Quema de combustible;CO2;2341274.37;2341274.37
2010;Río Negro;Energía;1A. Quema de combustible;CO2;22762.52;22762.52
2010;Salta;Energía;1A. Quema de combustible;CO2;2180931.84;2180931.84
2010;San Juan;Energía;1A. Quema de combustible;CO2;13558.51;13558.51
2010;San Luis;Energía;1A. Quema de combustible;CO2;10012.98;10012.98
2010;Santa Cruz;Energía;1A. Quema de combustible;CO2;268280.49;268280.49
2010;Santa Fe;Energía;1A. Quema de combustible;CO2;1569590.6;1569590.6
2010;Santiago del Estero;Energía;1A. Quema de combustible;CO2;36387.59;36387.59
2010;Tucumán;Energía;1A. Quema de combustible;CO2;1854396.81;1854396.81
2010;Tierra del Fuego, Antártida e Islas del Atlántico Sur;Energía;1A. Quema de combustible;CO2;859190.74;859190.74
2011;Jurisdiccion sin determinar;Energía;1A. Quema de combustible;CO2;3023992.2;3023992.2
2011;Ciudad Autónoma de Buenos Aires;Energía;1A. Quema de combustible;CO2;10211063.38;10211063.38
2011;Buenos Aires;Energía;1A. Quema de combustible;CO2;16455744.62;16455744.62
2011;Catamarca;Energía;1A. Quema de combustible;CO2;49614.04;49614.04
2011;Córdoba;Energía;1A. Quema de combustible;CO2;2591714.16;2591714.16
2011;Corrientes;Energía;1A. Quema de combustible;CO2;59575.17;59575.17
2011;Chaco;Energía;1A. Quema de combustible;CO2;68654.53;68654.53
2011;Chubut;Energía;1A. Quema de combustible;CO2;488977.48;488977.48
2011;Entre Ríos;Energía;1A. Quema de combustible;CO2;78397.37;78397.37
2011;Formosa;Energía;1A. Quema de combustible;CO2;55970.65;55970.65
2011;Jujuy;Energía;1A. Quema de combustible;CO2;15178.15;15178.15
2011;La Pampa;Energía;1A. Quema de combustible;CO2;6140.79;6140.79
2011;La Rioja;Energía;1A. Quema de combustible;CO2;32380.69;32380.69
2011;Mendoza;Energía;1A. Quema de combustible;CO2;1485617.71;1485617.71
2011;Misiones;Energía;1A. Quema de combustible;CO2;68690.8;68690.8
2011;Neuquén;Energía;1A. Quema de combustible;CO2;2849023.82;2849023.82
2011;Río Negro;Energía;1A. Quema de combustible;CO2;73054.28;73054.28
2011;Salta;Energía;1A. Quema de combustible;CO2;2409497.3;2409497.3
2011;San Juan;Energía;1A. Quema de combustible;CO2;30910.28;30910.28
2011;San Luis;Energía;1A. Quema de combustible;CO2;13064.48;13064.48
2011;Santa Cruz;Energía;1A. Quema de combustible;CO2;121312.14;121312.14
2011;Santa Fe;Energía;1A. Quema de combustible;CO2;2659711.71;2659711.71
2011;Santiago del Estero;Energía;1A. Quema de combustible;CO2;45962.55;45962.55
2011;Tucumán;Energía;1A. Quema de combustible;CO2;2102450.22;2102450.22
2011;Tierra del Fuego, Antártida e Islas del Atlántico Sur;Energía;1A. Quema de combustible;CO2;867642.76;867642.76
2012;Jurisdiccion sin determinar;Energía;1A. Quema de combustible;CO2;3491291.78;3491291.78
2012;Ciudad Autónoma de Buenos Aires;Energía;1A. Quema de combustible;CO2;10000193.87;10000193.87
2012;Buenos Aires;Energía;1A. Quema de combustible;CO2;16696296.63;16696296.63
2012;Catamarca;Energía;1A. Quema de combustible;CO2;67010.85;67010.85
2012;Córdoba;Energía;1A. Quema de combustible;CO2;2684471.13;2684471.13
2012;Corrientes;Energía;1A. Quema de combustible;CO2;75745.88;75745.88
2012;Chaco;Energía;1A. Quema de combustible;CO2;66671.39;66671.39
2012;Chubut;Energía;1A. Quema de combustible;CO2;501037.46;501037.46
2012;Entre Ríos;Energía;1A. Quema de combustible;CO2;116532.41;116532.41
2012;Formosa;Energía;1A. Quema de combustible;CO2;72977.52;72977.52
2012;Jujuy;Energía;1A. Quema de combustible;CO2;9168.3;9168.3
2012;La Pampa;Energía;1A. Quema de combustible;CO2;9120.08;9120.08
2012;La Rioja;Energía;1A. Quema de combustible;CO2;43637.21;43637.21
2012;Mendoza;Energía;1A. Quema de combustible;CO2;1492324.47;1492324.47
2012;Misiones;Energía;1A. Quema de combustible;CO2;126314.97;126314.97
2012;Neuquén;Energía;1A. Quema de combustible;CO2;3280451.63;3280451.63
2012;Río Negro;Energía;1A. Quema de combustible;CO2;71672.7;71672.7
2012;Salta;Energía;1A. Quema de combustible;CO2;2455854.46;2455854.46
2012;San Juan;Energía;1A. Quema de combustible;CO2;28650.62;28650.62
2012;San Luis;Energía;1A. Quema de combustible;CO2;12927.9;12927.9
2012;Santa Cruz;Energía;1A. Quema de combustible;CO2;195982.65;195982.65
2012;Santa Fe;Energía;1A. Quema de combustible;CO2;2900557.36;2900557.36
2012;Santiago del Estero;Energía;1A. Quema de combustible;CO2;64590.38;64590.38
2012;Tucumán;Energía;1A. Quema de combustible;CO2;2249893.33;2249893.33
2012;Tierra del Fuego, Antártida e Islas del Atlántico Sur;Energía;1A. Quema de combustible;CO2;881033.54;881033.54
2013;Jurisdiccion sin determinar;Energía;1A. Quema de combustible;CO2;3559553.26;3559553.26
2013;Ciudad Autónoma de Buenos Aires;Energía;1A. Quema de combustible;CO2;9471719.71;9471719.71
2013;Buenos Aires;Energía;1A. Quema de combustible;CO2;16565705.23;16565705.23
2013;Catamarca;Energía;1A. Quema de combustible;CO2;99139.34;99139.34
2013;Córdoba;Energía;1A. Quema de combustible;CO2;2615000.71;2615000.71
2013;Corrientes;Energía;1A. Quema de combustible;CO2;65419.23;65419.23
2013;Chaco;Energía;1A. Quema de combustible;CO2;73999.98;73999.98
2013;Chubut;Energía;1A. Quema de combustible;CO2;531439.29;531439.29
2013;Entre Ríos;Energía;1A. Quema de combustible;CO2;107204.08;107204.08
2013;Formosa;Energía;1A. Quema de combustible;CO2;58176.65;58176.65
2013;Jujuy;Energía;1A. Quema de combustible;CO2;14657.6;14657.6
2013;La Pampa;Energía;1A. Quema de combustible;CO2;14931.39;14931.39
2013;La Rioja;Energía;1A. Quema de combustible;CO2;60959.45;60959.45
2013;Mendoza;Energía;1A. Quema de combustible;CO2;1686810.1;1686810.1
2013;Misiones;Energía;1A. Quema de combustible;CO2;95281.93;95281.93
2013;Neuquén;Energía;1A. Quema de combustible;CO2;2907034.05;2907034.05
2013;Río Negro;Energía;1A. Quema de combustible;CO2;198518.71;198518.71
2013;Salta;Energía;1A. Quema de combustible;CO2;2563707.16;2563707.16
2013;San Juan;Energía;1A. Quema de combustible;CO2;44261.23;44261.23
2013;San Luis;Energía;1A. Quema de combustible;CO2;11460.68;11460.68
2013;Santa Cruz;Energía;1A. Quema de combustible;CO2;248815.19;248815.19
2013;Santa Fe;Energía;1A. Quema de combustible;CO2;3136200.57;3136200.57
2013;Santiago del Estero;Energía;1A. Quema de combustible;CO2;66385.82;66385.82
2013;Tucumán;Energía;1A. Quema de combustible;CO2;2204074.52;2204074.52
2013;Tierra del Fuego, Antártida e Islas del Atlántico Sur;Energía;1A. Quema de combustible;CO2;823061.66;823061.66
2014;Jurisdiccion sin determinar;Energía;1A. Quema de combustible;CO2;3507912.19;3507912.19
2014;Ciudad Autónoma de Buenos Aires;Energía;1A. Quema de combustible;CO2;9063064.61;9063064.61
2014;Buenos Aires;Energía;1A. Quema de combustible;CO2;17273758.97;17273758.97
2014;Catamarca;Energía;1A. Quema de combustible;CO2;88176.14;88176.14
2014;Córdoba;Energía;1A. Quema de combustible;CO2;2153595.71;2153595.71
2014;Corrientes;Energía;1A. Quema de combustible;CO2;56639.93;56639.93
2014;Chaco;Energía;1A. Quema de combustible;CO2;79904.21;79904.21
2014;Chubut;Energía;1A. Quema de combustible;CO2;701883.9;701883.9
2014;Entre Ríos;Energía;1A. Quema de combustible;CO2;78544.52;78544.52
2014;Formosa;Energía;1A. Quema de combustible;CO2;49824.27;49824.27
2014;Jujuy;Energía;1A. Quema de combustible;CO2;13282.01;13282.01
2014;La Pampa;Energía;1A. Quema de combustible;CO2;12302.62;12302.62
2014;La Rioja;Energía;1A. Quema de combustible;CO2;53673.09;53673.09
2014;Mendoza;Energía;1A. Quema de combustible;CO2;1607027.26;1607027.26
2014;Misiones;Energía;1A. Quema de combustible;CO2;83908.19;83908.19
2014;Neuquén;Energía;1A. Quema de combustible;CO2;3537697.39;3537697.39
2014;Río Negro;Energía;1A. Quema de combustible;CO2;168433.16;168433.16
2014;Salta;Energía;1A. Quema de combustible;CO2;2610065.0;2610065.0
2014;San Juan;Energía;1A. Quema de combustible;CO2;35438.01;35438.01
2014;San Luis;Energía;1A. Quema de combustible;CO2;16800.81;16800.81
2014;Santa Cruz;Energía;1A. Quema de combustible;CO2;303771.54;303771.54
2014;Santa Fe;Energía;1A. Quema de combustible;CO2;2875706.47;2875706.47
2014;Santiago del Estero;Energía;1A. Quema de combustible;CO2;60408.54;60408.54
2014;Tucumán;Energía;1A. Quema de combustible;CO2;2537699.72;2537699.72
2014;Tierra del Fuego, Antártida e Islas del Atlántico Sur;Energía;1A. Quema de combustible;CO2;857791.51;857791.51
2015;Jurisdiccion sin determinar;Energía;1A. Quema de combustible;CO2;3717920.58;3717920.58
2015;Ciudad Autónoma de Buenos Aires;Energía;1A. Quema de combustible;CO2;9762541.79;9762541.79
2015;Buenos Aires;Energía;1A. Quema de combustible;CO2;17211481.31;17211481.31
2015;Catamarca;Energía;1A. Quema de combustible;CO2;80756.35;80756.35
2015;Córdoba;Energía;1A. Quema de combustible;CO2;2645862.77;2645862.77
2015;Corrientes;Energía;1A. Quema de combustible;CO2;65011.67;65011.67
2015;Chaco;Energía;1A. Quema de combustible;CO2;104146.09;104146.09
2015;Chubut;Energía;1A. Quema de combustible;CO2;587759.64;587759.64
2015;Entre Ríos;Energía;1A. Quema de combustible;CO2;107171.7;107171.7
2015;Formosa;Energía;1A. Quema de combustible;CO2;42471.5;42471.5
2015;Jujuy;Energía;1A. Quema de combustible;CO2;12784.45;12784.45
2015;La Pampa;Energía;1A. Quema de combustible;CO2;19207.95;19207.95
2015;La Rioja;Energía;1A. Quema de combustible;CO2;58607.7;58607.7
2015;Mendoza;Energía;1A. Quema de combustible;CO2;1739233.29;1739233.29
2015;Misiones;Energía;1A. Quema de combustible;CO2;62762.29;62762.29
2015;Neuquén;Energía;1A. Quema de combustible;CO2;3256925.37;3256925.37
2015;Río Negro;Energía;1A. Quema de combustible;CO2;180845.14;180845.14
2015;Salta;Energía;1A. Quema de combustible;CO2;2693693.19;2693693.19
2015;San Juan;Energía;1A. Quema de combustible;CO2;47361.01;47361.01
2015;San Luis;Energía;1A. Quema de combustible;CO2;34339.13;34339.13
2015;Santa Cruz;Energía;1A. Quema de combustible;CO2;238504.52;238504.52
2015;Santa Fe;Energía;1A. Quema de combustible;CO2;3946152.36;3946152.36
2015;Santiago del Estero;Energía;1A. Quema de combustible;CO2;65540.66;65540.66
2015;Tucumán;Energía;1A. Quema de combustible;CO2;2834182.29;2834182.29
2015;Tierra del Fuego, Antártida e Islas del Atlántico Sur;Energía;1A. Quema de combustible;CO2;841481.39;841481.39
2016;Jurisdiccion sin determinar;Energía;1A. Quema de combustible;CO2;3796062.14;3796062.14
2016;Ciudad Autónoma de Buenos Aires;Energía;1A. Quema de combustible;CO2;9011782.93;9011782.93
2016;Buenos Aires;Energía;1A. Quema de combustible;CO2;18258715.18;18258715.18
2016;Catamarca;Energía;1A. Quema de combustible;CO2;78302.36;78302.36
2016;Córdoba;Energía;1A. Quema de combustible;CO2;2573289.47;2573289.47
2016;Corrientes;Energía;1A. Quema de combustible;CO2;64925.43;64925.43
2016;Chaco;Energía;1A. Quema de combustible;CO2;130041.74;130041.74
2016;Chubut;Energía;1A. Quema de combustible;CO2;478231.59;478231.59
2016;Entre Ríos;Energía;1A. Quema de combustible;CO2;85448.71;85448.71
2016;Formosa;Energía;1A. Quema de combustible;CO2;46295.14;46295.14
2016;Jujuy;Energía;1A. Quema de combustible;CO2;14229.36;14229.36
2016;La Pampa;Energía;1A. Quema de combustible;CO2;16474.92;16474.92
2016;La Rioja;Energía;1A. Quema de combustible;CO2;50082.15;50082.15
2016;Mendoza;Energía;1A. Quema de combustible;CO2;1485801.26;1485801.26
2016;Misiones;Energía;1A. Quema de combustible;CO2;50882.66;50882.66
2016;Neuquén;Energía;1A. Quema de combustible;CO2;4215833.22;4215833.22
2016;Río Negro;Energía;1A. Quema de combustible;CO2;226442.02;226442.02
2016;Salta;Energía;1A. Quema de combustible;CO2;2746590.11;2746590.11
2016;San Juan;Energía;1A. Quema de combustible;CO2;22947.05;22947.05
2016;San Luis;Energía;1A. Quema de combustible;CO2;38305.69;38305.69
2016;Santa Cruz;Energía;1A. Quema de combustible;CO2;260514.88;260514.88
2016;Santa Fe;Energía;1A. Quema de combustible;CO2;3891802.72;3891802.72
2016;Santiago del Estero;Energía;1A. Quema de combustible;CO2;138894.92;138894.92
2016;Tucumán;Energía;1A. Quema de combustible;CO2;2686465.1;2686465.1
2016;Tierra del Fuego, Antártida e Islas del Atlántico Sur;Energía;1A. Quema de combustible;CO2;841020.24;841020.24
2017;Jurisdiccion sin determinar;Energía;1A. Quema de combustible;CO2;3850614.55;3850614.55
2017;Ciudad Autónoma de Buenos Aires;Energía;1A. Quema de combustible;CO2;8637710.25;8637710.25
2017;Buenos Aires;Energía;1A. Quema de combustible;CO2;16262063.58;16262063.58
2017;Catamarca;Energía;1A. Quema de combustible;CO2;89573.85;89573.85
2017;Córdoba;Energía;1A. Quema de combustible;CO2;2250608.6;2250608.6
2017;Corrientes;Energía;1A. Quema de combustible;CO2;38424.37;38424.37
2017;Chaco;Energía;1A. Quema de combustible;CO2;125064.72;125064.72
2017;Chubut;Energía;1A. Quema de combustible;CO2;368920.54;368920.54
2017;Entre Ríos;Energía;1A. Quema de combustible;CO2;38832.93;38832.93
2017;Formosa;Energía;1A. Quema de combustible;CO2;40391.8;40391.8
2017;Jujuy;Energía;1A. Quema de combustible;CO2;161375.56;161375.56
2017;La Pampa;Energía;1A. Quema de combustible;CO2;10160.21;10160.21
2017;La Rioja;Energía;1A. Quema de combustible;CO2;55303.01;55303.01
2017;Mendoza;Energía;1A. Quema de combustible;CO2;1316133.62;1316133.62
2017;Misiones;Energía;1A. Quema de combustible;CO2;61067.02;61067.02
2017;Neuquén;Energía;1A. Quema de combustible;CO2;4121291.3;4121291.3
2017;Río Negro;Energía;1A. Quema de combustible;CO2;98077.56;98077.56
2017;Salta;Energía;1A. Quema de combustible;CO2;2769534.72;2769534.72
2017;San Juan;Energía;1A. Quema de combustible;CO2;13453.48;13453.48
2017;San Luis;Energía;1A. Quema de combustible;CO2;38740.78;38740.78
2017;Santa Cruz;Energía;1A. Quema de combustible;CO2;232488.71;232488.71
2017;Santa Fe;Energía;1A. Quema de combustible;CO2;3219956.36;3219956.36
2017;Santiago del Estero;Energía;1A. Quema de combustible;CO2;151187.38;151187.38
2017;Tucumán;Energía;1A. Quema de combustible;CO2;2429051.72;2429051.72
2017;Tierra del Fuego, Antártida e Islas del Atlántico Sur;Energía;1A. Quema de combustible;CO2;839604.75;839604.75
2018;Jurisdiccion sin determinar;Energía;1A. Quema de combustible;CO2;3945390.04;3945390.04
2018;Ciudad Autónoma de Buenos Aires;Energía;1A. Quema de combustible;CO2;7008486.85;7008486.85
2018;Buenos Aires;Energía;1A. Quema de combustible;CO2;14847463.27;14847463.27
2018;Catamarca;Energía;1A. Quema de combustible;CO2;61368.18;61368.18
2018;Córdoba;Energía;1A. Quema de combustible;CO2;2179945.65;2179945.65
2018;Corrientes;Energía;1A. Quema de combustible;CO2;19721.72;19721.72
2018;Chaco;Energía;1A. Quema de combustible;CO2;49188.72;49188.72
2018;Chubut;Energía;1A. Quema de combustible;CO2;529033.54;529033.54
2018;Entre Ríos;Energía;1A. Quema de combustible;CO2;9333.22;9333.22
2018;Formosa;Energía;1A. Quema de combustible;CO2;26586.7;26586.7
2018;Jujuy;Energía;1A. Quema de combustible;CO2;154065.54;154065.54
2018;La Pampa;Energía;1A. Quema de combustible;CO2;4648.41;4648.41
2018;La Rioja;Energía;1A. Quema de combustible;CO2;49974.94;49974.94
2018;Mendoza;Energía;1A. Quema de combustible;CO2;1256009.9;1256009.9
2018;Misiones;Energía;1A. Quema de combustible;CO2;49990.16;49990.16
2018;Neuquén;Energía;1A. Quema de combustible;CO2;5030211.73;5030211.73
2018;Río Negro;Energía;1A. Quema de combustible;CO2;172497.94;172497.94
2018;Salta;Energía;1A. Quema de combustible;CO2;2592810.73;2592810.73
2018;San Juan;Energía;1A. Quema de combustible;CO2;12692.35;12692.35
2018;San Luis;Energía;1A. Quema de combustible;CO2;44845.73;44845.73
2018;Santa Cruz;Energía;1A. Quema de combustible;CO2;148930.04;148930.04
2018;Santa Fe;Energía;1A. Quema de combustible;CO2;3720830.14;3720830.14
2018;Santiago del Estero;Energía;1A. Quema de combustible;CO2;121307.56;121307.56
2018;Tucumán;Energía;1A. Quema de combustible;CO2;2622752.02;2622752.02
2018;Tierra del Fuego, Antártida e Islas del Atlántico Sur;Energía;1A. Quema de combustible;CO2;817255.65;817255.65
2019;Jurisdiccion sin determinar;Energía;1A. Quema de combustible;CO2;3854023.37;3854023.37
2019;Ciudad Autónoma de Buenos Aires;Energía;1A. Quema de combustible;CO2;5799218.31;5799218.31
2019;Buenos Aires;Energía;1A. Quema de combustible;CO2;12561403.76;12561403.76
2019;Catamarca;Energía;1A. Quema de combustible;CO2;39832.24;39832.24
2019;Córdoba;Energía;1A. Quema de combustible;CO2;1520110.69;1520110.69
2019;Corrientes;Energía;1A. Quema de combustible;CO2;13003.2;13003.2
2019;Chaco;Energía;1A. Quema de combustible;CO2;42844.28;42844.28
2019;Chubut;Energía;1A. Quema de combustible;CO2;673054.87;673054.87
2019;Entre Ríos;Energía;1A. Quema de combustible;CO2;15717.37;15717.37
2019;Formosa;Energía;1A. Quema de combustible;CO2;26576.12;26576.12
2019;Jujuy;Energía;1A. Quema de combustible;CO2;102100.05;102100.05
2019;La Pampa;Energía;1A. Quema de combustible;CO2;3243.39;3243.39
2019;La Rioja;Energía;1A. Quema de combustible;CO2;63880.36;63880.36
2019;Mendoza;Energía;1A. Quema de combustible;CO2;1291543.9;1291543.9
2019;Misiones;Energía;1A. Quema de combustible;CO2;39555.87;39555.87
2019;Neuquén;Energía;1A. Quema de combustible;CO2;5268156.85;5268156.85
2019;Río Negro;Energía;1A. Quema de combustible;CO2;490703.99;490703.99
2019;Salta;Energía;1A. Quema de combustible;CO2;2042832.04;2042832.04
2019;San Juan;Energía;1A. Quema de combustible;CO2;25249.03;25249.03
2019;San Luis;Energía;1A. Quema de combustible;CO2;41306.46;41306.46
2019;Santa Cruz;Energía;1A. Quema de combustible;CO2;205526.88;205526.88
2019;Santa Fe;Energía;1A. Quema de combustible;CO2;3646674.72;3646674.72
2019;Santiago del Estero;Energía;1A. Quema de combustible;CO2;56005.44;56005.44
2019;Tucumán;Energía;1A. Quema de combustible;CO2;1755921.74;1755921.74
2019;Tierra del Fuego, Antártida e Islas del Atlántico Sur;Energía;1A. Quema de combustible;CO2;846798.12;846798.12
2020;Jurisdiccion sin determinar;Energía;1A. Quema de combustible;CO2;3330703.7;3330703.7
2020;Ciudad Autónoma de Buenos Aires;Energía;1A. Quema de combustible;CO2;6174215.89;6174215.89
2020;Buenos Aires;Energía;1A. Quema de combustible;CO2;13596433.73;13596433.73
2020;Catamarca;Energía;1A. Quema de combustible;CO2;43594.39;43594.39
2020;Córdoba;Energía;1A. Quema de combustible;CO2;1745216.9;1745216.9
2020;Corrientes;Energía;1A. Quema de combustible;CO2;15822.55;15822.55
2020;Chaco;Energía;1A. Quema de combustible;CO2;45630.4;45630.4
2020;Chubut;Energía;1A. Quema de combustible;CO2;536084.66;536084.66
2020;Entre Ríos;Energía;1A. Quema de combustible;CO2;8508.59;8508.59
2020;Formosa;Energía;1A. Quema de combustible;CO2;24222.96;24222.96
2020;Jujuy;Energía;1A. Quema de combustible;CO2;77496.46;77496.46
2020;La Pampa;Energía;1A. Quema de combustible;CO2;5832.26;5832.26
2020;La Rioja;Energía;1A. Quema de combustible;CO2;48668.77;48668.77
2020;Mendoza;Energía;1A. Quema de combustible;CO2;1173368.61;1173368.61
2020;Misiones;Energía;1A. Quema de combustible;CO2;60681.69;60681.69
2020;Neuquén;Energía;1A. Quema de combustible;CO2;4229602.54;4229602.54
2020;Río Negro;Energía;1A. Quema de combustible;CO2;544897.95;544897.95
2020;Salta;Energía;1A. Quema de combustible;CO2;1795459.61;1795459.61
2020;San Juan;Energía;1A. Quema de combustible;CO2;26195.45;26195.45
2020;San Luis;Energía;1A. Quema de combustible;CO2;32401.7;32401.7
2020;Santa Cruz;Energía;1A. Quema de combustible;CO2;124905.78;124905.78
2020;Santa Fe;Energía;1A. Quema de combustible;CO2;4392164.96;4392164.96
2020;Santiago del Estero;Energía;1A. Quema de combustible;CO2;45211.16;45211.16
2020;Tucumán;Energía;1A. Quema de combustible;CO2;2137645.92;2137645.92
2020;Tierra del Fuego, Antártida e Islas del Atlántico Sur;Energía;1A. Quema de combustible;CO2;834004.23;834004.23
2021;Jurisdiccion sin determinar;Energía;1A. Quema de combustible;CO2;3416957.88;3416957.88
2021;Ciudad Autónoma de Buenos Aires;Energía;1A. Quema de combustible;CO2;6014706.72;6014706.72
2021;Buenos Aires;Energía;1A. Quema de combustible;CO2;16896478.35;16896478.35
2021;Catamarca;Energía;1A. Quema de combustible;CO2;28260.95;28260.95
2021;Córdoba;Energía;1A. Quema de combustible;CO2;1921019.02;1921019.02
2021;Corrientes;Energía;1A. Quema de combustible;CO2;15863.8;15863.8
2021;Chaco;Energía;1A. Quema de combustible;CO2;34851.3;34851.3
2021;Chubut;Energía;1A. Quema de combustible;CO2;474937.58;474937.58
2021;Entre Ríos;Energía;1A. Quema de combustible;CO2;8600.3;8600.3
2021;Formosa;Energía;1A. Quema de combustible;CO2;21773.18;21773.18
2021;Jujuy;Energía;1A. Quema de combustible;CO2;73395.62;73395.62
2021;La Pampa;Energía;1A. Quema de combustible;CO2;6410.21;6410.21
2021;La Rioja;Energía;1A. Quema de combustible;CO2;45908.02;45908.02
2021;Mendoza;Energía;1A. Quema de combustible;CO2;1405316.5;1405316.5
2021;Misiones;Energía;1A. Quema de combustible;CO2;67277.54;67277.54
2021;Neuquén;Energía;1A. Quema de combustible;CO2;4878482.96;4878482.96
2021;Río Negro;Energía;1A. Quema de combustible;CO2;531727.34;531727.34
2021;Salta;Energía;1A. Quema de combustible;CO2;1253328.73;1253328.73
2021;San Juan;Energía;1A. Quema de combustible;CO2;6019.31;6019.31
2021;San Luis;Energía;1A. Quema de combustible;CO2;46709.02;46709.02
2021;Santa Cruz;Energía;1A. Quema de combustible;CO2;126223.51;126223.51
2021;Santa Fe;Energía;1A. Quema de combustible;CO2;4830124.44;4830124.44
2021;Santiago del Estero;Energía;1A. Quema de combustible;CO2;42540.03;42540.03
2021;Tucumán;Energía;1A. Quema de combustible;CO2;2703563.76;2703563.76
2021;Tierra del Fuego, Antártida e Islas del Atlántico Sur;Energía;1A. Quema de combustible;CO2;818275.67;818275.67
2022;Jurisdiccion sin determinar;Energía;1A. Quema de combustible;CO2;3503259.52;3503259.52
2022;Ciudad Autónoma de Buenos Aires;Energía;1A. Quema de combustible;CO2;6656016.2;6656016.2
2022;Buenos Aires;Energía;1A. Quema de combustible;CO2;14655223.86;14655223.86
2022;Catamarca;Energía;1A. Quema de combustible;CO2;32991.55;32991.55
2022;Córdoba;Energía;1A. Quema de combustible;CO2;1763440.5;1763440.5
2022;Corrientes;Energía;1A. Quema de combustible;CO2;9297.07;9297.07
2022;Chaco;Energía;1A. Quema de combustible;CO2;29597.29;29597.29
2022;Chubut;Energía;1A. Quema de combustible;CO2;278478.62;278478.62
2022;Entre Ríos;Energía;1A. Quema de combustible;CO2;5445.2;5445.2
2022;Formosa;Energía;1A. Quema de combustible;CO2;21819.04;21819.04
2022;Jujuy;Energía;1A. Quema de combustible;CO2;63977.66;63977.66
2022;La Pampa;Energía;1A. Quema de combustible;CO2;4569.82;4569.82
2022;La Rioja;Energía;1A. Quema de combustible;CO2;53237.49;53237.49
2022;Mendoza;Energía;1A. Quema de combustible;CO2;1288843.33;1288843.33
2022;Misiones;Energía;1A. Quema de combustible;CO2;53461.14;53461.14
2022;Neuquén;Energía;1A. Quema de combustible;CO2;5429469.89;5429469.89
2022;Río Negro;Energía;1A. Quema de combustible;CO2;503905.99;503905.99
2022;Salta;Energía;1A. Quema de combustible;CO2;1489213.57;1489213.57
2022;San Juan;Energía;1A. Quema de combustible;CO2;34474.4;34474.4
2022;San Luis;Energía;1A. Quema de combustible;CO2;46139.3;46139.3
2022;Santa Cruz;Energía;1A. Quema de combustible;CO2;150857.27;150857.27
2022;Santa Fe;Energía;1A. Quema de combustible;CO2;4653982.53;4653982.53
2022;Santiago del Estero;Energía;1A. Quema de combustible;CO2;36937.82;36937.82
2022;Tucumán;Energía;1A. Quema de combustible;CO2;2013676.95;2013676.95
2022;Tierra del Fuego, Antártida e Islas del Atlántico Sur;Energía;1A. Quema de combustible;CO2;766875.29;766875.29
2010;Jurisdiccion sin determinar;Energía;1A. Quema de combustible;CH4;76.95;2154.5
2010;Ciudad Autónoma de Buenos Aires;Energía;1A. Quema de combustible;CH4;231.92;6493.9
2010;Buenos Aires;Energía;1A. Quema de combustible;CH4;355.88;9964.73
2010;Catamarca;Energía;1A. Quema de combustible;CH4;2.04;57.25
2010;Córdoba;Energía;1A. Quema de combustible;CH4;74.23;2078.52
2010;Corrientes;Energía;1A. Quema de combustible;CH4;1.34;37.64
2010;Chaco;Energía;1A. Quema de combustible;CH4;6.32;176.94
2010;Chubut;Energía;1A. Quema de combustible;CH4;10.9;305.27
2010;Entre Ríos;Energía;1A. Quema de combustible;CH4;1.79;50.17
2010;Formosa;Energía;1A. Quema de combustible;CH4;5.96;167.02
2010;Jujuy;Energía;1A. Quema de combustible;CH4;1.74;48.68
2010;La Pampa;Energía;1A. Quema de combustible;CH4;0.99;27.61
2010;La Rioja;Energía;1A. Quema de combustible;CH4;0.86;24.13
2010;Mendoza;Energía;1A. Quema de combustible;CH4;33.49;937.61
2010;Misiones;Energía;1A. Quema de combustible;CH4;0.34;9.39
2010;Neuquén;Energía;1A. Quema de combustible;CH4;437.14;12239.89
2010;Río Negro;Energía;1A. Quema de combustible;CH4;60.98;1707.49
2010;Salta;Energía;1A. Quema de combustible;CH4;142.53;3990.71
2010;San Juan;Energía;1A. Quema de combustible;CH4;0.6;16.81
2010;San Luis;Energía;1A. Quema de combustible;CH4;0.18;4.99
2010;Santa Cruz;Energía;1A. Quema de combustible;CH4;19.11;535.17
2010;Santa Fe;Energía;1A. Quema de combustible;CH4;21.53;602.85
2010;Santiago del Estero;Energía;1A. Quema de combustible;CH4;2.19;61.25
2010;Tucumán;Energía;1A. Quema de combustible;CH4;41.18;1153.1
2010;Tierra del Fuego, Antártida e Islas del Atlántico Sur;Energía;1A. Quema de combustible;CH4;15.35;429.88
2011;Jurisdiccion sin determinar;Energía;1A. Quema de combustible;CH4;69.87;1956.43
2011;Ciudad Autónoma de Buenos Aires;Energía;1A. Quema de combustible;CH4;279.82;7834.86
2011;Buenos Aires;Energía;1A. Quema de combustible;CH4;428.56;11999.59
2011;Catamarca;Energía;1A. Quema de combustible;CH4;2.78;77.93
2011;Córdoba;Energía;1A. Quema de combustible;CH4;97.11;2719.17
2011;Corrientes;Energía;1A. Quema de combustible;CH4;3.34;93.57
2011;Chaco;Energía;1A. Quema de combustible;CH4;3.85;107.83
2011;Chubut;Energía;1A. Quema de combustible;CH4;10.94;306.37
2011;Entre Ríos;Energía;1A. Quema de combustible;CH4;3.23;90.31
2011;Formosa;Energía;1A. Quema de combustible;CH4;3.14;87.91
2011;Jujuy;Energía;1A. Quema de combustible;CH4;0.75;20.89
2011;La Pampa;Energía;1A. Quema de combustible;CH4;0.34;9.65
2011;La Rioja;Energía;1A. Quema de combustible;CH4;1.68;46.95
2011;Mendoza;Energía;1A. Quema de combustible;CH4;39.09;1094.61
2011;Misiones;Energía;1A. Quema de combustible;CH4;3.09;86.46
2011;Neuquén;Energía;1A. Quema de combustible;CH4;769.89;21557.0
2011;Río Negro;Energía;1A. Quema de combustible;CH4;40.84;1143.57
2011;Salta;Energía;1A. Quema de combustible;CH4;300.57;8416.0
2011;San Juan;Energía;1A. Quema de combustible;CH4;1.88;52.69
2011;San Luis;Energía;1A. Quema de combustible;CH4;0.23;6.52
2011;Santa Cruz;Energía;1A. Quema de combustible;CH4;8.64;241.99
2011;Santa Fe;Energía;1A. Quema de combustible;CH4;48.04;1345.17
2011;Santiago del Estero;Energía;1A. Quema de combustible;CH4;2.67;74.71
2011;Tucumán;Energía;1A. Quema de combustible;CH4;41.68;1167.14
2011;Tierra del Fuego, Antártida e Islas del Atlántico Sur;Energía;1A. Quema de combustible;CH4;15.49;433.65
2012;Jurisdiccion sin determinar;Energía;1A. Quema de combustible;CH4;79.68;2231.0
2012;Ciudad Autónoma de Buenos Aires;Energía;1A. Quema de combustible;CH4;273.52;7658.57
2012;Buenos Aires;Energía;1A. Quema de combustible;CH4;438.21;12269.77
2012;Catamarca;Energía;1A. Quema de combustible;CH4;3.76;105.25
2012;Córdoba;Energía;1A. Quema de combustible;CH4;81.29;2276.26
2012;Corrientes;Energía;1A. Quema de combustible;CH4;4.25;118.97
2012;Chaco;Energía;1A. Quema de combustible;CH4;3.74;104.72
2012;Chubut;Energía;1A. Quema de combustible;CH4;10.58;296.13
2012;Entre Ríos;Energía;1A. Quema de combustible;CH4;5.66;158.37
2012;Formosa;Energía;1A. Quema de combustible;CH4;4.09;114.62
2012;Jujuy;Energía;1A. Quema de combustible;CH4;0.44;12.3
2012;La Pampa;Energía;1A. Quema de combustible;CH4;0.51;14.32
2012;La Rioja;Energía;1A. Quema de combustible;CH4;2.38;66.58
2012;Mendoza;Energía;1A. Quema de combustible;CH4;41.21;1153.88
2012;Misiones;Energía;1A. Quema de combustible;CH4;5.85;163.73
2012;Neuquén;Energía;1A. Quema de combustible;CH4;777.4;21767.14
2012;Río Negro;Energía;1A. Quema de combustible;CH4;38.13;1067.64
2012;Salta;Energía;1A. Quema de combustible;CH4;390.72;10940.28
2012;San Juan;Energía;1A. Quema de combustible;CH4;1.82;50.89
2012;San Luis;Energía;1A. Quema de combustible;CH4;0.23;6.45
2012;Santa Cruz;Energía;1A. Quema de combustible;CH4;13.96;390.95
2012;Santa Fe;Energía;1A. Quema de combustible;CH4;54.53;1526.78
2012;Santiago del Estero;Energía;1A. Quema de combustible;CH4;3.91;109.37
2012;Tucumán;Energía;1A. Quema de combustible;CH4;51.97;1455.07
2012;Tierra del Fuego, Antártida e Islas del Atlántico Sur;Energía;1A. Quema de combustible;CH4;15.78;441.72
2013;Jurisdiccion sin determinar;Energía;1A. Quema de combustible;CH4;82.54;2311.13
2013;Ciudad Autónoma de Buenos Aires;Energía;1A. Quema de combustible;CH4;229.56;6427.75
2013;Buenos Aires;Energía;1A. Quema de combustible;CH4;447.69;12535.26
2013;Catamarca;Energía;1A. Quema de combustible;CH4;5.56;155.72
2013;Córdoba;Energía;1A. Quema de combustible;CH4;82.99;2323.65
2013;Corrientes;Energía;1A. Quema de combustible;CH4;3.67;102.75
2013;Chaco;Energía;1A. Quema de combustible;CH4;4.15;116.23
2013;Chubut;Energía;1A. Quema de combustible;CH4;13.16;368.39
2013;Entre Ríos;Energía;1A. Quema de combustible;CH4;6.99;195.79
2013;Formosa;Energía;1A. Quema de combustible;CH4;3.26;91.38
2013;Jujuy;Energía;1A. Quema de combustible;CH4;0.64;18.01
2013;La Pampa;Energía;1A. Quema de combustible;CH4;0.84;23.45
2013;La Rioja;Energía;1A. Quema de combustible;CH4;3.35;93.77
2013;Mendoza;Energía;1A. Quema de combustible;CH4;44.21;1237.79
2013;Misiones;Energía;1A. Quema de combustible;CH4;5.09;142.39
2013;Neuquén;Energía;1A. Quema de combustible;CH4;739.35;20701.89
2013;Río Negro;Energía;1A. Quema de combustible;CH4;57.69;1615.42
2013;Salta;Energía;1A. Quema de combustible;CH4;443.23;12410.4
2013;San Juan;Energía;1A. Quema de combustible;CH4;2.2;61.68
2013;San Luis;Energía;1A. Quema de combustible;CH4;0.2;5.72
2013;Santa Cruz;Energía;1A. Quema de combustible;CH4;17.73;496.34
2013;Santa Fe;Energía;1A. Quema de combustible;CH4;59.68;1670.93
2013;Santiago del Estero;Energía;1A. Quema de combustible;CH4;4.21;117.95
2013;Tucumán;Energía;1A. Quema de combustible;CH4;52.23;1462.52
2013;Tierra del Fuego, Antártida e Islas del Atlántico Sur;Energía;1A. Quema de combustible;CH4;14.72;412.08
2014;Jurisdiccion sin determinar;Energía;1A. Quema de combustible;CH4;80.83;2263.36
2014;Ciudad Autónoma de Buenos Aires;Energía;1A. Quema de combustible;CH4;239.13;6695.53
2014;Buenos Aires;Energía;1A. Quema de combustible;CH4;481.99;13495.67
2014;Catamarca;Energía;1A. Quema de combustible;CH4;4.95;138.5
2014;Córdoba;Energía;1A. Quema de combustible;CH4;68.47;1917.09
2014;Corrientes;Energía;1A. Quema de combustible;CH4;3.18;88.96
2014;Chaco;Energía;1A. Quema de combustible;CH4;4.48;125.5
2014;Chubut;Energía;1A. Quema de combustible;CH4;17.5;489.93
2014;Entre Ríos;Energía;1A. Quema de combustible;CH4;5.35;149.74
2014;Formosa;Energía;1A. Quema de combustible;CH4;2.79;78.26
2014;Jujuy;Energía;1A. Quema de combustible;CH4;0.61;17.16
2014;La Pampa;Energía;1A. Quema de combustible;CH4;0.69;19.32
2014;La Rioja;Energía;1A. Quema de combustible;CH4;2.89;81.01
2014;Mendoza;Energía;1A. Quema de combustible;CH4;41.88;1172.57
2014;Misiones;Energía;1A. Quema de combustible;CH4;4.18;117.17
2014;Neuquén;Energía;1A. Quema de combustible;CH4;803.05;22485.27
2014;Río Negro;Energía;1A. Quema de combustible;CH4;49.45;1384.71
2014;Salta;Energía;1A. Quema de combustible;CH4;449.98;12599.45
2014;San Juan;Energía;1A. Quema de combustible;CH4;2.15;60.26
2014;San Luis;Energía;1A. Quema de combustible;CH4;0.3;8.38
2014;Santa Cruz;Energía;1A. Quema de combustible;CH4;21.64;605.97
2014;Santa Fe;Energía;1A. Quema de combustible;CH4;72.98;2043.44
2014;Santiago del Estero;Energía;1A. Quema de combustible;CH4;3.84;107.49
2014;Tucumán;Energía;1A. Quema de combustible;CH4;63.5;1777.96
2014;Tierra del Fuego, Antártida e Islas del Atlántico Sur;Energía;1A. Quema de combustible;CH4;15.35;429.86
2015;Jurisdiccion sin determinar;Energía;1A. Quema de combustible;CH4;86.84;2431.64
2015;Ciudad Autónoma de Buenos Aires;Energía;1A. Quema de combustible;CH4;265.17;7424.7
2015;Buenos Aires;Energía;1A. Quema de combustible;CH4;501.19;14033.36
2015;Catamarca;Energía;1A. Quema de combustible;CH4;4.53;126.84
2015;Córdoba;Energía;1A. Quema de combustible;CH4;80.14;2243.91
2015;Corrientes;Energía;1A. Quema de combustible;CH4;3.65;102.11
2015;Chaco;Energía;1A. Quema de combustible;CH4;5.84;163.58
2015;Chubut;Energía;1A. Quema de combustible;CH4;13.19;369.32
2015;Entre Ríos;Energía;1A. Quema de combustible;CH4;6.86;192.13
2015;Formosa;Energía;1A. Quema de combustible;CH4;2.38;66.71
2015;Jujuy;Energía;1A. Quema de combustible;CH4;0.57;15.85
2015;La Pampa;Energía;1A. Quema de combustible;CH4;1.08;30.17
2015;La Rioja;Energía;1A. Quema de combustible;CH4;3.12;87.3
2015;Mendoza;Energía;1A. Quema de combustible;CH4;48.33;1353.27
2015;Misiones;Energía;1A. Quema de combustible;CH4;3.2;89.46
2015;Neuquén;Energía;1A. Quema de combustible;CH4;875.4;24511.1
2015;Río Negro;Energía;1A. Quema de combustible;CH4;69.12;1935.27
2015;Salta;Energía;1A. Quema de combustible;CH4;494.75;13852.88
2015;San Juan;Energía;1A. Quema de combustible;CH4;2.64;73.79
2015;San Luis;Energía;1A. Quema de combustible;CH4;0.61;17.13
2015;Santa Cruz;Energía;1A. Quema de combustible;CH4;15.78;441.75
2015;Santa Fe;Energía;1A. Quema de combustible;CH4;101.02;2828.44
2015;Santiago del Estero;Energía;1A. Quema de combustible;CH4;4.22;118.03
2015;Tucumán;Energía;1A. Quema de combustible;CH4;81.18;2273.08
2015;Tierra del Fuego, Antártida e Islas del Atlántico Sur;Energía;1A. Quema de combustible;CH4;15.05;421.27
2016;Jurisdiccion sin determinar;Energía;1A. Quema de combustible;CH4;88.11;2467.17
2016;Ciudad Autónoma de Buenos Aires;Energía;1A. Quema de combustible;CH4;239.4;6703.08
2016;Buenos Aires;Energía;1A. Quema de combustible;CH4;572.81;16038.75
2016;Catamarca;Energía;1A. Quema de combustible;CH4;4.39;122.99
2016;Córdoba;Energía;1A. Quema de combustible;CH4;75.03;2100.86
2016;Corrientes;Energía;1A. Quema de combustible;CH4;3.64;101.98
2016;Chaco;Energía;1A. Quema de combustible;CH4;7.29;204.25
2016;Chubut;Energía;1A. Quema de combustible;CH4;11.11;311.09
2016;Entre Ríos;Energía;1A. Quema de combustible;CH4;5.31;148.75
2016;Formosa;Energía;1A. Quema de combustible;CH4;2.6;72.71
2016;Jujuy;Energía;1A. Quema de combustible;CH4;0.58;16.27
2016;La Pampa;Energía;1A. Quema de combustible;CH4;0.92;25.88
2016;La Rioja;Energía;1A. Quema de combustible;CH4;2.72;76.24
2016;Mendoza;Energía;1A. Quema de combustible;CH4;41.65;1166.28
2016;Misiones;Energía;1A. Quema de combustible;CH4;2.66;74.58
2016;Neuquén;Energía;1A. Quema de combustible;CH4;872.73;24436.53
2016;Río Negro;Energía;1A. Quema de combustible;CH4;75.5;2113.95
2016;Salta;Energía;1A. Quema de combustible;CH4;514.45;14404.51
2016;San Juan;Energía;1A. Quema de combustible;CH4;1.33;37.18
2016;San Luis;Energía;1A. Quema de combustible;CH4;0.68;19.1
2016;Santa Cruz;Energía;1A. Quema de combustible;CH4;125.08;3502.35
2016;Santa Fe;Energía;1A. Quema de combustible;CH4;110.95;3106.68
2016;Santiago del Estero;Energía;1A. Quema de combustible;CH4;9.42;263.67
2016;Tucumán;Energía;1A. Quema de combustible;CH4;66.68;1867.06
2016;Tierra del Fuego, Antártida e Islas del Atlántico Sur;Energía;1A. Quema de combustible;CH4;15.1;422.68
2017;Jurisdiccion sin determinar;Energía;1A. Quema de combustible;CH4;90.14;2523.81
2017;Ciudad Autónoma de Buenos Aires;Energía;1A. Quema de combustible;CH4;201.71;5647.75
2017;Buenos Aires;Energía;1A. Quema de combustible;CH4;698.13;19547.64
2017;Catamarca;Energía;1A. Quema de combustible;CH4;5.02;140.69
2017;Córdoba;Energía;1A. Quema de combustible;CH4;70.62;1977.47
2017;Corrientes;Energía;1A. Quema de combustible;CH4;2.16;60.35
2017;Chaco;Energía;1A. Quema de combustible;CH4;7.02;196.44
2017;Chubut;Energía;1A. Quema de combustible;CH4;7.21;201.93
2017;Entre Ríos;Energía;1A. Quema de combustible;CH4;2.65;74.32
2017;Formosa;Energía;1A. Quema de combustible;CH4;2.27;63.44
2017;Jujuy;Energía;1A. Quema de combustible;CH4;708.08;19826.3
2017;La Pampa;Energía;1A. Quema de combustible;CH4;0.57;15.96
2017;La Rioja;Energía;1A. Quema de combustible;CH4;3.29;92.25
2017;Mendoza;Energía;1A. Quema de combustible;CH4;41.49;1161.6
2017;Misiones;Energía;1A. Quema de combustible;CH4;3.14;87.97
2017;Neuquén;Energía;1A. Quema de combustible;CH4;723.25;20251.14
2017;Río Negro;Energía;1A. Quema de combustible;CH4;73.62;2061.27
2017;Salta;Energía;1A. Quema de combustible;CH4;427.6;11972.8
2017;San Juan;Energía;1A. Quema de combustible;CH4;0.9;25.12
2017;San Luis;Energía;1A. Quema de combustible;CH4;0.69;19.32
2017;Santa Cruz;Energía;1A. Quema de combustible;CH4;213.84;5987.47
2017;Santa Fe;Energía;1A. Quema de combustible;CH4;369.94;10358.34
2017;Santiago del Estero;Energía;1A. Quema de combustible;CH4;10.52;294.51
2017;Tucumán;Energía;1A. Quema de combustible;CH4;55.61;1557.17
2017;Tierra del Fuego, Antártida e Islas del Atlántico Sur;Energía;1A. Quema de combustible;CH4;15.02;420.66
2018;Jurisdiccion sin determinar;Energía;1A. Quema de combustible;CH4;91.45;2560.65
2018;Ciudad Autónoma de Buenos Aires;Energía;1A. Quema de combustible;CH4;146.2;4093.72
2018;Buenos Aires;Energía;1A. Quema de combustible;CH4;1029.69;28831.36
2018;Catamarca;Energía;1A. Quema de combustible;CH4;3.44;96.39
2018;Córdoba;Energía;1A. Quema de combustible;CH4;78.08;2186.17
2018;Corrientes;Energía;1A. Quema de combustible;CH4;1.11;30.98
2018;Chaco;Energía;1A. Quema de combustible;CH4;2.76;77.26
2018;Chubut;Energía;1A. Quema de combustible;CH4;13.56;379.66
2018;Entre Ríos;Energía;1A. Quema de combustible;CH4;0.6;16.68
2018;Formosa;Energía;1A. Quema de combustible;CH4;1.49;41.76
2018;Jujuy;Energía;1A. Quema de combustible;CH4;667.62;18693.28
2018;La Pampa;Energía;1A. Quema de combustible;CH4;0.26;7.3
2018;La Rioja;Energía;1A. Quema de combustible;CH4;2.85;79.67
2018;Mendoza;Energía;1A. Quema de combustible;CH4;262.8;7358.42
2018;Misiones;Energía;1A. Quema de combustible;CH4;2.67;74.72
2018;Neuquén;Energía;1A. Quema de combustible;CH4;697.62;19533.27
2018;Río Negro;Energía;1A. Quema de combustible;CH4;78.63;2201.7
2018;Salta;Energía;1A. Quema de combustible;CH4;363.47;10177.26
2018;San Juan;Energía;1A. Quema de combustible;CH4;0.74;20.58
2018;San Luis;Energía;1A. Quema de combustible;CH4;0.8;22.36
2018;Santa Cruz;Energía;1A. Quema de combustible;CH4;242.54;6791.12
2018;Santa Fe;Energía;1A. Quema de combustible;CH4;256.31;7176.61
2018;Santiago del Estero;Energía;1A. Quema de combustible;CH4;7.86;220.07
2018;Tucumán;Energía;1A. Quema de combustible;CH4;69.34;1941.46
2018;Tierra del Fuego, Antártida e Islas del Atlántico Sur;Energía;1A. Quema de combustible;CH4;14.58;408.14
2019;Jurisdiccion sin determinar;Energía;1A. Quema de combustible;CH4;96.16;2692.4
2019;Ciudad Autónoma de Buenos Aires;Energía;1A. Quema de combustible;CH4;107.92;3021.7
2019;Buenos Aires;Energía;1A. Quema de combustible;CH4;1246.29;34896.12
2019;Catamarca;Energía;1A. Quema de combustible;CH4;2.23;62.56
2019;Córdoba;Energía;1A. Quema de combustible;CH4;49.76;1393.42
2019;Corrientes;Energía;1A. Quema de combustible;CH4;0.73;20.42
2019;Chaco;Energía;1A. Quema de combustible;CH4;2.4;67.29
2019;Chubut;Energía;1A. Quema de combustible;CH4;15.35;429.75
2019;Entre Ríos;Energía;1A. Quema de combustible;CH4;1.09;30.42
2019;Formosa;Energía;1A. Quema de combustible;CH4;1.49;41.74
2019;Jujuy;Energía;1A. Quema de combustible;CH4;424.62;11889.34
2019;La Pampa;Energía;1A. Quema de combustible;CH4;0.18;5.09
2019;La Rioja;Energía;1A. Quema de combustible;CH4;3.78;105.87
2019;Mendoza;Energía;1A. Quema de combustible;CH4;246.23;6894.48
2019;Misiones;Energía;1A. Quema de combustible;CH4;2.11;59.11
2019;Neuquén;Energía;1A. Quema de combustible;CH4;679.29;19020.17
2019;Río Negro;Energía;1A. Quema de combustible;CH4;85.49;2393.86
2019;Salta;Energía;1A. Quema de combustible;CH4;162.54;4551.23
2019;San Juan;Energía;1A. Quema de combustible;CH4;1.77;49.66
2019;San Luis;Energía;1A. Quema de combustible;CH4;0.74;20.6
2019;Santa Cruz;Energía;1A. Quema de combustible;CH4;344.81;9654.64
2019;Santa Fe;Energía;1A. Quema de combustible;CH4;194.48;5445.47
2019;Santiago del Estero;Energía;1A. Quema de combustible;CH4;3.7;103.49
2019;Tucumán;Energía;1A. Quema de combustible;CH4;38.94;1090.41
2019;Tierra del Fuego, Antártida e Islas del Atlántico Sur;Energía;1A. Quema de combustible;CH4;15.1;422.67
2020;Jurisdiccion sin determinar;Energía;1A. Quema de combustible;CH4;80.77;2261.65
2020;Ciudad Autónoma de Buenos Aires;Energía;1A. Quema de combustible;CH4;127.82;3578.96
2020;Buenos Aires;Energía;1A. Quema de combustible;CH4;570.65;15978.19
2020;Catamarca;Energía;1A. Quema de combustible;CH4;2.45;68.47
2020;Córdoba;Energía;1A. Quema de combustible;CH4;48.95;1370.67
2020;Corrientes;Energía;1A. Quema de combustible;CH4;0.89;24.85
2020;Chaco;Energía;1A. Quema de combustible;CH4;2.56;71.67
2020;Chubut;Energía;1A. Quema de combustible;CH4;12.6;352.72
2020;Entre Ríos;Energía;1A. Quema de combustible;CH4;0.5;14.11
2020;Formosa;Energía;1A. Quema de combustible;CH4;1.36;38.05
2020;Jujuy;Energía;1A. Quema de combustible;CH4;311.37;8718.44
2020;La Pampa;Energía;1A. Quema de combustible;CH4;0.33;9.16
2020;La Rioja;Energía;1A. Quema de combustible;CH4;2.93;81.98
2020;Mendoza;Energía;1A. Quema de combustible;CH4;233.34;6533.44
2020;Misiones;Energía;1A. Quema de combustible;CH4;3.32;93.06
2020;Neuquén;Energía;1A. Quema de combustible;CH4;561.63;15725.5
2020;Río Negro;Energía;1A. Quema de combustible;CH4;206.01;5768.35
2020;Salta;Energía;1A. Quema de combustible;CH4;161.83;4531.21
2020;San Juan;Energía;1A. Quema de combustible;CH4;1.83;51.24
2020;San Luis;Energía;1A. Quema de combustible;CH4;0.58;16.16
2020;Santa Cruz;Energía;1A. Quema de combustible;CH4;208.87;5848.42
2020;Santa Fe;Energía;1A. Quema de combustible;CH4;100.55;2815.54
2020;Santiago del Estero;Energía;1A. Quema de combustible;CH4;2.66;74.49
2020;Tucumán;Energía;1A. Quema de combustible;CH4;42.78;1197.79
2020;Tierra del Fuego, Antártida e Islas del Atlántico Sur;Energía;1A. Quema de combustible;CH4;14.88;416.55
2021;Jurisdiccion sin determinar;Energía;1A. Quema de combustible;CH4;83.13;2327.64
2021;Ciudad Autónoma de Buenos Aires;Energía;1A. Quema de combustible;CH4;122.41;3427.57
2021;Buenos Aires;Energía;1A. Quema de combustible;CH4;733.82;20547.01
2021;Catamarca;Energía;1A. Quema de combustible;CH4;1.59;44.39
2021;Córdoba;Energía;1A. Quema de combustible;CH4;37.28;1043.79
2021;Corrientes;Energía;1A. Quema de combustible;CH4;0.89;24.92
2021;Chaco;Energía;1A. Quema de combustible;CH4;1.96;54.74
2021;Chubut;Energía;1A. Quema de combustible;CH4;51.2;1433.53
2021;Entre Ríos;Energía;1A. Quema de combustible;CH4;0.48;13.51
2021;Formosa;Energía;1A. Quema de combustible;CH4;1.22;34.2
2021;Jujuy;Energía;1A. Quema de combustible;CH4;288.26;8071.41
2021;La Pampa;Energía;1A. Quema de combustible;CH4;0.36;10.07
2021;La Rioja;Energía;1A. Quema de combustible;CH4;2.26;63.3
2021;Mendoza;Energía;1A. Quema de combustible;CH4;264.55;7407.4
2021;Misiones;Energía;1A. Quema de combustible;CH4;3.74;104.62
2021;Neuquén;Energía;1A. Quema de combustible;CH4;478.48;13397.46
2021;Río Negro;Energía;1A. Quema de combustible;CH4;136.26;3815.19
2021;Salta;Energía;1A. Quema de combustible;CH4;145.69;4079.27
2021;San Juan;Energía;1A. Quema de combustible;CH4;0.35;9.8
2021;San Luis;Energía;1A. Quema de combustible;CH4;0.83;23.29
2021;Santa Cruz;Energía;1A. Quema de combustible;CH4;204.22;5718.21
2021;Santa Fe;Energía;1A. Quema de combustible;CH4;139.6;3908.76
2021;Santiago del Estero;Energía;1A. Quema de combustible;CH4;2.12;59.29
2021;Tucumán;Energía;1A. Quema de combustible;CH4;49.72;1392.09
2021;Tierra del Fuego, Antártida e Islas del Atlántico Sur;Energía;1A. Quema de combustible;CH4;14.57;408.08
2022;Jurisdiccion sin determinar;Energía;1A. Quema de combustible;CH4;86.88;2432.56
2022;Ciudad Autónoma de Buenos Aires;Energía;1A. Quema de combustible;CH4;151.06;4229.55
2022;Buenos Aires;Energía;1A. Quema de combustible;CH4;574.09;16074.49
2022;Catamarca;Energía;1A. Quema de combustible;CH4;1.85;51.82
2022;Córdoba;Energía;1A. Quema de combustible;CH4;32.68;915.09
2022;Corrientes;Energía;1A. Quema de combustible;CH4;0.52;14.6
2022;Chaco;Energía;1A. Quema de combustible;CH4;1.66;46.49
2022;Chubut;Energía;1A. Quema de combustible;CH4;29.58;828.14
2022;Entre Ríos;Energía;1A. Quema de combustible;CH4;0.31;8.55
2022;Formosa;Energía;1A. Quema de combustible;CH4;1.22;34.27
2022;Jujuy;Energía;1A. Quema de combustible;CH4;244.5;6846.07
2022;La Pampa;Energía;1A. Quema de combustible;CH4;0.26;7.18
2022;La Rioja;Energía;1A. Quema de combustible;CH4;2.36;66.13
2022;Mendoza;Energía;1A. Quema de combustible;CH4;155.26;4347.24
2022;Misiones;Energía;1A. Quema de combustible;CH4;2.87;80.44
2022;Neuquén;Energía;1A. Quema de combustible;CH4;496.71;13907.75
2022;Río Negro;Energía;1A. Quema de combustible;CH4;126.52;3542.53
2022;Salta;Energía;1A. Quema de combustible;CH4;149.05;4173.44
2022;San Juan;Energía;1A. Quema de combustible;CH4;2.44;68.23
2022;San Luis;Energía;1A. Quema de combustible;CH4;0.82;23.01
2022;Santa Cruz;Energía;1A. Quema de combustible;CH4;234.97;6579.06
2022;Santa Fe;Energía;1A. Quema de combustible;CH4;70.5;1973.95
2022;Santiago del Estero;Energía;1A. Quema de combustible;CH4;1.34;37.57
2022;Tucumán;Energía;1A. Quema de combustible;CH4;36.98;1035.51
2022;Tierra del Fuego, Antártida e Islas del Atlántico Sur;Energía;1A. Quema de combustible;CH4;13.66;382.44
2010;Jurisdiccion sin determinar;Energía;1A. Quema de combustible;N2O;11.49;3044.07
2010;Ciudad Autónoma de Buenos Aires;Energía;1A. Quema de combustible;N2O;180.43;47813.42
2010;Buenos Aires;Energía;1A. Quema de combustible;N2O;398.94;105717.81
2010;Catamarca;Energía;1A. Quema de combustible;N2O;0.01;2.54
2010;Córdoba;Energía;1A. Quema de combustible;N2O;54.19;14359.66
2010;Corrientes;Energía;1A. Quema de combustible;N2O;1.18;313.91
2010;Chaco;Energía;1A. Quema de combustible;N2O;0.01;2.49
2010;Chubut;Energía;1A. Quema de combustible;N2O;23.97;6353.31
2010;Entre Ríos;Energía;1A. Quema de combustible;N2O;0.65;172.37
2010;Formosa;Energía;1A. Quema de combustible;N2O;0.0;0.7
2010;Jujuy;Energía;1A. Quema de combustible;N2O;0.09;24.57
2010;La Pampa;Energía;1A. Quema de combustible;N2O;0.1;26.13
2010;La Rioja;Energía;1A. Quema de combustible;N2O;0.01;2.47
2010;Mendoza;Energía;1A. Quema de combustible;N2O;57.14;15142.56
2010;Misiones;Energía;1A. Quema de combustible;N2O;0.03;8.12
2010;Neuquén;Energía;1A. Quema de combustible;N2O;114.04;30220.96
2010;Río Negro;Energía;1A. Quema de combustible;N2O;0.65;172.35
2010;Salta;Energía;1A. Quema de combustible;N2O;38.34;10160.43
2010;San Juan;Energía;1A. Quema de combustible;N2O;0.18;46.73
2010;San Luis;Energía;1A. Quema de combustible;N2O;0.02;4.73
2010;Santa Cruz;Energía;1A. Quema de combustible;N2O;4.78;1266.25
2010;Santa Fe;Energía;1A. Quema de combustible;N2O;51.31;13597.15
2010;Santiago del Estero;Energía;1A. Quema de combustible;N2O;0.19;49.88
2010;Tucumán;Energía;1A. Quema de combustible;N2O;93.65;24817.01
2010;Tierra del Fuego, Antártida e Islas del Atlántico Sur;Energía;1A. Quema de combustible;N2O;1.54;409.2
2011;Jurisdiccion sin determinar;Energía;1A. Quema de combustible;N2O;10.14;2686.62
2011;Ciudad Autónoma de Buenos Aires;Energía;1A. Quema de combustible;N2O;214.89;56944.83
2011;Buenos Aires;Energía;1A. Quema de combustible;N2O;423.13;112129.95
2011;Catamarca;Energía;1A. Quema de combustible;N2O;0.01;2.63
2011;Córdoba;Energía;1A. Quema de combustible;N2O;73.96;19598.74
2011;Corrientes;Energía;1A. Quema de combustible;N2O;1.14;302.56
2011;Chaco;Energía;1A. Quema de combustible;N2O;0.0;0.18
2011;Chubut;Energía;1A. Quema de combustible;N2O;24.64;6529.31
2011;Entre Ríos;Energía;1A. Quema de combustible;N2O;0.95;252.19
2011;Formosa;Energía;1A. Quema de combustible;N2O;0.08;22.28
2011;Jujuy;Energía;1A. Quema de combustible;N2O;0.05;12.99
2011;La Pampa;Energía;1A. Quema de combustible;N2O;0.1;27.16
2011;La Rioja;Energía;1A. Quema de combustible;N2O;0.15;39.89
2011;Mendoza;Energía;1A. Quema de combustible;N2O;52.2;13832.01
2011;Misiones;Energía;1A. Quema de combustible;N2O;0.08;21.35
2011;Neuquén;Energía;1A. Quema de combustible;N2O;138.02;36575.99
2011;Río Negro;Energía;1A. Quema de combustible;N2O;1.0;265.86
2011;Salta;Energía;1A. Quema de combustible;N2O;41.97;11122.33
2011;San Juan;Energía;1A. Quema de combustible;N2O;0.49;131.16
2011;San Luis;Energía;1A. Quema de combustible;N2O;0.02;6.17
2011;Santa Cruz;Energía;1A. Quema de combustible;N2O;2.16;572.58
2011;Santa Fe;Energía;1A. Quema de combustible;N2O;77.03;20413.56
2011;Santiago del Estero;Energía;1A. Quema de combustible;N2O;0.39;103.63
2011;Tucumán;Energía;1A. Quema de combustible;N2O;109.22;28942.08
2011;Tierra del Fuego, Antártida e Islas del Atlántico Sur;Energía;1A. Quema de combustible;N2O;1.55;412.01
2012;Jurisdiccion sin determinar;Energía;1A. Quema de combustible;N2O;11.43;3028.41
2012;Ciudad Autónoma de Buenos Aires;Energía;1A. Quema de combustible;N2O;217.08;57525.43
2012;Buenos Aires;Energía;1A. Quema de combustible;N2O;459.59;121791.97
2012;Catamarca;Energía;1A. Quema de combustible;N2O;0.01;2.62
2012;Córdoba;Energía;1A. Quema de combustible;N2O;80.23;21260.53
2012;Corrientes;Energía;1A. Quema de combustible;N2O;1.99;526.47
2012;Chaco;Energía;1A. Quema de combustible;N2O;12.21;3234.76
2012;Chubut;Energía;1A. Quema de combustible;N2O;25.67;6802.61
2012;Entre Ríos;Energía;1A. Quema de combustible;N2O;1.54;407.51
2012;Formosa;Energía;1A. Quema de combustible;N2O;0.08;20.4
2012;Jujuy;Energía;1A. Quema de combustible;N2O;0.03;9.24
2012;La Pampa;Energía;1A. Quema de combustible;N2O;0.1;26.69
2012;La Rioja;Energía;1A. Quema de combustible;N2O;0.25;65.26
2012;Mendoza;Energía;1A. Quema de combustible;N2O;49.67;13162.07
2012;Misiones;Energía;1A. Quema de combustible;N2O;0.19;49.25
2012;Neuquén;Energía;1A. Quema de combustible;N2O;161.02;42671.25
2012;Río Negro;Energía;1A. Quema de combustible;N2O;1.01;267.33
2012;Salta;Energía;1A. Quema de combustible;N2O;42.47;11254.57
2012;San Juan;Energía;1A. Quema de combustible;N2O;0.47;125.07
2012;San Luis;Energía;1A. Quema de combustible;N2O;0.02;6.1
2012;Santa Cruz;Energía;1A. Quema de combustible;N2O;3.49;925.01
2012;Santa Fe;Energía;1A. Quema de combustible;N2O;80.14;21237.91
2012;Santiago del Estero;Energía;1A. Quema de combustible;N2O;0.51;134.2
2012;Tucumán;Energía;1A. Quema de combustible;N2O;111.34;29506.4
2012;Tierra del Fuego, Antártida e Islas del Atlántico Sur;Energía;1A. Quema de combustible;N2O;1.59;421.99
2013;Jurisdiccion sin determinar;Energía;1A. Quema de combustible;N2O;12.02;3186.28
2013;Ciudad Autónoma de Buenos Aires;Energía;1A. Quema de combustible;N2O;196.21;51994.37
2013;Buenos Aires;Energía;1A. Quema de combustible;N2O;441.28;116938.19
2013;Catamarca;Energía;1A. Quema de combustible;N2O;0.01;2.94
2013;Córdoba;Energía;1A. Quema de combustible;N2O;77.21;20461.01
2013;Corrientes;Energía;1A. Quema de combustible;N2O;0.4;106.41
2013;Chaco;Energía;1A. Quema de combustible;N2O;11.86;3141.84
2013;Chubut;Energía;1A. Quema de combustible;N2O;25.94;6872.82
2013;Entre Ríos;Energía;1A. Quema de combustible;N2O;1.7;451.21
2013;Formosa;Energía;1A. Quema de combustible;N2O;0.08;21.92
2013;Jujuy;Energía;1A. Quema de combustible;N2O;0.08;22.09
2013;La Pampa;Energía;1A. Quema de combustible;N2O;0.11;28.75
2013;La Rioja;Energía;1A. Quema de combustible;N2O;0.41;109.95
2013;Mendoza;Energía;1A. Quema de combustible;N2O;58.15;15409.88
2013;Misiones;Energía;1A. Quema de combustible;N2O;0.03;7.24
2013;Neuquén;Energía;1A. Quema de combustible;N2O;141.8;37578.13
2013;Río Negro;Energía;1A. Quema de combustible;N2O;2.97;786.66
2013;Salta;Energía;1A. Quema de combustible;N2O;44.09;11684.3
2013;San Juan;Energía;1A. Quema de combustible;N2O;0.62;164.63
2013;San Luis;Energía;1A. Quema de combustible;N2O;0.02;5.41
2013;Santa Cruz;Energía;1A. Quema de combustible;N2O;4.43;1174.37
2013;Santa Fe;Energía;1A. Quema de combustible;N2O;84.19;22309.15
2013;Santiago del Estero;Energía;1A. Quema de combustible;N2O;0.66;173.79
2013;Tucumán;Energía;1A. Quema de combustible;N2O;107.36;28449.18
2013;Tierra del Fuego, Antártida e Islas del Atlántico Sur;Energía;1A. Quema de combustible;N2O;1.48;392.73
2014;Jurisdiccion sin determinar;Energía;1A. Quema de combustible;N2O;11.71;3101.88
2014;Ciudad Autónoma de Buenos Aires;Energía;1A. Quema de combustible;N2O;190.39;50452.47
2014;Buenos Aires;Energía;1A. Quema de combustible;N2O;460.88;122133.08
2014;Catamarca;Energía;1A. Quema de combustible;N2O;0.01;2.58
2014;Córdoba;Energía;1A. Quema de combustible;N2O;61.99;16428.06
2014;Corrientes;Energía;1A. Quema de combustible;N2O;0.1;25.43
2014;Chaco;Energía;1A. Quema de combustible;N2O;9.44;2500.66
2014;Chubut;Energía;1A. Quema de combustible;N2O;34.17;9055.67
2014;Entre Ríos;Energía;1A. Quema de combustible;N2O;1.3;344.25
2014;Formosa;Energía;1A. Quema de combustible;N2O;0.08;20.37
2014;Jujuy;Energía;1A. Quema de combustible;N2O;0.06;16.31
2014;La Pampa;Energía;1A. Quema de combustible;N2O;0.17;44.85
2014;La Rioja;Energía;1A. Quema de combustible;N2O;0.35;92.56
2014;Mendoza;Energía;1A. Quema de combustible;N2O;55.62;14738.15
2014;Misiones;Energía;1A. Quema de combustible;N2O;0.05;14.57
2014;Neuquén;Energía;1A. Quema de combustible;N2O;174.19;46161.12
2014;Río Negro;Energía;1A. Quema de combustible;N2O;2.59;686.96
2014;Salta;Energía;1A. Quema de combustible;N2O;45.02;11931.43
2014;San Juan;Energía;1A. Quema de combustible;N2O;0.56;149.67
2014;San Luis;Energía;1A. Quema de combustible;N2O;0.03;7.93
2014;Santa Cruz;Energía;1A. Quema de combustible;N2O;5.41;1433.76
2014;Santa Fe;Energía;1A. Quema de combustible;N2O;81.87;21694.62
2014;Santiago del Estero;Energía;1A. Quema de combustible;N2O;0.59;156.72
2014;Tucumán;Energía;1A. Quema de combustible;N2O;123.05;32607.34
2014;Tierra del Fuego, Antártida e Islas del Atlántico Sur;Energía;1A. Quema de combustible;N2O;1.55;410.3
2015;Jurisdiccion sin determinar;Energía;1A. Quema de combustible;N2O;12.73;3374.77
2015;Ciudad Autónoma de Buenos Aires;Energía;1A. Quema de combustible;N2O;210.97;55906.47
2015;Buenos Aires;Energía;1A. Quema de combustible;N2O;443.81;117609.11
2015;Catamarca;Energía;1A. Quema de combustible;N2O;0.01;2.7
2015;Córdoba;Energía;1A. Quema de combustible;N2O;84.59;22417.36
2015;Corrientes;Energía;1A. Quema de combustible;N2O;0.15;38.84
2015;Chaco;Energía;1A. Quema de combustible;N2O;10.38;2750.41
2015;Chubut;Energía;1A. Quema de combustible;N2O;29.59;7841.64
2015;Entre Ríos;Energía;1A. Quema de combustible;N2O;1.67;442.34
2015;Formosa;Energía;1A. Quema de combustible;N2O;0.11;29.44
2015;Jujuy;Energía;1A. Quema de combustible;N2O;0.07;18.62
2015;La Pampa;Energía;1A. Quema de combustible;N2O;0.14;35.84
2015;La Rioja;Energía;1A. Quema de combustible;N2O;0.4;104.96
2015;Mendoza;Energía;1A. Quema de combustible;N2O;53.99;14307.0
2015;Misiones;Energía;1A. Quema de combustible;N2O;0.03;9.08
2015;Neuquén;Energía;1A. Quema de combustible;N2O;158.27;41940.67
2015;Río Negro;Energía;1A. Quema de combustible;N2O;2.72;720.14
2015;Salta;Energía;1A. Quema de combustible;N2O;46.24;12252.84
2015;San Juan;Energía;1A. Quema de combustible;N2O;0.71;188.63
2015;San Luis;Energía;1A. Quema de combustible;N2O;0.06;16.21
2015;Santa Cruz;Energía;1A. Quema de combustible;N2O;4.2;1114.08
2015;Santa Fe;Energía;1A. Quema de combustible;N2O;90.65;24022.71
2015;Santiago del Estero;Energía;1A. Quema de combustible;N2O;0.7;184.7
2015;Tucumán;Energía;1A. Quema de combustible;N2O;129.37;34284.26
2015;Tierra del Fuego, Antártida e Islas del Atlántico Sur;Energía;1A. Quema de combustible;N2O;1.51;401.41
2016;Jurisdiccion sin determinar;Energía;1A. Quema de combustible;N2O;12.85;3404.47
2016;Ciudad Autónoma de Buenos Aires;Energía;1A. Quema de combustible;N2O;172.54;45722.76
2016;Buenos Aires;Energía;1A. Quema de combustible;N2O;492.76;130580.08
2016;Catamarca;Energía;1A. Quema de combustible;N2O;0.01;2.75
2016;Córdoba;Energía;1A. Quema de combustible;N2O;81.59;21622.23
2016;Corrientes;Energía;1A. Quema de combustible;N2O;0.52;137.78
2016;Chaco;Energía;1A. Quema de combustible;N2O;10.3;2728.62
2016;Chubut;Energía;1A. Quema de combustible;N2O;23.82;6313.52
2016;Entre Ríos;Energía;1A. Quema de combustible;N2O;1.17;308.89
2016;Formosa;Energía;1A. Quema de combustible;N2O;0.11;27.87
2016;Jujuy;Energía;1A. Quema de combustible;N2O;0.1;26.77
2016;La Pampa;Energía;1A. Quema de combustible;N2O;0.12;31.09
2016;La Rioja;Energía;1A. Quema de combustible;N2O;0.22;58.22
2016;Mendoza;Energía;1A. Quema de combustible;N2O;47.96;12710.26
2016;Misiones;Energía;1A. Quema de combustible;N2O;0.02;5.32
2016;Neuquén;Energía;1A. Quema de combustible;N2O;205.65;54496.91
2016;Río Negro;Energía;1A. Quema de combustible;N2O;2.85;756.18
2016;Salta;Energía;1A. Quema de combustible;N2O;47.16;12496.46
2016;San Juan;Energía;1A. Quema de combustible;N2O;0.35;93.81
2016;San Luis;Energía;1A. Quema de combustible;N2O;0.07;18.08
2016;Santa Cruz;Energía;1A. Quema de combustible;N2O;4.22;1118.46
2016;Santa Fe;Energía;1A. Quema de combustible;N2O;88.09;23342.58
2016;Santiago del Estero;Energía;1A. Quema de combustible;N2O;2.0;531.13
2016;Tucumán;Energía;1A. Quema de combustible;N2O;130.01;34453.59
2016;Tierra del Fuego, Antártida e Islas del Atlántico Sur;Energía;1A. Quema de combustible;N2O;1.53;405.52
2017;Jurisdiccion sin determinar;Energía;1A. Quema de combustible;N2O;13.24;3509.71
2017;Ciudad Autónoma de Buenos Aires;Energía;1A. Quema de combustible;N2O;250.93;66497.47
2017;Buenos Aires;Energía;1A. Quema de combustible;N2O;505.73;134017.78
2017;Catamarca;Energía;1A. Quema de combustible;N2O;0.01;2.99
2017;Córdoba;Energía;1A. Quema de combustible;N2O;82.51;21865.64
2017;Corrientes;Energía;1A. Quema de combustible;N2O;1.42;376.87
2017;Chaco;Energía;1A. Quema de combustible;N2O;7.25;1921.65
2017;Chubut;Energía;1A. Quema de combustible;N2O;19.28;5110.5
2017;Entre Ríos;Energía;1A. Quema de combustible;N2O;0.6;158.67
2017;Formosa;Energía;1A. Quema de combustible;N2O;0.08;22.3
2017;Jujuy;Energía;1A. Quema de combustible;N2O;0.04;9.39
2017;La Pampa;Energía;1A. Quema de combustible;N2O;0.14;37.83
2017;La Rioja;Energía;1A. Quema de combustible;N2O;0.44;117.63
2017;Mendoza;Energía;1A. Quema de combustible;N2O;56.3;14919.3
2017;Misiones;Energía;1A. Quema de combustible;N2O;0.03;7.92
2017;Neuquén;Energía;1A. Quema de combustible;N2O;195.5;51807.89
2017;Río Negro;Energía;1A. Quema de combustible;N2O;1.38;365.54
2017;Salta;Energía;1A. Quema de combustible;N2O;101.22;26822.87
2017;San Juan;Energía;1A. Quema de combustible;N2O;0.23;60.61
2017;San Luis;Energía;1A. Quema de combustible;N2O;0.07;18.29
2017;Santa Cruz;Energía;1A. Quema de combustible;N2O;3.36;891.5
2017;Santa Fe;Energía;1A. Quema de combustible;N2O;107.51;28491.11
2017;Santiago del Estero;Energía;1A. Quema de combustible;N2O;2.47;655.76
2017;Tucumán;Energía;1A. Quema de combustible;N2O;121.36;32159.34
2017;Tierra del Fuego, Antártida e Islas del Atlántico Sur;Energía;1A. Quema de combustible;N2O;1.51;401.38
2018;Jurisdiccion sin determinar;Energía;1A. Quema de combustible;N2O;13.32;3529.61
2018;Ciudad Autónoma de Buenos Aires;Energía;1A. Quema de combustible;N2O;237.45;62923.8
2018;Buenos Aires;Energía;1A. Quema de combustible;N2O;492.93;130627.58
2018;Catamarca;Energía;1A. Quema de combustible;N2O;0.01;2.83
2018;Córdoba;Energía;1A. Quema de combustible;N2O;75.78;20081.77
2018;Corrientes;Energía;1A. Quema de combustible;N2O;1.19;314.12
2018;Chaco;Energía;1A. Quema de combustible;N2O;10.3;2728.89
2018;Chubut;Energía;1A. Quema de combustible;N2O;25.51;6760.09
2018;Entre Ríos;Energía;1A. Quema de combustible;N2O;0.1;25.24
2018;Formosa;Energía;1A. Quema de combustible;N2O;0.08;20.12
2018;Jujuy;Energía;1A. Quema de combustible;N2O;0.15;39.19
2018;La Pampa;Energía;1A. Quema de combustible;N2O;0.1;26.31
2018;La Rioja;Energía;1A. Quema de combustible;N2O;0.25;66.11
2018;Mendoza;Energía;1A. Quema de combustible;N2O;55.13;14609.93
2018;Misiones;Energía;1A. Quema de combustible;N2O;0.01;3.78
2018;Neuquén;Energía;1A. Quema de combustible;N2O;225.83;59845.0
2018;Río Negro;Energía;1A. Quema de combustible;N2O;7.1;1882.63
2018;Salta;Energía;1A. Quema de combustible;N2O;101.79;26973.34
2018;San Juan;Energía;1A. Quema de combustible;N2O;0.2;51.92
2018;San Luis;Energía;1A. Quema de combustible;N2O;0.08;21.17
2018;Santa Cruz;Energía;1A. Quema de combustible;N2O;1.74;460.96
2018;Santa Fe;Energía;1A. Quema de combustible;N2O;151.25;40081.46
2018;Santiago del Estero;Energía;1A. Quema de combustible;N2O;1.84;488.87
2018;Tucumán;Energía;1A. Quema de combustible;N2O;124.81;33074.52
2018;Tierra del Fuego, Antártida e Islas del Atlántico Sur;Energía;1A. Quema de combustible;N2O;1.46;387.23
2019;Jurisdiccion sin determinar;Energía;1A. Quema de combustible;N2O;14.93;3956.49
2019;Ciudad Autónoma de Buenos Aires;Energía;1A. Quema de combustible;N2O;250.67;66428.78
2019;Buenos Aires;Energía;1A. Quema de combustible;N2O;435.61;115435.47
2019;Catamarca;Energía;1A. Quema de combustible;N2O;0.49;129.96
2019;Córdoba;Energía;1A. Quema de combustible;N2O;62.85;16654.67
2019;Corrientes;Energía;1A. Quema de combustible;N2O;1.13;300.68
2019;Chaco;Energía;1A. Quema de combustible;N2O;9.12;2417.43
2019;Chubut;Energía;1A. Quema de combustible;N2O;33.72;8935.93
2019;Entre Ríos;Energía;1A. Quema de combustible;N2O;0.24;64.68
2019;Formosa;Energía;1A. Quema de combustible;N2O;0.1;25.44
2019;Jujuy;Energía;1A. Quema de combustible;N2O;0.16;43.69
2019;La Pampa;Energía;1A. Quema de combustible;N2O;0.07;19.64
2019;La Rioja;Energía;1A. Quema de combustible;N2O;0.58;154.13
2019;Mendoza;Energía;1A. Quema de combustible;N2O;55.58;14728.19
2019;Misiones;Energía;1A. Quema de combustible;N2O;0.01;3.01
2019;Neuquén;Energía;1A. Quema de combustible;N2O;230.6;61108.88
2019;Río Negro;Energía;1A. Quema de combustible;N2O;25.18;6674.02
2019;Salta;Energía;1A. Quema de combustible;N2O;92.16;24421.38
2019;San Juan;Energía;1A. Quema de combustible;N2O;0.45;117.98
2019;San Luis;Energía;1A. Quema de combustible;N2O;0.07;19.5
2019;Santa Cruz;Energía;1A. Quema de combustible;N2O;2.36;625.59
2019;Santa Fe;Energía;1A. Quema de combustible;N2O;179.0;47435.01
2019;Santiago del Estero;Energía;1A. Quema de combustible;N2O;0.7;185.53
2019;Tucumán;Energía;1A. Quema de combustible;N2O;88.44;23436.65
2019;Tierra del Fuego, Antártida e Islas del Atlántico Sur;Energía;1A. Quema de combustible;N2O;1.51;400.64
2020;Jurisdiccion sin determinar;Energía;1A. Quema de combustible;N2O;12.25;3247.26
2020;Ciudad Autónoma de Buenos Aires;Energía;1A. Quema de combustible;N2O;235.53;62415.85
2020;Buenos Aires;Energía;1A. Quema de combustible;N2O;516.05;136754.44
2020;Catamarca;Energía;1A. Quema de combustible;N2O;0.0;0.76
2020;Córdoba;Energía;1A. Quema de combustible;N2O;71.56;18964.34
2020;Corrientes;Energía;1A. Quema de combustible;N2O;0.0;0.21
2020;Chaco;Energía;1A. Quema de combustible;N2O;0.0;1.2
2020;Chubut;Energía;1A. Quema de combustible;N2O;26.61;7052.07
2020;Entre Ríos;Energía;1A. Quema de combustible;N2O;0.04;11.62
2020;Formosa;Energía;1A. Quema de combustible;N2O;0.07;18.12
2020;Jujuy;Energía;1A. Quema de combustible;N2O;0.16;41.13
2020;La Pampa;Energía;1A. Quema de combustible;N2O;0.06;14.63
2020;La Rioja;Energía;1A. Quema de combustible;N2O;0.34;90.36
2020;Mendoza;Energía;1A. Quema de combustible;N2O;52.62;13945.24
2020;Misiones;Energía;1A. Quema de combustible;N2O;0.01;2.24
2020;Neuquén;Energía;1A. Quema de combustible;N2O;184.46;48882.92
2020;Río Negro;Energía;1A. Quema de combustible;N2O;26.63;7056.75
2020;Salta;Energía;1A. Quema de combustible;N2O;87.07;23072.46
2020;San Juan;Energía;1A. Quema de combustible;N2O;0.46;121.93
2020;San Luis;Energía;1A. Quema de combustible;N2O;0.06;15.29
2020;Santa Cruz;Energía;1A. Quema de combustible;N2O;1.44;380.9
2020;Santa Fe;Energía;1A. Quema de combustible;N2O;196.0;51940.76
2020;Santiago del Estero;Energía;1A. Quema de combustible;N2O;0.22;58.59
2020;Tucumán;Energía;1A. Quema de combustible;N2O;110.29;29226.26
2020;Tierra del Fuego, Antártida e Islas del Atlántico Sur;Energía;1A. Quema de combustible;N2O;1.49;395.29
2021;Jurisdiccion sin determinar;Energía;1A. Quema de combustible;N2O;12.68;3359.04
2021;Ciudad Autónoma de Buenos Aires;Energía;1A. Quema de combustible;N2O;201.28;53338.59
2021;Buenos Aires;Energía;1A. Quema de combustible;N2O;597.48;158332.8
2021;Catamarca;Energía;1A. Quema de combustible;N2O;0.01;2.86
2021;Córdoba;Energía;1A. Quema de combustible;N2O;71.73;19008.47
2021;Corrientes;Energía;1A. Quema de combustible;N2O;0.74;195.23
2021;Chaco;Energía;1A. Quema de combustible;N2O;0.02;5.97
2021;Chubut;Energía;1A. Quema de combustible;N2O;23.21;6150.11
2021;Entre Ríos;Energía;1A. Quema de combustible;N2O;0.03;7.19
2021;Formosa;Energía;1A. Quema de combustible;N2O;0.04;10.72
2021;Jujuy;Energía;1A. Quema de combustible;N2O;0.13;35.66
2021;La Pampa;Energía;1A. Quema de combustible;N2O;0.0;0.18
2021;La Rioja;Energía;1A. Quema de combustible;N2O;0.14;36.31
2021;Mendoza;Energía;1A. Quema de combustible;N2O;61.21;16220.07
2021;Misiones;Energía;1A. Quema de combustible;N2O;0.0;1.05
2021;Neuquén;Energía;1A. Quema de combustible;N2O;226.75;60087.72
2021;Río Negro;Energía;1A. Quema de combustible;N2O;26.29;6966.23
2021;Salta;Energía;1A. Quema de combustible;N2O;57.62;15269.37
2021;San Juan;Energía;1A. Quema de combustible;N2O;0.09;24.69
2021;San Luis;Energía;1A. Quema de combustible;N2O;0.08;22.05
2021;Santa Cruz;Energía;1A. Quema de combustible;N2O;1.48;392.07
2021;Santa Fe;Energía;1A. Quema de combustible;N2O;163.97;43452.84
2021;Santiago del Estero;Energía;1A. Quema de combustible;N2O;0.22;58.98
2021;Tucumán;Energía;1A. Quema de combustible;N2O;142.18;37676.66
2021;Tierra del Fuego, Antártida e Islas del Atlántico Sur;Energía;1A. Quema de combustible;N2O;1.46;386.22
2022;Jurisdiccion sin determinar;Energía;1A. Quema de combustible;N2O;13.45;3563.27
2022;Ciudad Autónoma de Buenos Aires;Energía;1A. Quema de combustible;N2O;206.89;54825.1
2022;Buenos Aires;Energía;1A. Quema de combustible;N2O;449.97;119242.77
2022;Catamarca;Energía;1A. Quema de combustible;N2O;0.0;0.01
2022;Córdoba;Energía;1A. Quema de combustible;N2O;57.72;15296.67
2022;Corrientes;Energía;1A. Quema de combustible;N2O;0.31;83.16
2022;Chaco;Energía;1A. Quema de combustible;N2O;0.01;2.0
2022;Chubut;Energía;1A. Quema de combustible;N2O;14.17;3756.35
2022;Entre Ríos;Energía;1A. Quema de combustible;N2O;0.09;23.51
2022;Formosa;Energía;1A. Quema de combustible;N2O;0.03;9.14
2022;Jujuy;Energía;1A. Quema de combustible;N2O;0.14;37.99
2022;La Pampa;Energía;1A. Quema de combustible;N2O;0.0;0.06
2022;La Rioja;Energía;1A. Quema de combustible;N2O;0.19;50.08
2022;Mendoza;Energía;1A. Quema de combustible;N2O;60.72;16091.18
2022;Misiones;Energía;1A. Quema de combustible;N2O;0.01;3.52
2022;Neuquén;Energía;1A. Quema de combustible;N2O;238.8;63281.55
2022;Río Negro;Energía;1A. Quema de combustible;N2O;25.08;6645.93
2022;Salta;Energía;1A. Quema de combustible;N2O;73.45;19463.78
2022;San Juan;Energía;1A. Quema de combustible;N2O;0.61;161.8
2022;San Luis;Energía;1A. Quema de combustible;N2O;0.08;21.78
2022;Santa Cruz;Energía;1A. Quema de combustible;N2O;1.72;454.74
2022;Santa Fe;Energía;1A. Quema de combustible;N2O;116.66;30913.61
2022;Santiago del Estero;Energía;1A. Quema de combustible;N2O;0.22;57.79
2022;Tucumán;Energía;1A. Quema de combustible;N2O;103.69;27478.57
2022;Tierra del Fuego, Antártida e Islas del Atlántico Sur;Energía;1A. Quema de combustible;N2O;1.37;361.95
